,X,Y,SPEED,CURVATURE
count,180.0,180.0,180.0,180.0
mean,-0.8925987571405972,0.1106235262989903,0.0131711149901153,24.576370416626084
std,0.16205210412941892,0.24851636282454606,0.005643564776338277,86.55378745135623
min,-1.0498733463586702,-0.30735336841200955,0.0013676561019970827,0.03104413097681694
25%,-0.9930230106950306,-0.13129188125671523,0.008730541090734217,3.3520585087553503
50%,-0.9555665172143412,0.14116196876018772,0.013494677010120679,7.31918876082654
75%,-0.8564388306239028,0.37131320009191265,0.01681881980577929,17.829011030203475
max,-0.33499793221439944,0.4439207691722783,0.027137450085973926,1076.7389690279726
