,X,Y,SPEED,CURVATURE,ARCLENGTH
count,180.0,180.0,180.0,180.0,180.0
mean,26.897021666666674,78.0356794444444,0.3769032980399497,1.6438471572632034,37.18166212427261
std,4.153893466023153,10.191270567986622,0.19344746113478675,7.403576027584025,18.276484664542462
min,17.2763,57.0685,0.020088927298389413,0.0005076018533148215,0.0
25%,24.93465,71.380925,0.228605947995402,0.04636188230959863,23.49990416156638
50%,26.290350000000004,82.2291,0.3670060206639051,0.15505729893935127,40.10860954562858
75%,30.65855,84.34535,0.49294478221378146,0.5126122246549842,53.62511319795149
max,32.4468,89.68560000000001,0.8319573216217279,86.29363901898476,67.39562168910025
