,X,Y,SPEED,CURVATURE
count,180.0,180.0,180.0,180.0
mean,1.346646699294642,0.10055530619392444,0.014626828762455323,20.597771676388813
std,0.2050239601209315,0.1779556983527487,0.007271488513079654,54.14130150165517
min,1.0756328487020186,-0.16528114621909767,0.0021992140994894164,0.032246094474925636
25%,1.1759999497164688,-0.035122639427473415,0.008977583859746181,2.627750480416716
50%,1.3148709398581995,0.058705447630484686,0.013649973156671238,5.668423029612417
75%,1.4587754192858073,0.2623122369290795,0.019416779007682395,17.042402610366466
max,1.7641171136746034,0.41217972723844665,0.03585718830984152,490.7064360757679
