,X,Y,SPEED,CURVATURE
count,420.0,420.0,420.0,420.0
mean,-1.248804064533541,-0.5037523765558323,0.007874200407521065,34.363922900498004
std,0.13061673758075154,0.3443247497902042,0.00446895388207837,101.54721391679517
min,-1.5296080567027845,-1.164412853302599,0.0005163820984223508,0.0009422593658916206
25%,-1.3039993273883355,-0.8236364219026632,0.004849367395473204,2.409305246664559
50%,-1.2391404712910457,-0.4096399099577211,0.007767120003557098,6.027250828019292
75%,-1.1943519560057205,-0.18424680137492483,0.010207557934783944,20.132147743113944
max,-0.9451005679862649,-0.10403214656480499,0.02321110271764255,1418.4452779281435
