,X,Y,SPEED,CURVATURE
count,180.0,180.0,180.0,180.0
mean,0.47759666728743483,0.9142611220826442,0.013981120265138794,26.793166514966792
std,0.20094550690843488,0.28513655803756843,0.0061114870131898785,85.3710095352081
min,0.14776709413701777,0.46126117167818537,0.002287414261111816,0.05450842991794385
25%,0.254311303251923,0.6801303867385398,0.009403521226362765,2.6283844558771188
50%,0.5557434675970211,0.9180793949991795,0.01424251886909977,5.855258050879867
75%,0.6335444561696245,1.156449200468327,0.01798566830218669,15.190629514279346
max,0.7921175173507616,1.4491443510958362,0.027612112972480903,951.2921847422198
