,X,Y,SPEED,CURVATURE
count,180.0,180.0,180.0,180.0
mean,-1.0240840650714131,0.7330710497513876,0.01209244968848634,55.8870533369223
std,0.20870503133266247,0.3673205550688245,0.00706275739440677,338.3443261141642
min,-1.323152909611673,0.3264360252235713,0.0007784339843754467,0.1429828236182199
25%,-1.2082673140849642,0.40778400601630327,0.006683585322273047,4.598211287200726
50%,-1.083819709029736,0.5942225959044318,0.011264866813313724,9.820776099979685
75%,-0.8186262303061178,1.151650039019986,0.015727949661148526,25.017176520556227
max,-0.6573443825241403,1.3360969298586427,0.030560808215602836,4410.103998421312
