,X,Y,SPEED,CURVATURE,ARCLENGTH
count,180.0,180.0,180.0,180.0,180.0
mean,4.29778777777778,20.05920722222222,0.2183466717207582,20.67251081951184,22.65517317211619
std,1.0192376322091115,5.444841664790656,0.13098107774602097,248.94252123039686,11.847015318779246
min,2.9592,8.6095,0.0030991934434624322,0.0009412469137793227,0.0
25%,3.315775,17.86915,0.1081326896991604,0.037235846991516504,13.164178420539653
50%,4.223050000000001,22.125100000000003,0.20550500591762783,0.13169623055951676,25.567610085613243
75%,4.8755250000000006,23.7973,0.31984984641781333,1.1007183474483755,32.49864896689437
max,6.4074,25.7344,0.5073239842546376,3340.8635149011598,39.11897133638366
