,X,Y,SPEED,CURVATURE,ARCLENGTH
count,180.0,180.0,180.0,180.0,180.0
mean,-1.7537761111111116,0.026831111111111108,0.006844254169532096,15.394240503881203,206.70047120274896
std,0.22273026559909262,0.1490529107393608,0.0025316469293575313,39.28254454491266,131.08386147402018
min,-2.1024000000000003,-0.1673,0.0014983324063771349,0.020594848892921555,0.0
25%,-1.9163999999999999,-0.10147500000000001,0.005171724262069261,1.0494135267115983,90.15988124466007
50%,-1.8024,-0.01645,0.007333734418008956,3.4918689736777733,200.63582781464174
75%,-1.63545,0.17555,0.00849878533669892,11.049161970227507,317.81943273060966
max,-1.2744,0.2785,0.011011925353906132,249.19518890433716,444.0512381979898
