,X,Y,SPEED,CURVATURE,ARCLENGTH
count,180.0,180.0,180.0,180.0,180.0
mean,-0.5840861111111116,1.3278927777777771,0.006318291136898033,18.477217604454648,0.5622621221121202
std,0.10222367946816399,0.18588841370505793,0.0025104062522523555,43.57477506053182,0.2825053873240767
min,-0.6694,1.1221,0.0011101801655587138,0.0779330294045204,0.0
25%,-0.6567500000000001,1.157675,0.004059753741151965,2.5788491481231812,0.3478300416724582
50%,-0.62495,1.2899,0.006631830052344687,6.119534746030035,0.5596088440869266
75%,-0.556325,1.47495,0.008299380588623211,14.562880984348459,0.7492856390570238
max,-0.2632,1.7038,0.011544695751729443,408.3543104516518,1.1288327080278604
