,X,Y,SPEED,CURVATURE
count,180.0,180.0,180.0,180.0
mean,0.9499519177990811,-1.0134425540152827,0.013168412303609855,16.72922835013927
std,0.12469686367102793,0.24899241791610682,0.0047843645015254515,21.890093716746552
min,0.7541555833545365,-1.492928540299914,0.004161590146376602,0.15863243262916107
25%,0.8367180430586638,-1.1418448120569176,0.009505092845281293,3.779541189791746
50%,0.9408562300363682,-1.0333295203534623,0.012535081453724933,9.427988337543319
75%,1.0531550784720398,-0.8878257868094557,0.01624507780152392,19.157465299220153
max,1.2450044597129124,-0.5204308854996383,0.028399150730939165,135.56430399942093
