,X,Y,SPEED,CURVATURE
count,180.0,180.0,180.0,180.0
mean,1.5183953234433636,-0.13525534522858876,0.010613089284102895,92.60746004836884
std,0.10908419479946262,0.3500180324996488,0.004734685752943973,531.264395839667
min,1.2441835700885213,-0.5829638671002721,0.0004296226851886328,0.061872731069641494
25%,1.4680824328843558,-0.48481547970183303,0.007181525339458068,4.680313714191906
50%,1.5429115949410113,-0.21183035897218006,0.010767186547739865,13.116450223710974
75%,1.58131888554861,0.2762836717304972,0.013277439919104956,34.733990967554156
max,1.7086234980440755,0.39457655158784644,0.022374919393005142,6709.763730159884
