,X,Y,SPEED,CURVATURE
count,420.0,420.0,420.0,420.0
mean,1.5821619788767618,-1.1743685381063256,0.009321316198841014,12.895788165704406
std,0.2300024013654991,0.32936668658509655,0.005414509752444168,25.290040953258814
min,1.1717260933032323,-1.696938066079309,0.0014391150452826575,0.015511069744597776
25%,1.360623425894152,-1.40719222098206,0.0057524976131686206,1.2035127451724947
50%,1.650298189720382,-1.2116731758295884,0.008277881973999798,3.3187867424589994
75%,1.776171370748574,-0.9806061822082655,0.01065253562381901,10.307613712197131
max,1.9117954966961683,-0.5221165798630459,0.026116328957819897,159.28673025455632
