,X,Y,SPEED,CURVATURE
count,180.0,180.0,180.0,180.0
mean,-0.9754977762998782,-0.8468332564690486,0.013606210255009223,18.3917138566865
std,0.22972693128322183,0.24406852484722727,0.006282227572631429,43.21445858351329
min,-1.3434216196845579,-1.1905709521413053,0.0017797700078819579,0.05637091987867953
25%,-1.1736893106033497,-1.095182192801002,0.009069115571657044,2.9658504366015688
50%,-0.924388382509499,-0.8408207456752076,0.012517393857160457,6.5174027865746025
75%,-0.8134314357394306,-0.5888061911586957,0.017460623824051683,14.072933678597934
max,-0.5622908932585724,-0.5315387187529212,0.027744685247383875,333.77119300795994
