,X,Y,SPEED,CURVATURE,ARCLENGTH
count,180.0,180.0,180.0,180.0,180.0
mean,69.8376216666667,23.647043888888888,0.34706744068280626,0.9024282723843393,29.414173759987044
std,9.021773090585882,2.504946285202571,0.19202641943493995,6.447894927661374,19.295214683718406
min,54.7785,19.677200000000003,0.005408326913196189,4.874819999236129e-05,0.0
25%,61.83305,22.174750000000003,0.2247560743123744,0.03120155682175861,13.799582258273837
50%,72.19695,23.177500000000002,0.31460312773243915,0.09520047941639365,25.967813125403424
75%,77.660575,25.124274999999997,0.41536842319165745,0.27833265670256996,46.112653472149226
max,82.69200000000001,28.5398,0.8954989251808193,84.62733762924891,62.20450592540756
