,X,Y,SPEED,CURVATURE
count,180.0,180.0,180.0,180.0
mean,1.181706943238293,0.1696034050230552,0.010366849676425413,49.18117190438079
std,0.1705429221372542,0.116368772570948,0.004909058558225161,167.28034466935705
min,0.7886143770735626,-0.0033339402501417347,0.001310121998093682,0.08000289910243825
25%,1.0645321357930582,0.09390141077758192,0.0059321415145244406,4.866886170065081
50%,1.1432715496031438,0.1535963081437411,0.010518235067038136,11.745558030784121
75%,1.3751259224608374,0.19459035494705024,0.01408116380128299,34.8750110417121
max,1.4327119101654613,0.44994010373086996,0.020962314377225115,2074.018366838788
