,X,Y,SPEED,CURVATURE
count,180.0,180.0,180.0,180.0
mean,-0.5177094621634959,-0.18528659030163205,0.008706061182784134,79.33864149860422
std,0.0893853131584957,0.21051095964681402,0.0038465717870392727,346.4366838995693
min,-0.7356447384661677,-0.45214929662029285,0.0008498801121898291,0.33278174622547435
25%,-0.5740304413148133,-0.35425905987505657,0.00531033739895867,6.783787259511362
50%,-0.5125567134893141,-0.28094982253196726,0.008653369556546954,16.6046011209323
75%,-0.4545477675522321,0.04395982483784493,0.011285436349727557,47.46527115074905
max,-0.35459108329519307,0.19413281092186033,0.017429905054092865,4502.793729733397
