,X,Y,SPEED,CURVATURE
count,180.0,180.0,180.0,180.0
mean,2.006950945651262,-0.12229981251584407,0.012437171629022184,44.45845848185158
std,0.31164830390022824,0.14407322168962078,0.005903434067932713,134.98843772392715
min,1.6236987262035631,-0.4511487306710034,0.001557002279860391,0.030801386810900253
25%,1.7023031459846896,-0.18270093717619737,0.00810227808668396,4.619444887905587
50%,1.9312967172996744,-0.10439696211937577,0.012335085145745573,9.226585402570265
75%,2.3301819833744,-0.031576445760798676,0.016387385895403218,25.569410414953136
max,2.512230353870656,0.08571499252757646,0.02585724241784666,1368.2519244808018
