,X,Y,SPEED,CURVATURE
count,180.0,180.0,180.0,180.0
mean,0.39316761691615143,0.17370383539655312,0.013266003335615026,28.27663808306706
std,0.16055935348956174,0.27200663292961086,0.006659582011155195,65.64748701659641
min,-0.0520790102763158,-0.285970447169333,0.0008449862165054801,0.005750790265634102
25%,0.2944152945125293,-0.12277951326828329,0.008117596489386845,2.661308026014256
50%,0.41267500719830785,0.26328299819677725,0.012712263723178744,6.314259335396917
75%,0.5480210642644492,0.42040088202641,0.01791910720104282,22.445330612818317
max,0.6012965660432004,0.5155982305046877,0.02949866817122134,568.3893044655207
