,X,Y,SPEED,CURVATURE
count,180.0,180.0,180.0,180.0
mean,0.6706918430352353,-0.8534092055317465,0.011261655847139453,56.59544545238341
std,0.2840937367545151,0.11802869230302537,0.006050260154649869,158.56692730348905
min,0.071792627794538,-1.0774011730973758,0.0013085231169936355,0.003985793815503129
25%,0.5230833623891389,-0.9387364768883929,0.005887592311477214,4.139567839278725
50%,0.7858793542956368,-0.8541291335923048,0.01082458756659328,11.730457649815865
75%,0.8813531323407752,-0.7534748738629673,0.0165577798642408,35.95944765317331
max,0.9320229264556353,-0.6111052488493431,0.02331395500591668,1216.0723745598211
