,X,Y,SPEED,CURVATURE
count,180.0,180.0,180.0,180.0
mean,-0.3669331444879978,0.11479211676881632,0.010367666516446727,55.102550810996235
std,0.23319160582509987,0.16724912215098184,0.004841669189366596,185.60922447094322
min,-0.8922418839566311,-0.21385436922584253,0.0009495088525353325,0.02454176826802667
25%,-0.5123399417627115,-0.07103784205991082,0.0069098385219372675,5.395758699310288
50%,-0.2668002716700688,0.14047903710767726,0.009419692841650684,13.376936080182547
75%,-0.16474372201444107,0.25309790436575375,0.013394223054957296,28.32855407281133
max,-0.027914964949475398,0.3619339859634705,0.023402966801085088,1850.68455656486
