,X,Y,SPEED,CURVATURE,ARCLENGTH
count,180.0,180.0,180.0,180.0,180.0
mean,0.19281000000000006,0.09217333333333336,0.006045226198249835,22.021191059108446,36.462773977960744
std,0.16974960662611463,0.17356171397707282,0.0028875655577059534,45.20100399816648,15.761802700747909
min,-0.0275,-0.1411,0.0008381527307120324,0.004727648011483696,0.0
25%,0.021249999999999998,-0.07395,0.00362689516781301,2.537718082721372,25.589754579898262
50%,0.17725000000000002,0.0752,0.005696203602206238,6.020276885935152,43.98663617575905
75%,0.362925,0.24112500000000003,0.0091358714521152,19.592940134482337,49.501252142533204
max,0.43060000000000004,0.4131,0.011662868429335907,300.18768278344413,50.749789457646024
