,X,Y,SPEED,CURVATURE
count,420.0,420.0,420.0,420.0
mean,-1.0343569075724655,-0.5247507819068582,0.010251287177507019,6.6746099710038616
std,0.26396545596125615,0.3478389615007531,0.004436468704955441,8.694579856077667
min,-1.398471161307264,-1.1217329671906986,0.0017451252714498888,0.001810231868332674
25%,-1.2804186728434415,-0.7443082205919131,0.0071591788711276895,2.015618428482588
50%,-1.0681918039162173,-0.5139764855451192,0.009898797491033255,3.828435457339957
75%,-0.8670657675508638,-0.2668253886661863,0.01296835963683569,7.633847843843323
max,-0.4902243699979878,0.039733245800577466,0.019332935356356006,56.80236631637976
