,X,Y,SPEED,CURVATURE,ARCLENGTH
count,180.0,180.0,180.0,180.0,180.0
mean,54.55969333333334,59.910685555555546,0.7581873875453685,0.7395488852939763,66.90806427920079
std,25.535241932433074,9.347988309063206,0.32532726282777474,5.684573043294092,43.08588178956479
min,8.1587,44.5795,0.04207065485584833,7.32864901346514e-05,0.0
25%,29.36645,50.678775,0.5251435333431815,0.023741538183901782,23.81780938416427
50%,64.95570000000001,63.472500000000004,0.765465548403523,0.05707997503404147,60.947900632831704
75%,74.28767500000001,68.37615000000001,0.9543318761577908,0.12981827209004307,108.81730169301231
max,87.608,71.2538,1.5851140337527774,71.38193737710505,136.10401653546114
