,X,Y,SPEED,CURVATURE
count,180.0,180.0,180.0,180.0
mean,-1.3871618326926687,-1.0554263504384496,0.011962342471417961,34.606548735410264
std,0.4389078685318518,0.1966117249352158,0.005037906516804894,79.5438033866769
min,-2.2974143516346697,-1.3758924168564928,0.0017174033209091935,0.049052600509906855
25%,-1.672090415232158,-1.2173326994620297,0.008223592599846282,3.7811779123423706
50%,-1.2587949532999476,-1.059048697625875,0.01162824568860686,9.285349328757924
75%,-0.9742868974045817,-0.8941375379628229,0.015535850912843867,28.030425562375353
max,-0.8541278075748316,-0.6411035492398567,0.022221501131024165,553.0809261025654
