,X,Y,SPEED,CURVATURE
count,180.0,180.0,180.0,180.0
mean,-0.46449655688440306,-1.0837680061577508,0.01546336216430192,19.968772087658788
std,0.3309773317208201,0.29739457653811385,0.006426226632893002,70.06758488963565
min,-0.8987037054173229,-1.5936026949018292,0.0011163115929113245,0.07779238847904489
25%,-0.7764637350473458,-1.3201198210055192,0.01130810477035428,2.2062449950872276
50%,-0.5578638231038034,-1.0712802278037845,0.015100451120899527,5.306870207254642
75%,-0.13612146978786122,-0.9136632831878055,0.02023171022250061,13.653608023494415
max,0.16066388882604168,-0.5791102093052913,0.02958751866423207,665.0046258074804
