,X,Y,SPEED,CURVATURE
count,180.0,180.0,180.0,180.0
mean,-0.15772061105953689,1.1612672024046777,0.012511856724015552,43.816527069766636
std,0.23900207603954726,0.17289618555756536,0.005604908108393181,234.30153877368176
min,-0.4982880082757623,0.8509524770258523,0.0009781225211629825,0.05355279275128266
25%,-0.3416099671201526,1.018450964505991,0.009012150259542995,2.74280325323692
50%,-0.18482338086211164,1.1671021219769004,0.012249438046194286,7.854899957449889
75%,0.03862007352103691,1.271609464805114,0.015561395233916739,20.104713190486056
max,0.21987931994111015,1.4523658832334654,0.025380393518545076,3025.7945897496775
