,X,Y,SPEED,CURVATURE
count,180.0,180.0,180.0,180.0
mean,-1.370950838490308,0.3860811547085571,0.010875629184816755,42.19229732132067
std,0.13728949815251293,0.21303663109649054,0.005695932239395731,88.8310023835172
min,-1.6304913970021353,0.017644473670801464,0.0014094263080075453,0.1812902176042347
25%,-1.457550750009828,0.26456123090605854,0.006620206959804212,5.684857626289584
50%,-1.3919023777066637,0.3384691374906758,0.009593513095822001,13.942896999738288
75%,-1.2198816753134343,0.5989464495416421,0.01439804934077224,34.80224497852991
max,-1.1776602954954467,0.7201378497669959,0.026941727402134193,615.4831064837452
