,X,Y,SPEED,CURVATURE
count,180.0,180.0,180.0,180.0
mean,-2.3115606992649997,1.0257126753091244,0.011223635810235933,41.79765675206819
std,0.15283179091401822,0.10590828038668096,0.005500445311969137,107.38162422965708
min,-2.6441679331241543,0.8181332269003749,0.0011514713717998917,0.07601820205229244
25%,-2.379391954110561,0.931730807173577,0.006841374315545579,3.5290225485589426
50%,-2.315544680058163,1.0526863276365335,0.010828101828982181,10.108369975109799
75%,-2.191341574047243,1.1045762560270203,0.014968611005453221,28.391226338953263
max,-2.0788568257831472,1.2750417518978259,0.027633236541128883,1015.2050210665635
