,X,Y,SPEED,CURVATURE,ARCLENGTH
count,180.0,180.0,180.0,180.0,180.0
mean,27.373634444444445,27.18036055555556,0.46164061272622,0.5156829132505358,38.61897856951462
std,9.841787017577936,6.864831507349716,0.2566897436836628,1.493828924534871,20.651278750129702
min,12.6135,20.5597,0.05965310134435599,0.0007679130467331779,0.0
25%,16.9944,23.940525000000004,0.2285392465412524,0.022305191895315407,23.733390093972332
50%,30.15275,24.7517,0.4254928952809338,0.08397134944316675,37.697252056262215
75%,34.877449999999996,25.8839,0.6835183631519008,0.24453850921564177,51.52704895316731
max,43.066500000000005,49.962700000000005,0.9933285773096421,13.854562121034638,82.72632468097152
