,X,Y,SPEED,CURVATURE
count,180.0,180.0,180.0,180.0
mean,-0.8466317527489494,0.0834081659695779,0.010600776362264544,84.35341068157324
std,0.3322763119648699,0.19760350187269368,0.00537200405086128,348.30530686597604
min,-1.5368475373230424,-0.15929338440614402,0.000836719936831512,0.33089360669711865
25%,-1.0370333976013044,-0.0538126542937373,0.006595326606862024,5.133312372245697
50%,-0.7761315747352037,0.00275864921608354,0.0098632450182691,13.060730160776615
75%,-0.5499293487968473,0.24368771364704336,0.015376874497630371,29.92096820864019
max,-0.4436022227104659,0.5883571868975942,0.022291676829478517,3909.7347327922043
