,X,Y,SPEED,CURVATURE
count,180.0,180.0,180.0,180.0
mean,-1.1837787031522362,-0.5045078522197514,0.013740466453955056,24.547226256531115
std,0.3572964418466346,0.1283098441891361,0.005437310885250526,96.45977471298883
min,-1.680566214177992,-0.7592947467277458,0.0014188176045670904,0.027555285609374824
25%,-1.540396072164496,-0.5850203195777616,0.010193998099247526,3.2702670966135363
50%,-1.2216697456440118,-0.5061363759047585,0.013364071963080338,9.284311966709964
75%,-0.8124192184922286,-0.4246674542428407,0.01715424731116874,17.01100304765804
max,-0.6106700478005058,-0.24905668983581877,0.027898049588937136,1253.344601643176
