,X,Y,SPEED,CURVATURE
count,180.0,180.0,180.0,180.0
mean,1.7568283023296956,-1.5783339375893384,0.012165293312294798,49.19289214812022
std,0.18005233931911796,0.36309605548663954,0.005157206568252675,224.06937549599326
min,1.4667480653962135,-2.144755727602657,0.0006620817617148726,0.029847160906846835
25%,1.6006302678183657,-1.988061428272977,0.00843005035395333,4.091117443995422
50%,1.747055581795622,-1.490151344503091,0.011888616543578964,9.112020454627142
75%,1.9566762907177173,-1.295464754406252,0.01549507729247446,25.473520372315896
max,2.020031128182742,-1.0633393737491663,0.025312240923025607,2502.0623601247376
