,X,Y,SPEED,CURVATURE
count,180.0,180.0,180.0,180.0
mean,1.6896707757729827,0.8381105787971194,0.01369202952833195,34.589896893254796
std,0.2285637741012088,0.2169940899627198,0.006066100351448438,123.04874747466886
min,1.271993834739398,0.45488255432350005,0.000799602771539656,0.05597306107372222
25%,1.4821993994438873,0.7078372913195212,0.009224264713472478,2.5126321151271815
50%,1.6843924730076714,0.8201647211677185,0.0143083824199261,7.602352411223325
75%,1.919902119741267,0.9943656616541461,0.018038829216438398,20.873647376321372
max,2.0319117068794577,1.2510691725576497,0.028710820983521627,1450.7567223414758
