,X,Y,SPEED,CURVATURE
count,180.0,180.0,180.0,180.0
mean,0.626668967497101,-0.3558871011775613,0.0123305844804704,50.55445531004467
std,0.28040547531647664,0.10575418947291425,0.006797245547871469,150.84186182925075
min,0.3444039507621941,-0.4687743711289411,0.0010242741660885504,0.00490294622958072
25%,0.4278959184221068,-0.4350817088612632,0.0073552827327186664,3.09211734593868
50%,0.5446589654151963,-0.40272913700998203,0.01102404513848362,9.19064086460892
75%,0.6925416858214439,-0.2926687320734226,0.016693376815521133,27.814687874296762
max,1.416364309012879,-0.09987311708856304,0.03154690599151573,1410.2973920475627
