,X,Y,SPEED,CURVATURE
count,180.0,180.0,180.0,180.0
mean,-0.7894505582016349,-0.7100528846352525,0.011341109463784598,43.62186946746894
std,0.11347759465184946,0.2817506212998213,0.0053533866382481435,132.03585764014016
min,-1.0111678793393957,-1.211627827128865,0.001407464134639534,0.0450053430643837
25%,-0.8379593759283465,-0.9200855887460243,0.007226914234754052,4.139253792052841
50%,-0.7624497113876054,-0.6740168860389315,0.01108941767731686,11.761412917641918
75%,-0.7302877540646338,-0.48122915554950046,0.015044178772568025,27.668391847714854
max,-0.5742197417079009,-0.2907518206208595,0.024207750876840833,1307.3222708657192
