,X,Y,SPEED,CURVATURE
count,180.0,180.0,180.0,180.0
mean,0.8232451226299512,0.46840229521304877,0.010316653796944509,45.17381861297278
std,0.32840942236349746,0.13866294532475865,0.004852665972769408,109.85367518260121
min,0.41537555713823643,0.2580318600649449,0.0012252217252909977,0.004865748966722108
25%,0.5374597349072294,0.3416350890358773,0.006261646939231763,4.242853818820789
50%,0.7233480865551871,0.4708469578959813,0.010384831005962082,10.483052721207535
75%,1.1577993836523324,0.5751060637630208,0.014661998810357072,39.008249993185174
max,1.3462205203798119,0.7218925954147395,0.02033163852977132,778.1603713213992
