,X,Y,SPEED,CURVATURE
count,180.0,180.0,180.0,180.0
mean,0.23524632238529006,0.7715948991205777,0.010606834386992413,103.49010203513554
std,0.20895576127261115,0.15428554316782508,0.006221192945775154,492.310555812369
min,-0.21684224858346007,0.5593588347348212,0.0005892003851413548,0.01335582867060681
25%,0.08186655868351575,0.5992716261292346,0.00538617676530812,3.3813077908343523
50%,0.32568599390454794,0.8188250035647554,0.010272552218991026,13.954740272290692
75%,0.35766693543175904,0.8727766505460908,0.01387712557254903,36.81584840451059
max,0.5352895816827435,1.1025979317335095,0.027989420347193473,5846.651670055221
