,X,Y,SPEED,CURVATURE
count,180.0,180.0,180.0,180.0
mean,0.08753253662878348,-0.563013456014765,0.011522116239360463,114.29997329484371
std,0.1438598712952167,0.27235545776596387,0.005985541233279751,796.0478526953966
min,-0.14469372517586487,-1.0550095192049949,0.0003621295413880798,0.025353059495721548
25%,-0.027491709710503676,-0.7634783672424552,0.006973626854123705,4.009433645653522
50%,0.09282779094825444,-0.5221910839220023,0.010232515497700014,10.349714434476677
75%,0.16943154339909458,-0.3212012444630302,0.015916041562004716,30.30805069588925
max,0.36902289067497074,-0.16481995644247602,0.024909088091802322,9680.520756639155
