,X,Y,SPEED,CURVATURE
count,420.0,420.0,420.0,420.0
mean,-0.04176644064821241,0.5452516081699376,0.008415686429253541,38.24344433447642
std,0.39005212616683743,0.18316630223380165,0.005435562817527075,229.89481696023287
min,-0.5717327962378399,0.2782633048450907,0.00031938078143381904,0.020228468292375776
25%,-0.44651359242894717,0.39315854091265984,0.0036266179710372944,1.730477960158595
50%,-0.0907898846946962,0.492275152406383,0.007421290732731133,6.029593748978209
75%,0.27171106667606476,0.7293562060596583,0.01172503376749122,30.398395957603523
max,0.5531547306050991,0.8255702662807534,0.021411016500865628,4298.631108737698
