,X,Y,SPEED,CURVATURE,ARCLENGTH
count,180.0,180.0,180.0,180.0,180.0
mean,0.35606166666666667,-0.1625616666666667,0.005203486608250462,12.191939561867704,28.123142520846173
std,0.2620854854941494,0.08809010703876204,0.0018909493066782941,31.690831091453862,28.372089607086075
min,-0.044000000000000004,-0.28200000000000003,0.00044721359549997075,0.03561911527581483,0.0
25%,0.109775,-0.25095,0.0040486874208078266,2.2951566493055653,2.7025253006958905
50%,0.3743,-0.1411,0.005076539102310512,4.690315610095715,17.921553408941197
75%,0.643125,-0.12297500000000001,0.00667523294703646,10.028905393912249,48.62450846176368
max,0.7104,0.030100000000000002,0.008478354793236734,335.41019662494335,92.0291207336518
