,X,Y,SPEED,CURVATURE
count,180.0,180.0,180.0,180.0
mean,0.028028124637849757,1.2966609778714449,0.010823253392660106,79.7264414970804
std,0.1995201725430454,0.10751362603603477,0.005330774673904086,534.1806332615397
min,-0.3110453360481901,0.9491966211112876,0.0007811560915412884,0.1542860769527418
25%,-0.1533348888396392,1.2325559751493151,0.006555054707810223,3.930710242972633
50%,0.0540650817757901,1.3201676897449603,0.010815827291379792,10.242704312824275
75%,0.19636151182139175,1.374679292749943,0.014820932710057891,26.359146495789027
max,0.3155776056729344,1.4674081855692878,0.025263911707798802,7090.775186900844
