,X,Y,SPEED,CURVATURE
count,180.0,180.0,180.0,180.0
mean,0.4620364998206036,0.12320661915994378,0.01334382619505067,36.778072197352294
std,0.08458127274914838,0.4774902221679596,0.005700930913577525,161.59663285618325
min,0.30443471878315026,-0.6485863382741014,0.0015848232644113773,0.11581468837770045
25%,0.3961583169727674,-0.30429717146453766,0.009488015461018087,2.905288716269461
50%,0.4641367064324967,0.16319838852479657,0.012899062119583665,8.024759593166724
75%,0.5098825726173288,0.598417307493295,0.017145174438235853,21.6545851952375
max,0.6719707721420118,0.7667305591972476,0.02756539026005693,2078.6931017386296
