,X,Y,SPEED,CURVATURE
count,180.0,180.0,180.0,180.0
mean,0.5084184969272729,-0.10592603864682862,0.011588051171768117,56.65573960880278
std,0.19473661902058256,0.22650011899391181,0.005405688105368595,292.5053935556359
min,0.2337870351085206,-0.6423809639695073,0.0008930056311686936,0.03267484413945249
25%,0.3629951447055512,-0.20235809718079603,0.00747745107456298,3.4361898397848316
50%,0.4913592841271401,-0.033561962241728666,0.011430304716084808,8.389310747938424
75%,0.6402240625911829,0.08402802943377294,0.015167663094108453,20.83982927258458
max,0.9026010336016516,0.12281063162059902,0.024743834538992437,3345.022177070011
