,X,Y,SPEED,CURVATURE
count,180.0,180.0,180.0,180.0
mean,0.8159556066610236,1.097019619864592,0.009956128514544384,371.8555275685533
std,0.2146723975952625,0.11205471842603573,0.0053478345991695994,4374.468501595383
min,0.5579667814438776,0.8307936635967438,0.0002274491100195567,0.043395962603681365
25%,0.6138145321749333,1.0492963199224792,0.005836759456478383,5.033096976137081
50%,0.6846251109471438,1.126629297519568,0.009066205137543418,12.474895549809323
75%,1.041964825072386,1.1744071608812177,0.013534274212978897,38.454679485186304
max,1.129132715422663,1.262215330561168,0.02444111332698051,58716.76305475914
