,X,Y,SPEED,CURVATURE,ARCLENGTH
count,180.0,180.0,180.0,180.0,180.0
mean,68.51927000000002,20.230172222222222,0.22703844846707508,0.7822506362063533,20.66205932105883
std,3.3241567802625314,3.1376663392627537,0.08808199535677057,1.4332078613588797,11.444393737336291
min,63.048300000000005,13.570500000000001,0.05191216138825418,0.00046985392927317187,0.0
25%,65.399125,18.543000000000003,0.1520708938499033,0.12354140051127399,11.565931529359474
50%,68.6464,20.175800000000002,0.24758682038072397,0.27613334257934086,19.504114790636063
75%,71.24407500000001,22.903450000000003,0.2827016712334722,0.6632161572907711,29.912931686700905
max,74.60860000000001,25.0604,0.42081459694264306,10.452197646014886,40.75354063786055
