,X,Y,SPEED,CURVATURE
count,180.0,180.0,180.0,180.0
mean,-1.5125319864721172,-1.3964861180682373,0.010690771307766953,43.58180069992834
std,0.36452536512638073,0.29581959146853043,0.00492378005067437,122.96755464336559
min,-2.1170100704829125,-1.8674020977143544,0.0014465008682384211,0.07943597225148931
25%,-1.8637120179931619,-1.7382755150733367,0.007319257542367767,5.297537439803721
50%,-1.4418543572108398,-1.2634985324488528,0.010042659107339195,11.3556683104335
75%,-1.1942833555620265,-1.1653993601220656,0.01421047048657637,29.03272049343793
max,-0.948160519645622,-0.9966573542131775,0.02246956171401198,1069.55919599829
