,X,Y,SPEED,CURVATURE
count,180.0,180.0,180.0,180.0
mean,-0.4187533746282481,0.1402602804850512,0.01183222747749223,34.37387458261293
std,0.22605070508870867,0.1898725574503493,0.005243965530623059,91.67151812894242
min,-0.8049589214511988,-0.1468819357966463,0.001299483281386425,0.0652551588746063
25%,-0.6103669889027259,-0.051189241664431534,0.00792248771173493,4.6412656552741876
50%,-0.36143935777319874,0.19886513699971328,0.011791118680017077,9.767037379507977
75%,-0.21699112898518338,0.3005852616679739,0.015351547250224846,23.56866928780918
max,-0.13821720581084285,0.4180364033900505,0.02384400782510461,763.8470244448253
