,X,Y,SPEED,CURVATURE
count,180.0,180.0,180.0,180.0
mean,-0.05670502138763219,0.46588318045621235,0.010547336444848222,42.00520584497852
std,0.1079288331934655,0.11884699516672328,0.005476996911477851,119.74181242327302
min,-0.24099906123497997,0.21334111968532193,0.002021592935864171,0.08634065239788634
25%,-0.13903514175394505,0.4011651740192612,0.006493870348256199,3.9056207022214817
50%,-0.04423463645548872,0.4518427177939022,0.009388322093344288,12.394356473892621
75%,0.013121413343365416,0.5576195097312171,0.013095362147096242,29.50234056174476
max,0.1546508052454372,0.6654165168957699,0.023672982390754223,1294.5263373094992
