,X,Y,SPEED,CURVATURE
count,180.0,180.0,180.0,180.0
mean,-0.23893222553645516,-0.26336124154233825,0.01177430652762371,28.815171987710215
std,0.20727985686555897,0.2312286093304288,0.005375579504702299,108.51353932230676
min,-0.6426947185741863,-0.6252707782857537,0.001588240700716349,0.00998482928443051
25%,-0.3912600963609228,-0.46729349830602046,0.007318961750358319,3.403740652295531
50%,-0.1995706260646457,-0.24827436392196223,0.01083983579696296,9.99464736699898
75%,-0.05154990201517775,-0.0631401568494114,0.01538884557010452,24.053833761881037
max,0.0358985530326094,0.08870745296392445,0.02655951485711623,1419.2616939187592
