,X,Y,SPEED,CURVATURE
count,180.0,180.0,180.0,180.0
mean,0.06831001178337431,0.9599866522001086,0.013560706389144427,41.65757683209882
std,0.25174856435985543,0.3326434324498774,0.007135772027961572,140.01021347771
min,-0.3605561986193394,0.4414864112323438,0.001541432543878663,0.1381160661459116
25%,-0.15207443887869934,0.6863192536662623,0.007422629757716494,3.0218314994181754
50%,0.07125869953494088,1.0044242278417328,0.012998439535471997,7.740909893535571
75%,0.29951628903756405,1.2479482656389231,0.019581299450128875,23.063067725254882
max,0.552028684848133,1.4479568395974642,0.029869699424632388,1319.0350732076236
