,X,Y,SPEED,CURVATURE
count,180.0,180.0,180.0,180.0
mean,-0.3765885049633866,-1.1593135942510435,0.015455281225013698,40.019546738639974
std,0.18601220667803328,0.6418973690694602,0.007734575425812138,168.6221655509727
min,-0.7952228027216104,-1.76915152269042,0.0006434258634482108,0.08833644616901955
25%,-0.47844779112243585,-1.7069366774376495,0.00945614906892421,2.014861730481451
50%,-0.35590444781009684,-1.4569256080223374,0.015214181963043964,5.178883176133833
75%,-0.24168675650469623,-0.5722653375821748,0.020328996988944022,15.202906387956606
max,-0.07146753162902117,0.1463633980487303,0.037803000073902096,1570.7515390358544
