,X,Y,SPEED,CURVATURE,ARCLENGTH
count,180.0,180.0,180.0,180.0,180.0
mean,-13.61773222222222,42.52003277777776,0.1593423214953492,0.3952670872877803,13.808388288680202
std,5.67874031214764,3.4947001423117556,0.05452550909780571,0.7312480922394876,8.350170965510467
min,-20.3899,37.8864,0.04529980684285632,0.0006384789764025007,0.0
25%,-18.697225000000003,38.81275,0.13184634314855875,0.041955666555615515,6.7070169709435925
50%,-14.86875,42.91075000000001,0.16691071205395022,0.14510548523888728,12.789526383775176
75%,-9.136050000000001,45.8292,0.19659684158921287,0.4392743100257268,21.077346592945737
max,-2.3677,46.9944,0.26174007144493566,5.537590918946938,28.550314079536804
