,X,Y,SPEED,CURVATURE
count,180.0,180.0,180.0,180.0
mean,0.9222886484982245,0.6286418787385414,0.009926606775116358,44.471192081058376
std,0.12679468212156544,0.22621047414734563,0.004410743126944222,139.95603095093387
min,0.6949852179335766,0.21534956455455806,0.0009905481341489098,0.061586040222492734
25%,0.8329647856809715,0.4848276910542652,0.006355946072074941,5.482599447098615
50%,0.9023031354565889,0.6431262540611409,0.009833277508544699,17.19925701771185
75%,1.0401771318241928,0.8133438926392799,0.013463042505030824,33.2104128194588
max,1.1201346205051297,0.964739779779024,0.019865423176508936,1649.213759857796
