,X,Y,SPEED,CURVATURE
count,420.0,420.0,420.0,420.0
mean,0.9022365989518176,-0.9654168662299362,0.01282155159954877,14.704258933393623
std,0.28859014323111326,0.4127249865625292,0.007706240893204591,96.61922196445796
min,0.3561867406978485,-1.8318988871570563,0.00070341447684886,0.01110555147638543
25%,0.6963992757662195,-1.2375700995964096,0.007112865292216527,0.6159118404283721
50%,0.9539395295296873,-0.8257479451174596,0.010118556029839042,2.469349708081605
75%,1.1114232055924944,-0.6478384962603339,0.017555783047241844,5.852087777555024
max,1.3897722324153496,-0.41241993486933576,0.0293492496268141,1662.448030588811
