,X,Y,SPEED,CURVATURE
count,180.0,180.0,180.0,180.0
mean,2.710066885408495,-0.1606514544997146,0.011472965380586123,72.84456802475644
std,0.21803277345894762,0.09111911368725649,0.005684210421725043,489.5285973746891
min,2.2350606771630255,-0.3236695379393172,0.0008589932201538638,0.15917150422878976
25%,2.551899495405828,-0.23740569238245618,0.006828540028813163,3.8936006338312703
50%,2.680744293230372,-0.1828113163911136,0.011168859116719176,10.638134386331423
75%,2.902051996884355,-0.07562984186997762,0.015528178898166097,29.185789791432146
max,3.1066164682566595,0.007576319567664508,0.02358179058773161,6501.251051026046
