,X,Y,SPEED,CURVATURE
count,420.0,420.0,420.0,420.0
mean,-0.9507138538790524,1.2409059652006,0.010019621290492504,14.285351724815357
std,0.29139766392624494,0.3491438795340262,0.004390479973465036,48.15101486058326
min,-1.3809276820248866,0.7726153550177589,0.0013123791763432438,0.005307437342561558
25%,-1.1799151380278614,0.9109945629265458,0.0066471712514347085,1.2265310188756642
50%,-1.01152523588881,1.2486449780673365,0.009984538155688049,2.4216260193612937
75%,-0.7482552207362714,1.5579166365405077,0.013144727201787075,6.780463989173599
max,-0.41432108375012733,1.90405609367626,0.021591456218813893,453.4002030002943
