,X,Y,SPEED,CURVATURE
count,420.0,420.0,420.0,420.0
mean,-1.967657702303499,1.1062115458827655,0.01105643490102814,17.65684744046413
std,0.2632462968556111,0.3475887808429194,0.00457850252434902,71.70270907503877
min,-2.463032270577771,0.2636018131247707,0.0009218303577014408,0.031670072723162516
25%,-2.141214839921914,0.9612471926663013,0.007521446034769867,1.7551881635078146
50%,-1.9334528923252043,1.2090667628848126,0.011826034435126129,3.646380484367457
75%,-1.823386311452586,1.3218639819032072,0.014769454013481278,7.5230805753555785
max,-1.536277301967713,1.5573006003772685,0.019262742410640913,760.8454372385465
