,X,Y,SPEED,CURVATURE
count,180.0,180.0,180.0,180.0
mean,-0.09352011784029785,0.09010493892954814,0.011094874545828257,125.50410247466321
std,0.05961004980528108,0.23254482036577837,0.005341446566511478,1134.6955947275299
min,-0.17794824923186317,-0.1898088345127575,0.00039914133335955767,0.030584462311275925
25%,-0.14142629121260106,-0.12568426446424485,0.006942027704172648,4.865736153721079
50%,-0.1106165868350098,0.07207155156989711,0.010514378551777843,10.878828081797927
75%,-0.04517802084548975,0.17361861922271934,0.015961407959978177,24.112149041330323
max,0.022014736022537024,0.5937053258124589,0.02623305201647584,15181.180030001637
