,X,Y,SPEED,CURVATURE
count,180.0,180.0,180.0,180.0
mean,0.8384299275035751,1.8815646625141003,0.01091417088320088,111.28185564407444
std,0.1657353760927663,0.19005511595937266,0.006428222391091208,871.994012595639
min,0.5266394933039023,1.7392739088043085,0.00047005402925260264,0.03917241796160879
25%,0.7308714987623666,1.76278864936151,0.005815040320871147,3.397512961951779
50%,0.841105133345233,1.7819521066744464,0.009226426831641597,10.404243384382163
75%,0.9100280452660241,1.8993964587534344,0.015567086569475653,32.5947399842773
max,1.1897395711735972,2.3051636607799195,0.03025920060291299,11497.921049150313
