,X,Y,SPEED,CURVATURE
count,180.0,180.0,180.0,180.0
mean,0.9898324646944207,-2.729313547346921,0.01207832792209165,42.73673356161453
std,0.10447575940096787,0.2552988675381063,0.005637867804280052,126.30863453278317
min,0.7287509964467358,-3.100635475955706,0.0010842299063372103,0.10304921958937023
25%,0.9123367753862666,-2.9058863859380457,0.007968964575563292,4.3807405552230785
50%,1.0297459587482556,-2.7712863024533165,0.012164341694576801,10.156273078241925
75%,1.0846967858960799,-2.629949936380644,0.016575726596666056,24.10591682134594
max,1.0970582756039797,-2.149358905090191,0.025908563022447897,1384.841814515971
