,X,Y,SPEED,CURVATURE
count,180.0,180.0,180.0,180.0
mean,-1.7611456977962048,-0.3708054126590981,0.014740213029754843,23.20784951057869
std,0.3390019883709501,0.10968728486280636,0.006234880837986999,55.97738357840632
min,-2.404227831533359,-0.6051779443375294,0.0008920593171115836,0.03615494317188403
25%,-2.0882375258514796,-0.4551525457728579,0.010237717590293242,3.4273853956213016
50%,-1.7611570764833298,-0.3462255490901899,0.015369445349496478,8.04698017069305
75%,-1.3970294110703876,-0.2774018696965025,0.019467719017402324,16.930949094416597
max,-1.2834279487962783,-0.2389669667387027,0.027613627254998795,535.7578451707342
