,X,Y,SPEED,CURVATURE
count,180.0,180.0,180.0,180.0
mean,-1.104357602642845,-0.36379675899599856,0.009781174563377772,67.37026156055182
std,0.15043124774491418,0.2355337086206015,0.004408039907358644,418.2512769544542
min,-1.4280812976274817,-0.6492837410980703,0.00047035839926976226,0.14769455604577467
25%,-1.1849064817085284,-0.5881395362407613,0.006229883945082614,6.893816816876822
50%,-1.07433185499781,-0.46010110781216573,0.009555089030873102,14.71726317678894
75%,-0.9877311871012102,-0.16455809674050986,0.012557409391392094,32.3123069264858
max,-0.8789322727037975,0.024084318989160323,0.020615429861341232,5505.800667779181
