,X,Y,SPEED,CURVATURE
count,180.0,180.0,180.0,180.0
mean,-1.1835004099177073,0.42610634807699893,0.011369901738584444,154.4126263388662
std,0.20360740531015223,0.21857192477816972,0.00615067897524065,1410.9907940879216
min,-1.4605321433794525,0.19539567102871888,0.00030910877509761185,0.011480865905228434
25%,-1.3846120925335736,0.24300450839950266,0.006704866759471238,4.42304708375808
50%,-1.1587100179404297,0.29024650890655035,0.010958006595799158,10.287993893337253
75%,-1.1115205882254908,0.659871612017882,0.01541551951727553,35.22131727574295
max,-0.7241443801211617,0.8293889766900518,0.028494830504224345,18874.2796290335
