,X,Y,SPEED,CURVATURE
count,180.0,180.0,180.0,180.0
mean,0.5043353063496987,-0.7551056345123324,0.011381293401306242,215.3188105748318
std,0.1287501663513752,0.306154554695855,0.005690677903263073,2275.9178063533595
min,0.23886555198319157,-1.1655428127177176,0.000274504626083513,0.03959540659129132
25%,0.44424731556098535,-1.0409136083275494,0.00797885578131339,4.552978096693934
50%,0.4978801721885632,-0.8141875812176823,0.010380611176014598,13.525073975271553
75%,0.5857828585838204,-0.45704451817643515,0.0149517254205319,32.58207498717164
max,0.7219545285857286,-0.24332163873470258,0.026120340633883857,30538.34172987695
