,X,Y,SPEED,CURVATURE
count,180.0,180.0,180.0,180.0
mean,0.1847664366341925,-2.3886525021160927,0.010197898694820752,36.06209656153334
std,0.10505845460772675,0.1283715343071893,0.0050427723734454465,72.45807088333038
min,0.0032364999800229446,-2.5897314478881976,0.0016418843601862499,0.0673826366466232
25%,0.09392396358853136,-2.537446140718549,0.006455502911670442,4.539010541386042
50%,0.180918978498833,-2.3605699706518797,0.00936131962793751,14.091419011007662
75%,0.2679470970349288,-2.2818053431425853,0.013894482268650171,36.16277287860692
max,0.3807352462134618,-2.1928279387643745,0.023698204895418313,661.7966963374728
