,X,Y,SPEED,CURVATURE
count,180.0,180.0,180.0,180.0
mean,0.24255322403960258,-1.485984968887891,0.013908914991543493,19.92957461128986
std,0.18234497247996695,0.24979106886702274,0.005892594538012309,39.407160040485316
min,-0.1450335290182822,-1.9835219233382198,0.0024140264829801564,0.0031528015968449014
25%,0.14244792216975535,-1.6848789081071793,0.009112299885735182,2.7519517137471152
50%,0.2207000000807638,-1.436663553125716,0.013686747354519663,7.247856301085005
75%,0.3353464344050604,-1.2750394170198436,0.01793588630602579,17.91842326189869
max,0.6230510542366098,-1.142187043068637,0.02676318411234981,314.29960098258556
