,X,Y,SPEED,CURVATURE
count,180.0,180.0,180.0,180.0
mean,0.5248252153444309,-0.31585724037151647,0.0074107877839622235,229.3195924730743
std,0.07500881263877827,0.09772071411520468,0.005527042218859431,1245.0093329664096
min,0.38972806103419094,-0.6208132055211777,0.0003099938075430437,0.164180514704338
25%,0.46723898432699545,-0.3782532846660228,0.003501683986564795,9.790027622537263
50%,0.5257208057030442,-0.3063118170815255,0.006407568411503074,29.774455665803046
75%,0.5747696709855624,-0.24832660902424883,0.009361462536351806,93.5843906096044
max,0.7572281144704285,-0.1745312684899381,0.02990931812787577,16089.697619963243
