,X,Y,SPEED,CURVATURE
count,180.0,180.0,180.0,180.0
mean,2.5068331303010662,0.37658115158927424,0.01059303579464054,82.08710113428104
std,0.2136743945398202,0.1218441971697437,0.006397352719337545,447.40585542591805
min,2.1974381196829325,0.1898144107726835,0.000661612243622787,0.02603841370821919
25%,2.3146922625677497,0.25881629808925677,0.005665152566026564,4.062842300903716
50%,2.556411632849791,0.3506472837607407,0.00927529979976973,15.815748821950045
75%,2.600910338269855,0.5062483042383471,0.0137469143273828,39.527061913374986
max,3.0704981017118818,0.5726269941050747,0.030026027157537744,5863.498615959009
