,X,Y,SPEED,CURVATURE
count,180.0,180.0,180.0,180.0
mean,0.34246244662576275,-1.0295600635050743,0.011171704279354528,47.40551277622421
std,0.1480139339347402,0.4562402702271849,0.00601631054064387,137.14636784528437
min,0.1512680944799717,-1.6793798710110148,0.0008727737408342288,0.009467527936038798
25%,0.23192933025557572,-1.4832469901832113,0.006418005158084665,3.37067755542046
50%,0.2995898249093446,-1.0484612814189598,0.00983515743369763,9.363468247219014
75%,0.473321532091884,-0.5046091245550446,0.015562619459712407,30.538334446852957
max,0.6139985458085919,-0.3928040799110883,0.027675859781315527,1013.662471461503
