,X,Y,SPEED,CURVATURE
count,180.0,180.0,180.0,180.0
mean,-0.22493100518090847,-0.5624060667004445,0.010075937614378106,35.596488427657
std,0.16675517050978295,0.15116226901375976,0.0047766203807055345,70.60834168965626
min,-0.513392854318995,-0.855157502684216,0.0018311156238552775,0.17571089918644692
25%,-0.3823236984801258,-0.6586383890517499,0.006828322264556014,5.269710799260925
50%,-0.22380746850861133,-0.5560765950964413,0.009312310614161452,12.791004463023867
75%,-0.10626264251710464,-0.4218776584275834,0.01264682431334143,31.699716645251822
max,0.0742709701389068,-0.35275173592443115,0.02541321272852163,594.0110817248669
