,X,Y,SPEED,CURVATURE
count,180.0,180.0,180.0,180.0
mean,-0.03869857863385872,-1.1864507365873536,0.010585314144896461,122.22793997277256
std,0.13657224253905795,0.21317236534438233,0.005825971647942342,876.5717779645819
min,-0.35604009277624965,-1.7695008182338205,0.0006034559857653914,0.07908900503610941
25%,-0.15974649032543847,-1.2603138189854775,0.005996245019638254,4.143029094768696
50%,-0.011873997089119081,-1.1239730665861298,0.009834513945889205,9.513369495284497
75%,0.07871919279400663,-1.057595292922842,0.014624311492096581,27.199482518271264
max,0.16369172205031166,-0.9158225584120975,0.027982139119559088,10921.245382053674
