,X,Y,SPEED,CURVATURE
count,180.0,180.0,180.0,180.0
mean,0.7240142841563871,0.12527312208289093,0.012151529427227387,46.26042714708089
std,0.23216666171922798,0.30300589079792656,0.005914282573859925,145.17463078251677
min,0.34042282103154015,-0.33049860062084435,0.0012539144357662422,0.01824709935978399
25%,0.5760258504991138,-0.13691590496299882,0.007861119900769955,4.209008934767651
50%,0.6890878831464371,0.1136334998289088,0.011724342905719325,11.678379089564586
75%,0.9508377491458284,0.3583138403934528,0.01636923976155784,29.62880551838437
max,1.0889654909710984,0.6304868081275068,0.02827262155169283,1345.363717201452
