,X,Y,SPEED,CURVATURE
count,180.0,180.0,180.0,180.0
mean,-0.0022109741613474776,0.9182288854672803,0.011274476445099536,30.080555929678475
std,0.29082175488363204,0.255284848718688,0.005083237220343993,70.29456160792307
min,-0.37783801175779724,0.4920880447198061,0.0006557101061851583,0.007205648167002993
25%,-0.19400558673108023,0.6572287407859846,0.007364282751327012,4.649327059940054
50%,-0.11559267814640592,0.943716167685693,0.011315670351545296,10.074535343595217
75%,0.2576138469096654,1.0836237814901355,0.014053112536739411,21.560086548337505
max,0.5234748796906789,1.3628716502798173,0.02641362901189435,475.1235641575866
