,X,Y,SPEED,CURVATURE
count,180.0,180.0,180.0,180.0
mean,-0.475261092943072,0.25894356956656867,0.009204024305104627,114.36677590477292
std,0.0706051586988969,0.1569554147100513,0.004441049009984096,526.2699284950171
min,-0.591439064906397,-0.12772780395679734,0.0005968154910620066,0.018429265461325336
25%,-0.5411532375403587,0.21217644431688165,0.005911469647805426,6.21450281622181
50%,-0.48377433323548824,0.2832310895213989,0.009328988403402095,15.564871409063862
75%,-0.416598596371599,0.3687475014238131,0.012691957096974361,37.827026493487935
max,-0.33871734236715273,0.4973570781751281,0.019250657812848716,5258.709975132161
