,X,Y,SPEED,CURVATURE
count,180.0,180.0,180.0,180.0
mean,-0.9103855986053195,1.367314869911082,0.009342394113647597,108.55549961535817
std,0.09213742199423923,0.08104379223298627,0.004926720996730364,436.1753021189591
min,-1.0790009393080064,1.2265008110947357,0.0007525572654799551,0.015527168239266389
25%,-0.960636631526493,1.3089836335878073,0.005860170756497104,7.153679513723378
50%,-0.9300436079462427,1.3664379353672245,0.008480664166554169,18.798612531286835
75%,-0.8563015051314119,1.414731578259104,0.01229836439377744,40.24678954085273
max,-0.6793030380862214,1.5334021484988851,0.025493749420439884,4086.0365896203602
