,X,Y,SPEED,CURVATURE
count,180.0,180.0,180.0,180.0
mean,-0.6785493555716119,-1.4824510921118492,0.01012247981313782,72.389391943363
std,0.07780550352454084,0.19917803894627675,0.006612501753671822,192.67379397521458
min,-0.8153443356556099,-1.9097845713899178,0.0005722453433733856,0.058004352503625546
25%,-0.7525878969437341,-1.6489351304881112,0.005369359178599476,5.431543463355395
50%,-0.6737229247621893,-1.4049458075540304,0.00842571725091131,20.89398714511872
75%,-0.5989011449810092,-1.3222869147661198,0.013510124298914402,55.27297545312338
max,-0.5494087597705032,-1.2355401754043522,0.030725202901299313,1586.9556482462128
