,X,Y,SPEED,CURVATURE,ARCLENGTH
count,180.0,180.0,180.0,180.0,180.0
mean,54.863738333333316,35.23023000000002,1.002024615090385,0.40751798021015373,94.37177544070536
std,14.10536887684128,13.608012005321427,0.46101938820603333,1.6471426199098882,55.30788518092457
min,35.069900000000004,14.0013,0.06847996057241836,0.00023148136960647841,0.0
25%,42.327600000000004,23.942,0.7028632190423776,0.02524035449313403,39.0254943936442
50%,54.25305,29.5954,0.9909607016734185,0.05887685533153658,99.38898439295164
75%,63.99475,47.397450000000006,1.330103211298709,0.15963907005968256,141.78948216682878
max,83.9696,59.062200000000004,2.246154297905646,14.14591144177727,180.13642951700675
