,X,Y,SPEED,CURVATURE
count,180.0,180.0,180.0,180.0
mean,1.1258403675877349,0.673545247150404,0.01236081000306554,72.65401813040704
std,0.1455959205296332,0.2969947477174508,0.006627333250055457,282.64259938358003
min,0.5989842419932669,0.24236095319696851,0.000591658181625188,0.05842681607050021
25%,1.0739226184589326,0.3870990150406837,0.007299346679156573,2.7091561575682177
50%,1.1517906447092257,0.6400168663479384,0.010753549606614354,9.489170389753323
75%,1.2442973373998445,0.9743022501536873,0.018908530935324443,31.706031956162978
max,1.2796754431755977,1.1112365769886432,0.026763301703305913,2470.6942646960824
