,X,Y,SPEED,CURVATURE,ARCLENGTH
count,180.0,180.0,180.0,180.0,180.0
mean,-2.1325388888888877,0.18867777777777775,0.004514956326512055,111.60118932287001,0.41389036888245895
std,0.11511794213809799,0.1031598610583672,0.0022995906686326673,792.7919123034533,0.22445974664629306
min,-2.2553,0.0594,0.0002999999999999947,8.016625190458826e-12,0.0
25%,-2.2432750000000006,0.101775,0.0027277492790965243,4.473072156125874,0.25016234680097293
50%,-2.1527000000000003,0.16935,0.004122925609509939,10.54387286854362,0.39591790821354567
75%,-2.079475,0.271,0.006405457861582164,24.672451087605744,0.6319679449947772
max,-1.862,0.4355,0.00928574175820108,10277.777777778858,0.8061491044529688
