,X,Y,SPEED,CURVATURE
count,180.0,180.0,180.0,180.0
mean,0.05419217107623478,0.44816986046533774,0.010999513824449237,47.58726969819305
std,0.19001703811794662,0.2324569837824331,0.00536472604295583,108.66362927747385
min,-0.23704286694423113,0.15675559949857085,0.0013717089603565151,0.24927781670141838
25%,-0.09332068028566065,0.2291008188500578,0.00663810473830174,4.8729007037126575
50%,0.0014577973482711331,0.34696664276662226,0.0109839424331071,13.65621828552592
75%,0.2763577530993034,0.6837510572800458,0.014521187353906888,37.12175954104405
max,0.3346905352092686,0.817072655766,0.026475599605432373,880.0644638695702
