,X,Y,SPEED,CURVATURE
count,180.0,180.0,180.0,180.0
mean,1.5863138075386805,0.38804535950711383,0.012493902757600744,36.90343866216469
std,0.15205060441175497,0.21440713921139723,0.006156036168855562,124.2717173170275
min,1.2552282741083398,0.13608332725801875,0.0009970827643956599,0.027701072384632385
25%,1.5055284558726718,0.2778204989702356,0.008164227815710808,3.878836217847882
50%,1.5931239469899623,0.3443140545478872,0.011395663476903756,8.569357884403447
75%,1.6469922690187144,0.4265362378873295,0.016483852963672115,26.69117880418024
max,1.8999596709827087,1.0336152905341662,0.02891603591962074,1165.1828586826673
