,X,Y,SPEED,CURVATURE,ARCLENGTH
count,180.0,180.0,180.0,180.0,180.0
mean,0.06297777777777791,2.4206788888888884,0.0035651494347880798,53.86274138748138,0.3357273715556709
std,0.1425095666907527,0.04428287055348668,0.0014024971969886883,196.69196776376967,0.1975181770006212
min,-0.113,2.3711,0.0005522680508593745,2.4811704565078106e-12,0.0
25%,-0.074975,2.3874250000000004,0.0026325759741735143,7.241583726453971,0.15458042455071014
50%,0.043550000000000005,2.40285,0.00333091274586381,17.45854287156788,0.35070575307930396
75%,0.198575,2.459225,0.004362319801607185,35.293546654292484,0.5124004466414332
max,0.28,2.5111000000000003,0.007403546447480389,1983.5004436631366,0.6372388703965707
