,X,Y,SPEED,CURVATURE
count,180.0,180.0,180.0,180.0
mean,-0.04493114122137381,-0.6944380025804228,0.012103566205356919,30.469336308464392
std,0.2867377207828472,0.3369422597193625,0.0061671420324850255,62.20226604446314
min,-0.5154166002442665,-1.1787961258783004,0.0010514318842512536,0.117151188595158
25%,-0.3264997855182462,-1.0432056195010713,0.0073742599188577895,4.356830936607747
50%,0.03416613169516716,-0.6148702698532929,0.011462318840827941,11.505164684152309
75%,0.19469552446740707,-0.39865704361168763,0.01623527925154638,28.326342483937253
max,0.3674003962677138,-0.2536866173622874,0.026818906133368077,415.300441512634
