,X,Y,SPEED,CURVATURE
count,180.0,180.0,180.0,180.0
mean,0.4996228362650949,0.8817661669545996,0.010457529534724041,70.24969871447132
std,0.08140744382789639,0.1510256136829006,0.004697315545969186,485.01085016185516
min,0.30052839889537003,0.44610281569958693,0.0005663340593635519,0.043818540061330215
25%,0.4486151154358093,0.8592375835660824,0.0070488418900966675,4.365152638866548
50%,0.51731562677546,0.8901900219720389,0.0101193281021103,11.856430203699116
75%,0.5652670177080135,0.9734373975602122,0.014061214813472668,34.63112845097014
max,0.6340806414768171,1.110542328746641,0.021330746276263975,6476.505259413382
