,X,Y,SPEED,CURVATURE
count,180.0,180.0,180.0,180.0
mean,0.5135348034824931,-0.5010327066213959,0.010228894775698502,67.0883914260469
std,0.105671645511695,0.2642949288707552,0.005057712369775635,326.1415652447881
min,0.3263755340226516,-0.8793099409615872,0.00032325049448632436,0.0815810194952038
25%,0.43655966340293756,-0.7925725333125084,0.0063618607809826245,4.569393199181361
50%,0.49704570998186504,-0.436219260931778,0.01033838383699548,12.341277314355267
75%,0.6103204829882005,-0.27000236802584365,0.013095686485302765,32.09706810160746
max,0.7064205073777998,-0.12301503943993237,0.028814816066941973,4034.6356762289847
