,X,Y,SPEED,CURVATURE
count,180.0,180.0,180.0,180.0
mean,-0.6934640422335837,-0.040817263947556685,0.011146417449776045,228.1635929965558
std,0.23919086430840197,0.11850822248362629,0.006004323732796666,2480.477346651737
min,-0.9723069033848586,-0.2677613220544971,0.0002393330809382315,0.015394908149963676
25%,-0.908383064681888,-0.14481231429086758,0.006534409162587548,4.861517249402819
50%,-0.739609628526356,-0.022435395676502726,0.010240061220387993,11.175384586234683
75%,-0.579212424737213,0.042165978521836386,0.014677605777399808,33.751585406908795
max,-0.25353385916867854,0.16513169249491688,0.02836849207215544,33290.12147985787
