,X,Y,SPEED,CURVATURE
count,180.0,180.0,180.0,180.0
mean,0.7114694334567746,0.0909344318972568,0.010917249863550917,27.036532009742803
std,0.14025473445212577,0.17112679772349795,0.004424578833884094,46.212248725583606
min,0.479784825116899,-0.18902290458860133,0.0034912039959376943,0.008293389363987744
25%,0.5585042737138906,-0.08156648449740281,0.007210865786532766,5.145298609247077
50%,0.7565077065325814,0.1455389614264489,0.010484941197830193,11.398097535370308
75%,0.8385482016557066,0.25801524907021045,0.013872597607219,27.75672611138836
max,0.9064626311037542,0.3388385820650828,0.021906292580271408,332.1783711098619
