,X,Y,SPEED,CURVATURE,ARCLENGTH
count,180.0,180.0,180.0,180.0,180.0
mean,49.544034444444414,40.62522944444445,0.8083226608854119,0.13411891513315516,79.06637466414054
std,19.919498893282366,15.431141446879343,0.27668642143478056,0.20264625191033336,43.737147570228764
min,24.9434,12.7766,0.28454989896325855,0.0010114827745757598,0.0
25%,29.375575,27.682175,0.6133362963646675,0.03321879494780617,40.91098121945969
50%,45.26195,39.92185,0.7814181374907043,0.0778554286286248,85.25807546809705
75%,68.014775,54.07065,0.944689248488854,0.14393897878348083,119.92569547990718
max,80.5835,65.8715,1.726421649684688,1.5604620734479535,145.00152204914104
