,X,Y,SPEED,CURVATURE
count,180.0,180.0,180.0,180.0
mean,0.026858289621391456,0.8681697299841523,0.011283472654324464,43.94540120740732
std,0.15485043480171362,0.12008876642536333,0.004523170059955524,136.34706504433785
min,-0.21616169034332702,0.7092200208796842,0.0012335595594924907,0.11854423855259388
25%,-0.08632976710015473,0.7835250896017224,0.008361319262988375,4.730307804321526
50%,0.01044254534245205,0.8380697891986395,0.011272571018872166,11.209523239466495
75%,0.1340599750165862,0.9207725867121421,0.014379613782704454,24.571693706642332
max,0.31550458172349677,1.231163866642852,0.021539101838741217,1371.7703058373831
