,X,Y,SPEED,CURVATURE
count,180.0,180.0,180.0,180.0
mean,0.5487884619091653,-0.12937278251096293,0.011798518380610417,37.113024869432124
std,0.3421037438629699,0.1467776481979342,0.005676787219282458,96.99260066671758
min,0.11360825919905784,-0.4247243021648819,0.0013261634824981666,0.07443919736966603
25%,0.2499374574147758,-0.18428103555224487,0.008096158926290807,3.8071506686883634
50%,0.442709719073058,-0.09313360705857679,0.01099560698771539,12.399655671012864
75%,0.8909854719078524,-0.05672995250187413,0.016654800441065563,28.02867208481076
max,1.0838840621631027,0.17272865957009564,0.023144435688955977,903.8187446070365
