,X,Y,SPEED,CURVATURE
count,180.0,180.0,180.0,180.0
mean,2.3307136783006124,-0.5002619418989322,0.01189324266417856,451.55843269726415
std,0.17201707115021292,0.27483515318926227,0.0071734462483793535,4244.382443557204
min,1.943226682427654,-0.8795553232826483,0.0002198101504910573,0.011756858223375606
25%,2.2334604311425434,-0.7886115010228529,0.00585220526073741,4.282444275913329
50%,2.4069344881939934,-0.4226646384017688,0.011166730471949332,9.50604678983321
75%,2.456693066261073,-0.24641016256042197,0.016342617356241988,35.41700439069987
max,2.5622316979444197,-0.12033078350503716,0.033911292562510034,55185.752369698675
