,X,Y,SPEED,CURVATURE
count,180.0,180.0,180.0,180.0
mean,-0.6931848671472302,2.1034676338106792,0.011757325209387725,357.2615183003959
std,0.12931702917685298,0.17801216889691304,0.005770539182987998,4299.303222549177
min,-0.9069739263000471,1.8547084127310358,0.0001308370407307825,0.21387866714046944
25%,-0.8257769212459043,1.931980400919463,0.0072795171020892365,5.095682861095724
50%,-0.6847056178683475,2.0565707492766903,0.011736726075590452,10.737389366752275
75%,-0.5836692715269137,2.285556620185534,0.015784256875811926,22.36218626657768
max,-0.48616612810371346,2.3879420517173693,0.024910628538964676,57700.14492163216
