,X,Y,SPEED,CURVATURE
count,180.0,180.0,180.0,180.0
mean,-1.0367606302108991,0.08075245229848285,0.01376349258119183,23.020427437631582
std,0.1420346196247771,0.3115474269688117,0.0054757009699565274,54.50301813275832
min,-1.2885032888092416,-0.4194914615726862,0.0026799352897630448,0.01020485211655981
25%,-1.1819350291174835,-0.11498071371048857,0.0096966971694551,3.10211131506433
50%,-0.999498174161954,0.0050579921965645345,0.013227645196362714,8.630607081743532
75%,-0.9348669216757735,0.3122648998091366,0.016998140274168738,17.455794972989594
max,-0.8024302810983099,0.6505498091209826,0.0289234490753805,526.7036331653707
