,X,Y,SPEED,CURVATURE
count,180.0,180.0,180.0,180.0
mean,0.2320147978797638,-0.07644261252113567,0.011823511579031814,41.15093289194078
std,0.12127194895163747,0.1701536023327274,0.004848939642093621,159.0720983267692
min,-0.030828304358805788,-0.4180718475049723,0.0011147710198576145,0.010263858259421683
25%,0.1359100251486839,-0.22087315475787914,0.008972547116859025,4.505655258753628
50%,0.2077293000743006,-0.09665494729715984,0.011143122253494696,10.408118823654577
75%,0.3467204980979093,0.08465880362356412,0.014824927457900771,20.626620208437117
max,0.40843974717268705,0.183760709466909,0.024728537972616267,1687.2379657404347
