,X,Y,SPEED,CURVATURE
count,180.0,180.0,180.0,180.0
mean,0.9251128148057923,1.6373886190640867,0.014524853104304571,21.44004576022368
std,0.3593038770549646,0.4061383738349803,0.006211122122658679,59.87063755334799
min,0.43725971115538,1.0179353641096944,0.0019599211774847273,0.03597907716565111
25%,0.6130656501656879,1.2886352400751253,0.00942446220209694,2.795003320636553
50%,0.8642525075241323,1.576422267562588,0.015182406391167198,6.765675076790741
75%,1.3172607619772352,2.0484863058430247,0.018329533162752435,14.762317432797808
max,1.4414075365670482,2.177129912349963,0.03280073262745719,497.4152609135969
