,X,Y,SPEED,CURVATURE
count,180.0,180.0,180.0,180.0
mean,-0.15515503066062142,-1.6780798975271498,0.00938050977882278,46.20085316481161
std,0.2029172456652566,0.16642417437202522,0.004191043199259499,116.01762338687234
min,-0.4168558920360927,-1.9497949800295122,0.0008089560543114074,0.11856538199139073
25%,-0.3102728307397076,-1.7949743640197278,0.005985911662803987,5.341165784794617
50%,-0.2910207498885715,-1.687678139242684,0.009383099993478257,12.434938841477493
75%,0.07403964397006815,-1.5599075063152885,0.01264485075932512,39.13152371744577
max,0.2250252265929072,-1.3732680103000146,0.019846877117238444,1205.2187087948487
