,X,Y,SPEED,CURVATURE
count,180.0,180.0,180.0,180.0
mean,-0.3623705128777829,-0.1764274800368962,0.009495771146377173,132.50563456633185
std,0.10693902408167535,0.173331887996846,0.005402338687540504,653.7083849858276
min,-0.5426879222743143,-0.422101532172184,0.00029688397535149625,0.007559903277868201
25%,-0.4577157804853354,-0.3579789471797816,0.00582391340177396,3.5628219565464185
50%,-0.3586519589918208,-0.1573870631311855,0.008668810305395132,14.557735793942825
75%,-0.2910361012432803,-0.009465286184567403,0.013108504425409805,36.32420887160044
max,-0.16511991275608873,0.09800872754650405,0.024685619406504253,7778.923454297064
