,X,Y,SPEED,CURVATURE
count,180.0,180.0,180.0,180.0
mean,0.3107112334680083,0.30327224386404306,0.008683512590591306,101.14714919735765
std,0.13923357374896722,0.09350104801978106,0.0048997930112154985,336.8656549138098
min,0.01125177708639495,0.08456438953303225,0.00036058604650794483,0.08601044594378801
25%,0.23973905273949814,0.27754053096001263,0.004417902046997347,6.7754080599725945
50%,0.34938934556402446,0.3181955883596491,0.008286273650287081,16.56177298242644
75%,0.39986698393371223,0.3648385508244335,0.01193856945415379,52.48261024550595
max,0.5253612723389498,0.4543231529137243,0.02172479094482703,3785.2176775417734
