,X,Y,SPEED,CURVATURE
count,420.0,420.0,420.0,420.0
mean,1.0095778268043212,0.21252898245609597,0.009089359161061227,37.85187780321606
std,0.14594119918715814,0.27189234868989604,0.0040970598170012645,220.17669214536062
min,0.7663134336048808,-0.3604785594482362,0.00038574740746770815,0.0022635917768457823
25%,0.8552996305168566,0.038573571354687704,0.0060001538153042835,1.568796641665465
50%,1.0377806311332076,0.2706488982644205,0.009388248932851858,4.642043477199396
75%,1.132604134125965,0.4529160448486783,0.01256789101992612,11.516876388109676
max,1.267958742602091,0.6057089561671397,0.017253254484774303,4034.1868930766937
