,X,Y,SPEED,CURVATURE
count,180.0,180.0,180.0,180.0
mean,-2.1160881711169197,-0.8652787381081916,0.01332616043345045,54.878470666865226
std,0.21384720323127548,0.22878980124171325,0.0072747786716653344,252.04122172800413
min,-2.2908692397258115,-1.2327906532442836,0.0006835958962422887,0.1130292721718055
25%,-2.258867753007947,-0.9972810265777067,0.007495382873438292,4.250692597690879
50%,-2.2033385202257425,-0.9245898453067358,0.012985764183715956,11.221757342619393
75%,-2.128017041630531,-0.6709637747400741,0.0170890710306429,26.385413913206563
max,-1.4510611757926357,-0.44807711291786956,0.03477358164399838,2758.4717710735076
