,X,Y,SPEED,CURVATURE
count,420.0,420.0,420.0,420.0
mean,0.8273261763168384,-0.1998773668316479,0.008428845711003215,58.22204013643016
std,0.2608519599539351,0.2699846570157578,0.004364291341121887,782.2315065764756
min,0.27120246141649434,-0.6317906852663554,0.000154249015278399,0.0029659586775399064
25%,0.6650723245856077,-0.43282147684887196,0.005483767262058277,1.118458863741642
50%,0.9401602843889401,-0.2435978488638417,0.008090085583927476,5.153977248598666
75%,1.02942274033903,0.06580356551773134,0.01162918076742422,15.784290404755884
max,1.1911007048049007,0.16847189113430616,0.019436010525280507,15966.492947402685
