,X,Y,SPEED,CURVATURE
count,180.0,180.0,180.0,180.0
mean,0.28158073082200896,0.6119942688839313,0.011007878467359615,41.94058822976631
std,0.26945683467050147,0.3162272706468002,0.004926816366982933,110.95923179938224
min,-0.011189517323094146,0.25883757620946357,0.0010452659794768727,0.06230503756452561
25%,0.031806813849400026,0.3738223781615095,0.00776351989494902,4.534630933217038
50%,0.1873864662331889,0.42016290073140206,0.011135373159631427,10.470222250543884
75%,0.489762976593069,0.8539338425718788,0.014085082532361319,31.609354933778704
max,0.8740563139048604,1.2435581513500569,0.023348799518705138,940.323752132088
