,X,Y,SPEED,CURVATURE
count,180.0,180.0,180.0,180.0
mean,1.2478492739561067,-0.921775981762781,0.012906381223737141,28.756880554547575
std,0.09081931123232394,0.4263607035469507,0.005940361034617247,78.53142821421163
min,1.0199271100299951,-1.578848373840202,0.0013229780652210168,0.03297975455259286
25%,1.176363666512788,-1.340920696070446,0.008894631416333731,3.682393027243144
50%,1.243535560251166,-0.7374103881882463,0.012871996810885807,7.329367778111738
75%,1.3084976512696618,-0.5323111068275577,0.017859151109651483,16.258295615427926
max,1.4291090807911524,-0.42630900127951704,0.026830326674109343,686.0996494525838
