,X,Y,SPEED,CURVATURE,ARCLENGTH
count,180.0,180.0,180.0,180.0,180.0
mean,15.823571111111116,40.014688888888884,0.477395151764993,0.08155431643559408,42.07592391855952
std,14.69400163762911,16.83788951217561,0.08810460811512069,0.06287055529755102,24.568373764221242
min,0.08,8.5769,0.31915400671149247,0.0015550607238176142,0.0
25%,3.4974000000000003,25.756750000000004,0.41055643849345536,0.03026115183194358,21.418688876364108
50%,11.0052,43.15095,0.48735750933182476,0.06526917138952014,41.09655565053119
75%,26.05185,55.46565,0.5295516186998193,0.12071932752579768,62.11427562210081
max,48.1289,60.690900000000006,0.6887285568349865,0.2843762467584117,85.4688863961955
