,X,Y,SPEED,CURVATURE
count,180.0,180.0,180.0,180.0
mean,0.15535777396291384,1.376034698774241,0.012009102778595052,53.08957449075836
std,0.1554762219838907,0.4281442607604873,0.005670861994661306,251.89124376723402
min,-0.12686939954317175,0.6459289176143999,0.0008551276442628058,0.005177134915105008
25%,0.02388159065318401,0.950973398317178,0.008039190347234736,2.761432809108676
50%,0.15855000892093707,1.348135694122894,0.012395194621592501,7.746371432753328
75%,0.2980801296096537,1.666951364347622,0.015951276972368564,25.349453002747357
max,0.3811351656969438,2.149961670378979,0.024522148229295257,2878.203556735971
