,X,Y,SPEED,CURVATURE
count,180.0,180.0,180.0,180.0
mean,0.615803002880736,-0.13098015586997896,0.008681733146253066,312.86559587945237
std,0.07947723530686242,0.16661726648521685,0.004668356189046571,3132.549094465784
min,0.4699670808275295,-0.4980516332549653,0.00026904215277284975,0.18284262163204631
25%,0.5473891655398799,-0.29689655225899886,0.004825653570555884,8.06081091301608
50%,0.620429567378691,-0.06550350368232655,0.008378578771383522,20.268235862618997
75%,0.6727080004639887,0.010110553840575437,0.011842930200718863,52.61033694966664
max,0.7568865133824194,0.08793753559671467,0.024152936232672877,41973.299396997005
