,X,Y,SPEED,CURVATURE
count,180.0,180.0,180.0,180.0
mean,-0.7271086296560644,-0.4680728168840912,0.009629424156987955,73.17774242305856
std,0.0795746878040117,0.1313455719561566,0.0052022099693087775,219.20738242864545
min,-0.9063665753022928,-0.7804002178091818,0.000655987808337337,0.020875314203293967
25%,-0.7591325203868641,-0.5522934550288897,0.005735792404027004,5.7227497304519765
50%,-0.7178649045737124,-0.471146533023543,0.008772531602223016,15.931470401384928
75%,-0.6829181814357143,-0.39469555666863343,0.012862756380357243,50.61418767496169
max,-0.5503766808953767,-0.21622820582136107,0.022362301708579987,2547.693955171859
