,X,Y,SPEED,CURVATURE
count,180.0,180.0,180.0,180.0
mean,0.5733886237344982,-1.97277443458045,0.01365677327191389,37.97336842086426
std,0.24799225142898423,0.14167362592809685,0.005810347029418288,232.9503029440281
min,0.18095800328438327,-2.246990225035325,0.0009691483356932451,0.16303344763508093
25%,0.38275140032749805,-2.055626870472258,0.00976233749342421,2.8357202371776125
50%,0.6273221716350179,-1.9768049525180231,0.013895186515907893,7.381098776630321
75%,0.7063019787015289,-1.8610881802614072,0.017816448873514138,13.908695262033016
max,1.195502480149618,-1.720978513459998,0.028821613179242606,3082.5867682185976
