,X,Y,SPEED,CURVATURE
count,180.0,180.0,180.0,180.0
mean,-0.25815824025691886,1.1582040091960881,0.009819199026950574,55.71860428105954
std,0.12309967276242431,0.08126055761078553,0.0047802932874995135,251.97207178955978
min,-0.4772168435715106,1.0279808812744127,0.001004424627498567,0.1347344307751964
25%,-0.37094547357315466,1.0850547940915316,0.005664063255531447,5.935859292145976
50%,-0.2332006849540661,1.1698136906402574,0.00991316100265954,12.600452102781876
75%,-0.1549709834560124,1.2180746838788814,0.01371135458572154,36.333311681666025
max,-0.048268458307474525,1.3638758880164672,0.025369755665094147,3321.854694070586
