,X,Y,SPEED,CURVATURE
count,180.0,180.0,180.0,180.0
mean,-1.1283768886240193,0.5028871598715724,0.011219087979707044,99.75537690662225
std,0.12523408597106706,0.31590745162224154,0.006854316561325519,442.94763728886545
min,-1.331606526488292,-0.17945572342609514,0.0004756484962043453,0.004367026972434731
25%,-1.2360506107504339,0.3949543511008947,0.0055975302384394495,4.745304611018056
50%,-1.1541865079035323,0.6239989968051229,0.009835936779363766,12.761525584506368
75%,-1.063853401154965,0.7302123155774766,0.015495140398496834,42.69350010503903
max,-0.8768854403267476,0.840498593156606,0.03129178816735548,4817.001284049029
