,X,Y,SPEED,CURVATURE
count,180.0,180.0,180.0,180.0
mean,1.108586814946876,-0.10675642141024574,0.012260825829006521,47.892925781927715
std,0.3167377118981708,0.17660792859250096,0.004808165898369871,289.0587385486058
min,0.5730311824638471,-0.5077375418488607,0.0009412190419408077,0.03047730395258523
25%,0.8238242691333515,-0.16487318000534837,0.008100105570007324,3.739161374834616
50%,1.224655411414179,-0.08247207760021225,0.013401437478254528,8.4526824349796
75%,1.3738246457464218,-0.019690526015312192,0.016393803518424097,22.37802977855162
max,1.5198329313032137,0.1469744416070464,0.020216445870429894,3813.1542482430464
