,X,Y,SPEED,CURVATURE
count,180.0,180.0,180.0,180.0
mean,-0.05392239054617883,0.5117499956778795,0.009803895158594228,63.44156827351152
std,0.1129822279652797,0.137762342937014,0.0054147602748829534,187.845245367523
min,-0.2685427617307123,0.21818964733904037,0.0009189726491375836,0.15414890961396904
25%,-0.11352412659657267,0.43905186604140006,0.005354964911503532,4.824330122371769
50%,-0.06802039969498032,0.5606349720797958,0.008838494169064834,11.40164163669418
75%,0.033764249300364514,0.5924485118999339,0.013658666126077888,37.34798612838667
max,0.20670762319953095,0.7064979158020457,0.024807057844823188,1801.7720335417844
