,X,Y,SPEED,CURVATURE
count,180.0,180.0,180.0,180.0
mean,0.10644185362750107,-2.0031691611324494,0.011708691715507235,53.57962958083406
std,0.10949128172333539,0.4078810503660443,0.005543292770991302,322.37537818840815
min,-0.13608104478610045,-2.4115639561886137,0.0010336693579807695,0.13004014640969055
25%,0.04161362764495222,-2.3497704237021515,0.007502562991887953,4.324799566427893
50%,0.1321730063994902,-2.218837255734932,0.01124600106246832,11.060051700033798
75%,0.20119249046205334,-1.6087810888197653,0.014731406556496712,26.51567816197088
max,0.24061412670488946,-1.1577407611384989,0.027857761040760654,4152.811499218793
