,X,Y,SPEED,CURVATURE
count,180.0,180.0,180.0,180.0
mean,1.2107405742352473,1.3932686903927662,0.010365634714597489,70.73376681080154
std,0.142429362614302,0.1302898582861196,0.004929472871695016,405.53483311490015
min,0.9633687625547894,1.2012687186665618,0.0007144228769668582,0.1377175074552637
25%,1.0906410724974758,1.2805095297182048,0.006709120709073976,5.7367570901577265
50%,1.233310670589292,1.3736150465186643,0.01018396559775716,14.028738865815018
75%,1.3459381823851129,1.4838687400147035,0.013054342307685245,31.082128811831875
max,1.4204008399335617,1.6753109357331195,0.02821618285681712,5314.794148743063
