,X,Y,SPEED,CURVATURE
count,180.0,180.0,180.0,180.0
mean,0.9917147926872212,-0.6179758630508512,0.00956634490006941,103.88085175178581
std,0.2261948850194237,0.14171026304605444,0.004587044706174508,691.1581625172929
min,0.6529138452492614,-0.9013222150664156,0.0005198635051537518,0.06695931161156003
25%,0.7321250617307046,-0.6852458516216859,0.007007918717086034,4.391259572935388
50%,1.0309471922266003,-0.5760149907687713,0.00884851601640441,12.79489444315591
75%,1.128963304195089,-0.533092274532293,0.012315836615492322,36.00946752507433
max,1.38137857793128,-0.2835208036818832,0.024377788134441768,8943.86401543007
