,X,Y,SPEED,CURVATURE
count,420.0,420.0,420.0,420.0
mean,1.555904378018913,-0.709600551925767,0.009366785139370044,20.141903535756796
std,0.18854949545566038,0.29440249443703465,0.004022652133061597,168.14542532086352
min,1.1978483965322293,-1.2248994382069955,0.0005831834078190727,0.01703980697110873
25%,1.4084393802408048,-0.949028488743803,0.006565501998019423,1.8926339758860644
50%,1.6225711074790685,-0.7263578687019469,0.009011209502207863,5.098668163995178
75%,1.7081664077769205,-0.41271479989152493,0.011483795083347063,12.149632628176317
max,1.7947835086709607,-0.26797307571170914,0.01846074071676467,3397.278943645086
