,X,Y,SPEED,CURVATURE
count,180.0,180.0,180.0,180.0
mean,-0.24233681663076403,0.7768925851723701,0.014030814914032942,83.58027451428931
std,0.24344332329939358,0.34569350449646385,0.007873595153568176,715.5207622133064
min,-0.6937367329310682,0.3631658313783198,0.0001886637691818849,0.012346219194951836
25%,-0.4515899163094388,0.4601801956087032,0.008237993774972526,2.1748088670547165
50%,-0.15457476365028822,0.6845869518929536,0.012615582844845086,8.06625575728459
75%,-0.03186368588546783,1.0721163573373196,0.01818453884603277,20.805335819827214
max,0.06449511172795186,1.3738272223241699,0.03474593388315391,9288.817623246327
