,X,Y,SPEED,CURVATURE
count,180.0,180.0,180.0,180.0
mean,0.7660174429973077,-0.1441340044786758,0.010238308968744432,57.622116860693765
std,0.08230192693750353,0.13484628802961068,0.005062933141473216,180.74569543987573
min,0.6081392149008563,-0.3258508755045194,0.001587695651587831,0.05639869920573
25%,0.6949708603182208,-0.24787599764568563,0.00579966635485093,5.262483971242254
50%,0.7609649571101897,-0.16087422925680006,0.009966228776573289,13.270371457119705
75%,0.8506039876959328,-0.08902267381835748,0.013633093125239967,43.88200930271688
max,0.8922532554277227,0.16150951541872233,0.022393673511054597,2070.9880011016157
