,X,Y,SPEED,CURVATURE
count,180.0,180.0,180.0,180.0
mean,1.4820572925876605,0.42104432752339443,0.011910873415354059,69.84361456863643
std,0.15663996858258436,0.28257544047945954,0.006385417625970217,401.6991192448201
min,1.2111517960594824,0.0917565696797957,0.0005189938292099408,0.09668034899988993
25%,1.375613215210715,0.1694472502276284,0.0074936350897614355,3.4060595242141707
50%,1.4722663025284475,0.3233006175664006,0.010889701621266974,9.26063428916548
75%,1.6413394112799848,0.6352641986060773,0.015007385330940332,25.97053977979309
max,1.7173864884790544,0.9576171387990883,0.029005783970076998,4979.2846352318065
