,X,Y,SPEED,CURVATURE,ARCLENGTH
count,180.0,180.0,180.0,180.0,180.0
mean,10.40303888888889,12.622428888888885,0.14765836538511,0.2724120905568243,11.384313724547695
std,4.450884301909229,4.496852234513498,0.043902313553239376,0.3096404626112589,7.895971015107789
min,5.2917000000000005,7.5440000000000005,0.08382697954715991,0.001627477880653011,0.0
25%,6.69125,8.06995,0.10817755794081396,0.05732776363888452,4.587352554955508
50%,9.168600000000001,12.00075,0.1439799776161082,0.13556506071334062,10.104178931630834
75%,13.750325,16.823775,0.19250236761659983,0.3876535111875429,18.410818208457762
max,19.7879,21.7357,0.21898723707102336,1.4080391105373702,26.43106737868515
