,X,Y,SPEED,CURVATURE
count,180.0,180.0,180.0,180.0
mean,-0.7748399782536016,-1.0856275701405835,0.010040894898193122,36.98145096106252
std,0.09819623503533413,0.22958066128214538,0.004203082121351294,100.78333405632422
min,-1.0177111802920984,-1.3611804804774796,0.0016416941998581842,0.2812797346196413
25%,-0.8161269066141577,-1.2642834623147672,0.0069602058331334135,5.62829330422867
50%,-0.7758296764587574,-1.1879693635015347,0.009352632851948794,12.128094845755252
75%,-0.7276124202123597,-0.914805041365752,0.013075241667497139,31.148744336575977
max,-0.5487713757962708,-0.5814193368725428,0.01957125971738068,1026.0916399123864
