,X,Y,SPEED,CURVATURE
count,180.0,180.0,180.0,180.0
mean,0.7135569424238452,1.5404215178039211,0.01116034829529374,55.47741125120772
std,0.17970564557850857,0.2887451437216863,0.005053816274053149,226.5601137186822
min,0.44502971158488897,1.0599689928503446,0.0002645715876173186,0.17360987111547777
25%,0.4930822535540039,1.223452359378393,0.007760428201472541,4.754258082927775
50%,0.8040229266715575,1.632955331694399,0.010935984566568697,12.377764710305986
75%,0.8784519247735744,1.7851262779448178,0.014457020589762386,29.05657885376779
max,0.9118999878074953,1.9391866990790838,0.0264971687669262,2530.473852895639
