,X,Y,SPEED,CURVATURE
count,420.0,420.0,420.0,420.0
mean,-0.9574058927341356,0.4334237242082525,0.008247158355817482,40.88341421466429
std,0.20758252226047813,0.20827587962093064,0.0036449343752366983,215.56797744220145
min,-1.3289325069983495,0.03917507001335529,0.00040582361666164794,0.017369034911505765
25%,-1.101503666367507,0.18291363121574705,0.0054676186801148816,1.725574026745282
50%,-0.9665620180039244,0.5325238232879147,0.008425699684849916,4.9310246537312015
75%,-0.7817602829006085,0.6083229395636434,0.010851619522329855,10.573535472647388
max,-0.562715500481755,0.6495464099878756,0.01647306555287844,2915.34528700649
