,X,Y,SPEED,CURVATURE
count,180.0,180.0,180.0,180.0
mean,0.39448762782133273,2.467184003894002,0.010391080459914541,61.753289912333834
std,0.1578717413658436,0.2880256098227702,0.0038754595435972978,413.46323934455444
min,0.20391350404085912,2.0727422133372686,0.0008720902863589294,0.020974512424943352
25%,0.24298935751080564,2.204906426339481,0.008355500555149995,4.540720492045973
50%,0.3510703418548127,2.4616052177184593,0.010352001127142553,9.31152971189367
75%,0.521977841312983,2.769658294304564,0.01294706966993319,21.38047639107836
max,0.7132735625542057,2.9407848202997786,0.019938411911762814,5410.451354419409
