,X,Y,SPEED,CURVATURE
count,180.0,180.0,180.0,180.0
mean,0.9087874124482708,0.9628817899037424,0.010462170682764973,42.9667914070651
std,0.06860126555007792,0.4850105862707278,0.004979925660832374,111.38060597856402
min,0.8031620726364895,0.23427890517773747,0.0015317876514425591,0.042816304349765404
25%,0.8512008484502624,0.4513271625124993,0.006944142023136685,6.078262227295124
50%,0.9112960343124188,1.0740365301358605,0.009773990013939873,12.121068747151927
75%,0.9482206152208233,1.38621119816822,0.013045138367212392,32.139394997577426
max,1.0508603596010833,1.6024220724389315,0.0253090733850756,1144.234958684087
