,X,Y,SPEED,CURVATURE,ARCLENGTH
count,180.0,180.0,180.0,180.0,180.0
mean,9.456695555555555,50.27970888888891,0.2894872983875755,0.9934595915625437,26.156170772573603
std,7.473202306601844,3.36260868257062,0.11962508794080484,4.386416979175127,14.862405790139798
min,0.9794,45.8282,0.02955609074285536,0.0010091198937330357,0.0
25%,3.630875,47.71365,0.21141026243164335,0.064782179077131,13.882627826742702
50%,6.37435,48.7829,0.29678865054115333,0.1486360139863061,27.58029606012009
75%,14.293675,53.21402500000001,0.373478073218098,0.38134235971131036,38.1935977800118
max,25.7297,55.9341,0.5538288566876943,38.743567352042874,51.89340454718658
