,X,Y,SPEED,CURVATURE
count,180.0,180.0,180.0,180.0
mean,1.211398629199655,-1.0619630581279143,0.010194190018310024,55.795328792413656
std,0.07838825596416785,0.21781953483378136,0.00470185744532079,195.9373326692255
min,1.0109595470993973,-1.5131941814793466,0.0011066517050662761,0.20032874358439204
25%,1.1894706317324082,-1.2520395292169406,0.0067100184161305474,5.09667731994695
50%,1.2321263307705106,-0.9670298852764001,0.010146308100265209,13.381740784465082
75%,1.2691825016070746,-0.8750758750737421,0.012758058703532749,33.02347076931633
max,1.3105994198952717,-0.8109740422097743,0.022308434987242616,1947.9554514169954
