,X,Y,SPEED,CURVATURE
count,180.0,180.0,180.0,180.0
mean,0.7101049951981959,0.8272207088551538,0.011033947719941069,131.54946609098187
std,0.24419287948043789,0.08565146013278033,0.00669291010125064,795.2999977599123
min,0.37533945133504193,0.5671950698807039,0.00027817935893146434,0.009947049315569565
25%,0.5057278878258822,0.7863254913223692,0.005648330160175476,3.612424058266419
50%,0.6492428430331249,0.848765838430628,0.010057395926339863,11.904539744765081
75%,0.9348339861848436,0.8925450584812663,0.01482210476482442,31.1241469354569
max,1.1344920134269916,0.9272530719035478,0.031526271073559806,9325.73174973096
