,X,Y,SPEED,CURVATURE
count,180.0,180.0,180.0,180.0
mean,-1.708990222591034,1.090864944175429,0.012719796199862805,45.71970672192385
std,0.42117306070323157,0.19147592102041283,0.005978004774805342,212.2654789332291
min,-2.3607439616435903,0.6985111824415737,0.0009692482577771258,0.05896851040916593
25%,-2.1457990263775564,0.9401784880967021,0.008545018809362799,4.590197715020287
50%,-1.584058596695975,1.162291954568245,0.011963747573996665,9.870781055615598
75%,-1.4136113540339532,1.2256759957851415,0.017688865029875295,22.45564957414603
max,-1.1215485540714125,1.3405352937588506,0.02471979767726762,2167.147604317811
