,X,Y,SPEED,CURVATURE
count,420.0,420.0,420.0,420.0
mean,-0.4667557146738128,0.9304208348285424,0.009846466313196448,22.332407988171955
std,0.12957454733457968,0.3961045020983867,0.00454715478832615,110.41460813011759
min,-0.7439299513948859,0.4022298158321275,0.0007507343375051,0.00864252391694654
25%,-0.5332146106592999,0.5945710852182253,0.006201345395690475,1.3328316292829507
50%,-0.48853424031877085,0.8279459131764743,0.009455921497357151,3.6545524707171593
75%,-0.40097791436206415,1.3802685633634895,0.0130470561888642,13.02894390219069
max,-0.15397667659204967,1.5910462223555508,0.020198004041435173,1407.5487046268165
