,X,Y,SPEED,CURVATURE
count,420.0,420.0,420.0,420.0
mean,-0.634670115645655,-1.0868894734977508,0.011436180950651936,33.469808630615
std,0.5292069764383831,0.23632764007424678,0.006010956087508302,242.43360463457915
min,-1.3737008276394005,-1.4849741809337322,0.0003937642966606294,0.00044392505011239775
25%,-1.1685972473526318,-1.2866827907870002,0.007148938625408168,1.5321259975557928
50%,-0.6507772357277022,-1.062021501050327,0.011558715246522706,3.3810282199061574
75%,-0.07634838439275943,-0.8746291126572683,0.0141438917477783,7.10128045700005
max,0.11764422432902144,-0.7149621901443255,0.029170427826856964,3359.514088386062
