,X,Y,SPEED,CURVATURE
count,180.0,180.0,180.0,180.0
mean,1.2180128442280396,-2.562430294609744,0.00982664232949743,119.64188019002124
std,0.18962863029762572,0.30005991273920896,0.005065217874490735,985.7625697691103
min,0.7806686167270579,-3.040639035470095,0.00037092866481693216,0.030882370368645023
25%,1.1241215279528727,-2.8647072228306687,0.006065724263800282,5.543906031678637
50%,1.1810913320080492,-2.5388467028767776,0.009022002313647096,15.012364490339895
75%,1.3995338908183736,-2.2514297114609456,0.013578570307656676,32.997927769141455
max,1.4917917202178,-2.2123005125678272,0.023427083468675298,12989.382341854103
