,X,Y,SPEED,CURVATURE
count,180.0,180.0,180.0,180.0
mean,0.835396144520889,-0.6619169659446584,0.013309086578070792,153.37489824242078
std,0.4203638551237044,0.11413651727268602,0.007522469693219772,1268.144958390363
min,0.18671118421013916,-0.8964014067362395,0.0004176279104887908,0.060430900480872005
25%,0.3832866415284196,-0.7220596240653828,0.007539347850999701,3.4578199299803702
50%,1.024650553630818,-0.6793064406374352,0.012568714022777785,6.8380337405313165
75%,1.2097786809241584,-0.5586118822557236,0.01839576019409036,20.655181097303128
max,1.3669959231417457,-0.47884489787813656,0.03357999985186019,16701.18321129928
