,X,Y,SPEED,CURVATURE
count,420.0,420.0,420.0,420.0
mean,1.0369211779596723,-0.9221733101410848,0.007589148449109183,49.491161447571926
std,0.22181142376185395,0.12699004711920983,0.003675230919468957,301.3304018487399
min,0.7174765803478127,-1.171896475638044,0.00028612591677398347,0.0010955106728177024
25%,0.8234665187967678,-0.9725348847630682,0.004745369654553872,1.8721457567581978
50%,1.049304256643848,-0.9373577029399066,0.0076770793742939,3.7926909397232658
75%,1.2601076018019781,-0.8784959627115382,0.01025197304853135,14.48582585321677
max,1.3986658627540027,-0.5464073101581697,0.015086457677802206,3530.7012406734448
