,X,Y,SPEED,CURVATURE
count,180.0,180.0,180.0,180.0
mean,1.3029576434682548,0.17878383819245486,0.01062101609544805,65.37312431007457
std,0.18733001230118565,0.05650177437899067,0.006659057239319623,144.58538243812924
min,0.8964777184236832,0.10493352483448516,0.0014300249787583073,0.12149941800000139
25%,1.15575257096627,0.13410070132265214,0.0061938352210594416,4.5869172243642815
50%,1.285773264017226,0.16801757675340215,0.008958150472435098,17.01016859677932
75%,1.4668744423424829,0.20141152696936399,0.013436701445415328,48.29906534090798
max,1.6210436155703203,0.3244620689482469,0.03223228373973946,1095.4212011429245
