,X,Y,SPEED,CURVATURE
count,180.0,180.0,180.0,180.0
mean,0.5751075049871152,0.9693188987875404,0.011041271877251724,74.48967477056229
std,0.24570817151427432,0.14554288421917697,0.006362048067965309,267.71427066526843
min,0.04528147528555162,0.7516291762513188,0.0009962474586433644,0.20353826864299845
25%,0.39423453247571094,0.8406020800605919,0.005934288456993141,4.1764679020333455
50%,0.47563536245715554,0.9226858521363988,0.010597739952882497,11.025651264095341
75%,0.8658625221902512,1.107663201562496,0.015210823018343395,38.499812961143014
max,0.9336079925561463,1.2397247710914165,0.025692324482597406,3197.4858148118055
