,X,Y,SPEED,CURVATURE
count,180.0,180.0,180.0,180.0
mean,-0.7294314988129017,0.050235398923741924,0.01192933673611295,41.031789799011285
std,0.1840418313367232,0.1186872553019611,0.00577497911984005,118.77450028830219
min,-1.1227891058728137,-0.2644748972483536,0.0015183374380838156,0.04365465011436673
25%,-0.881585750568086,-0.012386398621863425,0.00737667228494732,3.5525933519140214
50%,-0.689452757306614,0.06914996792433023,0.011451168218656455,10.348621927395577
75%,-0.5847790461133324,0.15018194711963564,0.01630807288388706,26.19585724267469
max,-0.44434954078840444,0.1962094225412486,0.026140404271324143,1160.8319192691838
