,X,Y,SPEED,CURVATURE
count,180.0,180.0,180.0,180.0
mean,-0.4684623809438888,0.7414085918379233,0.00969869533608812,177.00684169424386
std,0.2676005551310738,0.07808816694746407,0.004938590176340378,1643.5882681269456
min,-0.8626495909325481,0.6088039181724209,0.0002917593423470691,0.1895039416745223
25%,-0.691616438729596,0.6879985905053289,0.006148111369900965,6.003103504906634
50%,-0.5460186160871296,0.7285866408980304,0.00887598849609697,15.068835466078946
75%,-0.14013188741587987,0.7719967296733742,0.012838861750097512,34.99172937089682
max,-0.07046747748627072,0.9141409772721133,0.022414297667614817,21970.484711655172
