,X,Y,SPEED,CURVATURE
count,180.0,180.0,180.0,180.0
mean,1.8040905228559656,-0.28165327112277816,0.011503407214156356,44.700483787567464
std,0.2001952119604378,0.2878090122688844,0.005504632451531762,186.222707717204
min,1.4559142100586488,-0.8703934128950371,0.0006136354865144964,0.043260651458901206
25%,1.6338744879455058,-0.4875966055296593,0.008225154655674678,4.831303423214671
50%,1.7973167748822187,-0.1768352128165973,0.01072743636703135,9.561978816039462
75%,1.981029033891339,-0.06665687996820752,0.014979973354340781,24.097329634251313
max,2.1645406775956246,0.042104292773959356,0.026322467956901064,2113.5215737422664
