,X,Y,SPEED,CURVATURE
count,180.0,180.0,180.0,180.0
mean,-0.6712356649521897,0.12684709510587192,0.012160014954191592,82.10378879080713
std,0.31520666402526376,0.3069029657862157,0.006124793609465871,637.1793161829687
min,-1.0202428092741713,-0.22434495614595934,0.0006292734779626308,0.19472310106398474
25%,-0.8816240405020754,-0.08250501559769532,0.007465381365701802,3.2367196009594195
50%,-0.8132158661477344,0.003829647979923704,0.01191271758279484,8.40992002385818
75%,-0.4837958198437054,0.33540494587273767,0.016135112144386746,21.259420474710208
max,0.08782398827259455,0.8038614087150827,0.030141141928145813,8481.548378091798
