,X,Y,SPEED,CURVATURE
count,180.0,180.0,180.0,180.0
mean,-1.3120833912977172,1.363373329719914,0.008306544303152625,70.4796953142262
std,0.05915673135236304,0.08396755958913192,0.004314571212215221,186.27128539441534
min,-1.4030957304394565,1.2072283938288886,0.0009511259030630799,0.13741844824959587
25%,-1.3647384781949872,1.3052625807806328,0.004727569785544683,7.466995027213557
50%,-1.3249560653747614,1.3460886847046782,0.008089013943805935,19.80439593294946
75%,-1.261292077258057,1.4422619577654596,0.011251063393023761,45.51442979957956
max,-1.186967385491785,1.5209944211227888,0.019904244246130236,1675.2504537906702
