,X,Y,SPEED,CURVATURE
count,180.0,180.0,180.0,180.0
mean,0.5773784695202867,-0.5527892609862547,0.009331625622575043,60.91260178290842
std,0.2564056063197557,0.1523397414747482,0.004561830284645734,135.72907500720393
min,0.2883282802375707,-0.7845559865293891,0.0007814369063611897,0.15297510803707756
25%,0.3586463130892392,-0.67965298819411,0.005585600432949333,5.821173993530378
50%,0.45031486049157143,-0.555445167805236,0.009225775743949893,14.486939348982805
75%,0.8509196095075948,-0.4298754060054132,0.013132133132827387,43.09244755786818
max,1.0085555846730083,-0.2654058754129258,0.02066709583892303,905.4152359030091
