,X,Y,SPEED,CURVATURE
count,180.0,180.0,180.0,180.0
mean,2.5255834995141506,-0.33743625691220347,0.011982360612727259,72.81832454678649
std,0.24867605460721742,0.19460505489149016,0.005971067073978689,394.80441059102026
min,1.9952395644286287,-0.8610059306240309,0.0008321400888237744,0.08193887392335275
25%,2.2990228964519877,-0.5183855304009338,0.007752585916889612,3.6157674906878543
50%,2.463798165521961,-0.2752583761528887,0.011379763901468117,8.95480685145245
75%,2.7891002142017776,-0.18735016073220576,0.015206558914800857,30.609457707987595
max,2.834823636924255,-0.11515486619682844,0.02878265531971717,4689.069774393175
