,X,Y,SPEED,CURVATURE
count,180.0,180.0,180.0,180.0
mean,0.29296790469360795,-2.3348451721819212,0.012841490681093613,28.557371982876465
std,0.12229601256014679,0.18034383320473413,0.005811584409669477,75.45202133344719
min,0.06795097431230797,-2.689780939502061,0.002131706506339326,0.0002799765417542577
25%,0.216951845914918,-2.4284365084072084,0.009340974617821574,2.760686857004498
50%,0.27518390365777357,-2.3227950659441694,0.011784211893456662,8.622597082320272
75%,0.3413719667141528,-2.185456059816629,0.015440590677457008,21.059442271059282
max,0.5561033154409821,-2.0701012707632604,0.02873450341058692,727.787218954657
