,X,Y,SPEED,CURVATURE
count,420.0,420.0,420.0,420.0
mean,0.4010248401991551,1.2126024534863336,0.010369536090799882,18.134719967114094
std,0.13654111663749843,0.273699594790547,0.004930311988521651,91.92794588055416
min,0.1453235025518517,0.7196014900554047,0.0008130847824045858,0.0003862731802442561
25%,0.3208811770673936,1.0132682095311205,0.005896432994041013,1.2110964039132146
50%,0.39469177278247347,1.1368150080096973,0.01045919227932137,3.5656405125972728
75%,0.4888592021396275,1.4435370077663834,0.014541507493672213,13.361872030264687
max,0.7289467334001789,1.7106810423781174,0.019334181359067514,1777.522505969681
