,X,Y,SPEED,CURVATURE
count,180.0,180.0,180.0,180.0
mean,-0.5325751700482838,0.02369375862031392,0.013023778823019298,41.255786564618475
std,0.3155548147650196,0.38976549153475243,0.00663328399214719,140.4091955128836
min,-1.0038777466815585,-0.5145709308618968,0.001008940667176757,0.038859377220005646
25%,-0.8276767308512092,-0.37560612539875726,0.008075881598428687,2.916848310597345
50%,-0.4796748423512716,0.16863546681994235,0.011999799196964398,8.530292567807333
75%,-0.2634195675832056,0.4026816149877967,0.0180251714481342,24.951181631318292
max,-0.07234252780354712,0.48693070141297157,0.029048832204698706,1647.0659551301526
