,X,Y,SPEED,CURVATURE
count,180.0,180.0,180.0,180.0
mean,-1.7166543225865012,0.5010135911134725,0.00935535795938215,145.05567461445852
std,0.2827067460052427,0.12722407153703705,0.005431527154942915,835.7384671421106
min,-2.2102192641434892,0.2831625722703888,0.0004586201824049303,0.0909158005415927
25%,-2.0393322585575535,0.3955204524841838,0.004998219367210969,7.126367767584789
50%,-1.5691811339222457,0.5152673927963171,0.008785998619969964,19.468765771092073
75%,-1.511977628809603,0.5954710954205206,0.012071880602767227,54.17433028115803
max,-1.362648022213763,0.7102831159455669,0.024622382064485922,9862.25198438637
