,X,Y,SPEED,CURVATURE
count,180.0,180.0,180.0,180.0
mean,-0.7063972484097683,-1.2022132216850117,0.011861487666790071,44.8491630969323
std,0.1933795105791839,0.16608542096400844,0.005724030525690484,161.45262256607114
min,-1.1278456636376435,-1.6616211129395733,0.0012011973475428166,0.03046387691262021
25%,-0.8415012749547273,-1.3338874735271016,0.0069107178610684225,4.7548002951940465
50%,-0.6952727220267356,-1.1659791939503814,0.011486597274041797,13.039974954467796
75%,-0.5759046293567757,-1.0632884198530554,0.01607762203569394,27.200415357772368
max,-0.4025655668922555,-0.9962135185544707,0.02448797956591716,1749.046715170132
