,X,Y,SPEED,CURVATURE
count,180.0,180.0,180.0,180.0
mean,-0.6446873946662272,-1.349499383535941,0.010798933508128852,43.7703185970438
std,0.2720665807780221,0.27440935308109665,0.005235806260013629,163.70666090340296
min,-1.1297721511783128,-1.887627989007875,0.001180699361526473,0.03990178818890953
25%,-0.8545478566137736,-1.561662002980341,0.00673154015043219,3.5981197672815766
50%,-0.6063504099664587,-1.4008645600333032,0.010010578167010155,10.560659819759017
75%,-0.4791240777931588,-1.0884972048350314,0.01404568711824995,36.39647467966049
max,-0.18730301936204635,-0.8492066486396421,0.024100084952169094,2045.6463969121578
