,X,Y,SPEED,CURVATURE
count,180.0,180.0,180.0,180.0
mean,0.5375480862234686,-0.18103315026079025,0.01024307530224707,61.39705175477935
std,0.07286331579937717,0.22108422382774226,0.004916380600067555,345.241254723808
min,0.3419082795738703,-0.5468756262561396,0.0007674532425469982,0.20050779369958927
25%,0.4937594337584552,-0.37062010062964734,0.006460231421052761,3.600805994832288
50%,0.566771978108762,-0.1834340528428926,0.009651995009644216,10.89801485014246
75%,0.5894226839179667,0.044091742584407664,0.012872811406326113,31.450135704661804
max,0.6339162199142372,0.1499903538218755,0.02487726772402707,4366.947229678988
