,X,Y,SPEED,CURVATURE
count,180.0,180.0,180.0,180.0
mean,-0.4625852088327683,-0.0936006633220347,0.011613853714507738,32.31802032669353
std,0.18371811959692125,0.07681607834504846,0.005169582605610066,74.63052347563345
min,-0.908231298690708,-0.2976062867152877,0.0015315573667570419,0.15610412030717752
25%,-0.4835921410421815,-0.12450687773023225,0.007697405592229421,3.4758744593673865
50%,-0.43149270982878096,-0.07536773334463454,0.011013550536537135,8.808619583817997
75%,-0.37566902893257387,-0.038562636304776785,0.0150583633793025,23.323311054897925
max,-0.06557922976251523,0.0372444969948526,0.02319291545371933,600.2845567337879
