,X,Y,SPEED,CURVATURE
count,180.0,180.0,180.0,180.0
mean,0.17702495455667358,-0.5346776122340988,0.012972778310292614,47.722511940104766
std,0.2728091271375655,0.43442630241551633,0.007597945553706984,163.3510492681934
min,-0.23207350936817583,-1.0611382318608886,0.0010307078019249727,0.10723872755975036
25%,-0.05864039427103279,-0.925200572078168,0.007349748878643138,2.176081892238437
50%,0.27123116962435123,-0.7307044415363291,0.011427754063539538,8.807254534212863
75%,0.43065755069017847,-0.04942990666548986,0.01670628509599276,31.332442744099712
max,0.6402839894796274,0.10710233727575802,0.03217720408545464,1895.3086863193232
