,X,Y,SPEED,CURVATURE,ARCLENGTH
count,180.0,180.0,180.0,180.0,180.0
mean,19.39242,39.19229555555555,0.07282906231769322,2.512866050717929,5.068248905944819
std,2.022184742385125,0.20104632913978687,0.039885128019499276,16.922970383658797,3.600170898434095
min,14.287500000000001,38.6816,0.005239274758971584,0.0007277113040535914,0.0
25%,18.138025000000003,39.05692500000001,0.037305635070148155,0.0430961596198563,1.4641523867502144
50%,19.1932,39.21775,0.07486608789733676,0.10824624479966717,4.89883767061872
75%,21.154925,39.3311,0.10094927425837995,0.40750343447685594,7.621002564827485
max,22.3278,39.473600000000005,0.1530781009811671,206.51087467058147,13.011285968002058
