,X,Y,SPEED,CURVATURE
count,180.0,180.0,180.0,180.0
mean,0.5959362466138145,0.03354917634971809,0.012187024820605769,30.75859728614741
std,0.20723821378054028,0.2170143846346232,0.005290199235664202,74.41385072241873
min,0.24085299772789467,-0.4004340912699153,0.0019322795956453326,0.06744121199905719
25%,0.3757293305600921,-0.09252430734757647,0.00813157093843732,4.465054587741411
50%,0.6763086384879534,0.08103671647803629,0.011554293678151223,10.551121474993923
75%,0.7592929318307993,0.18002190231862764,0.014924121313341036,27.023877663799237
max,0.8642625004355633,0.4033822688193697,0.02801837143525847,780.7884129735937
