,X,Y,SPEED,CURVATURE
count,180.0,180.0,180.0,180.0
mean,0.4804309440067239,-0.5812921589361596,0.009700319003142615,48.349224069748075
std,0.11086410586168496,0.09864637259141994,0.004783779985822868,117.46748183228979
min,0.26106999246747276,-0.7363882533023073,0.0010590927280457005,0.2450736638976278
25%,0.39712832577698054,-0.6571180336814827,0.006369312453117767,5.873190856469291
50%,0.5112885779609934,-0.5959057377543779,0.008955547509511299,14.162261233609666
75%,0.5671345959011861,-0.5188037892065472,0.01228835397074712,39.77838235747626
max,0.6484052013743342,-0.33637056669302196,0.026797313384954738,982.4229973140182
