,X,Y,SPEED,CURVATURE
count,180.0,180.0,180.0,180.0
mean,0.13511906011297825,0.16410874912713266,0.015078588947015664,18.37546129269096
std,0.32758277849053935,0.34527235811092466,0.006211184809739407,89.84820661530863
min,-0.2602123437055118,-0.29405021791424274,0.0012522537432265602,0.07385808580766329
25%,-0.17507215287693456,-0.15383661067372054,0.010350495046198052,3.2626827723279472
50%,0.04585253422385008,0.11666796384430488,0.014437252514071273,6.9259338745601555
75%,0.5199213436613432,0.5209022545528781,0.019030054036804467,13.851992073905008
max,0.7450075144143452,0.7251597285072545,0.0343349635346026,1197.0360848741968
