,X,Y,SPEED,CURVATURE
count,180.0,180.0,180.0,180.0
mean,-0.6810296017518258,-0.2617770406261866,0.010334628250410908,50.322906752329175
std,0.19239015292853523,0.16074254042556566,0.004900676112638038,134.72395509886866
min,-0.9883221168696215,-0.5501988400752698,0.0014658469940647051,0.07007871213753002
25%,-0.8270151568746869,-0.3561978151868386,0.0065993832223761525,5.947497811762863
50%,-0.7460680607337498,-0.29086996036377144,0.010497748540229024,13.66121006503478
75%,-0.5009564915428557,-0.15721282798610658,0.013575400040037742,33.93160131353259
max,-0.3391354709666051,0.046344407997764986,0.024652802109419322,919.0820974708819
