,X,Y,SPEED,CURVATURE
count,180.0,180.0,180.0,180.0
mean,0.01091478519932435,0.004437894388402337,0.016372246655467715,42.1401390155964
std,0.33209419906390686,0.22791709662775547,0.009395601297857872,262.54417898603344
min,-0.6786944650897866,-0.5253851757008374,0.00018932620966587136,0.0054405576152114
25%,-0.2650221858013408,-0.1830601199134501,0.009144393835986019,2.2633275432716298
50%,-0.044426500084045445,0.07140080404110524,0.014171785864399124,6.704805672575015
75%,0.3211084092234667,0.15325096639893654,0.021116169873124677,19.81323688842901
max,0.5336561386225903,0.35079936981104,0.04138639262804112,3391.151634592086
