,X,Y,SPEED,CURVATURE
count,180.0,180.0,180.0,180.0
mean,1.6706526737308751,-0.8123466671918316,0.012235503553423592,60.84921968119192
std,0.451414529684435,0.18535431451870996,0.005835008001692588,348.81643312669644
min,1.0749649160921533,-1.0949984904279273,0.0006637537458490875,0.040989464985081554
25%,1.1738045198953626,-0.9930249809045939,0.007637095888117001,3.9028845564463515
50%,1.6748316092732844,-0.8017408782946032,0.012315173815690143,9.795455332254576
75%,2.1352763989800665,-0.6353757910480047,0.015351371552281397,25.43474180147275
max,2.323657996008324,-0.518996958063284,0.0275745257587517,4372.997897487895
