,X,Y,SPEED,CURVATURE
count,180.0,180.0,180.0,180.0
mean,-1.2729540713264726,0.8430671966636466,0.012580509605101866,78.576030594977
std,0.28063419785564125,0.46591485208423056,0.006155249527986143,518.4479552241451
min,-1.6445255596525223,0.08704630415932291,0.0007400390491639612,0.02825184085633366
25%,-1.6057054491284848,0.3455277343903107,0.0075008714174190265,2.8949800065230185
50%,-1.2228064778571337,0.8381842461073344,0.012551426690769484,7.446415810254775
75%,-1.059198376532138,1.2859254733815773,0.01710971472372736,27.537687387171772
max,-0.825491628838884,1.4339353356162017,0.028615238987717225,6807.6583794605585
