,X,Y,SPEED,CURVATURE,ARCLENGTH
count,180.0,180.0,180.0,180.0,180.0
mean,-1.173249444444445,1.5852383333333326,0.007476742629711398,96.64877242586266,0.6853883625117833
std,0.2287695746113238,0.11667922137689005,0.0033830480594037237,879.9032263614446,0.36507597454812957
min,-1.6835,1.4047,0.00018027756377327197,0.02980915401310129,0.0
25%,-1.337925,1.506675,0.005391571527033835,1.7524893330653402,0.37908760423635646
50%,-1.07985,1.57695,0.00765326706525803,4.3844661105765415,0.7667727411585268
75%,-1.01045,1.7108750000000001,0.009864044273734324,15.473050414746973,0.967477925542098
max,-0.8982,1.7466000000000002,0.014401388821915832,11734.042612449028,1.3370517035314617
