,X,Y,SPEED,CURVATURE
count,180.0,180.0,180.0,180.0
mean,0.6901742457677615,-0.03484920314770765,0.012546554813985204,34.26632896881758
std,0.17423831885659366,0.12177831076791545,0.005578625182709422,135.2627420452076
min,0.29776325716247753,-0.30227054613376936,0.001049310149905358,0.2175869803776807
25%,0.5748008120623324,-0.11431674144073846,0.0075368607680846526,4.052225932806768
50%,0.6620196641775375,-0.024462810731591136,0.013051340265401744,9.729422802023535
75%,0.8669877083475301,0.05036511070099599,0.01631780941857524,22.47400564340749
max,0.9523486074117211,0.19333846800645144,0.0249475703561168,1730.7584119831574
