,X,Y,SPEED,CURVATURE
count,180.0,180.0,180.0,180.0
mean,-1.5216537162973374,-0.7834501290726673,0.009274210223207834,48.59407363522731
std,0.24455798479710597,0.1922183316007114,0.004396473165087177,150.1867877010505
min,-1.9175213604199361,-1.1461366957831502,0.0012824338902407326,0.05269441714959567
25%,-1.751928677080775,-0.9250889913847582,0.006012225126746739,5.734040119598929
50%,-1.4567722820435516,-0.8263125500892629,0.008757106706118404,17.159882074307717
75%,-1.2878720713794332,-0.5694876063463149,0.012246770693682674,35.37945004655437
max,-1.2080328757152057,-0.49387246669606866,0.0208785821676707,1765.9323265067408
