,X,Y,SPEED,CURVATURE
count,180.0,180.0,180.0,180.0
mean,0.26698840946977603,-0.04951803236932848,0.009806321981365013,139.50884450533442
std,0.13809978114045246,0.20689136118523704,0.005236997981136693,896.6478498902741
min,0.06030396506879403,-0.46486599313940435,0.0003233934692814754,0.27266051653928103
25%,0.1611163182013142,-0.1323824545155145,0.00532159780874324,7.655713544656783
50%,0.2338914060408151,-0.07479097995526161,0.009593898319252274,16.092104218386197
75%,0.34975877843472863,0.11845986259922554,0.013772591150384015,52.427522674456455
max,0.5463747485389155,0.33008289932324525,0.023052042046922294,11525.033551615019
