,X,Y,SPEED,CURVATURE
count,180.0,180.0,180.0,180.0
mean,1.217812049208692,-0.20810795587654213,0.010141312747549772,49.94318687817024
std,0.09571592341112178,0.35025436400449006,0.0055400072141237305,126.58194901529615
min,1.0268974507964128,-0.7078171788674945,0.0008308670568987795,0.1417066398864975
25%,1.1524132571916674,-0.5564776464190307,0.006047897540290107,3.9746528393318803
50%,1.1932843868419736,-0.20688123709065648,0.008870202956564634,11.693097659305298
75%,1.2837810482485397,0.16105703300007168,0.0138975495898594,32.741982467776076
max,1.4333886731756968,0.26848134838946885,0.026595415178470617,849.2306582347743
