,X,Y,SPEED,CURVATURE
count,180.0,180.0,180.0,180.0
mean,-0.8259124137538673,-0.703901897391625,0.01126456094400147,140.49563198422518
std,0.14270941439147114,0.2002601147382873,0.00675678180112272,1010.1685794680928
min,-1.3094949506721436,-1.0062804229456992,0.0003842359156409256,0.0778923536765598
25%,-0.8343396681519301,-0.8511844900871872,0.006537212110988215,4.964151222665366
50%,-0.7836204715770337,-0.7682213237218334,0.01055618958625499,12.244372501834658
75%,-0.7497900595779633,-0.4971038144024613,0.01416552224049649,27.691186463423705
max,-0.6668443359589133,-0.40067733802970945,0.03210339930042849,13203.1587613522
