,X,Y,SPEED,CURVATURE
count,180.0,180.0,180.0,180.0
mean,-1.461977495490187,-0.47976971248088923,0.007077800431642926,282.2387337612078
std,0.1197634752978729,0.11002353908303515,0.003816034508545991,2061.2356268116314
min,-1.6589616765714392,-0.644774043300993,0.0002362678397210634,0.21306945385280554
25%,-1.570635171528485,-0.5558237761608746,0.0040497940534170735,11.15770654893151
50%,-1.4544334442095708,-0.5042674699445646,0.006617121310854581,25.945226258478193
75%,-1.347609392808811,-0.39723462807390575,0.009427625777645169,65.34188514323412
max,-1.2712654644911885,-0.259454064890997,0.019061871733621286,24997.037808533398
