,X,Y,SPEED,CURVATURE
count,180.0,180.0,180.0,180.0
mean,0.23283029479316303,0.14700206199192442,0.015264360297856227,41.79464159152238
std,0.17523389010636228,0.30515862094805085,0.009601044034228115,197.51416536229928
min,-0.07853499417937465,-0.7211968138605636,0.0010013519967350727,0.07102513580737797
25%,0.08883517296182161,0.05446476341962652,0.008676731824811651,2.2433198579093427
50%,0.2281745523709707,0.22406287554387236,0.012457448835972187,6.9702205709104526
75%,0.4023021574197835,0.3218569262652893,0.019370619997009324,19.03673191170934
max,0.5264103336439787,0.5241822023933725,0.04275506968534716,2047.5277587607725
