,X,Y,SPEED,CURVATURE
count,420.0,420.0,420.0,420.0
mean,-1.4830733118527122,0.9860478121332557,0.011347303972827865,33.708073874555396
std,0.46557737420851086,0.24318485282168786,0.005342654728353876,407.915050406265
min,-2.171216712994062,0.6406231904550067,0.0002351213227344327,0.003387839067775024
25%,-1.8256805982796949,0.7588764488318946,0.007847494972058906,1.182276480052448
50%,-1.5977627224438717,0.9818404176466664,0.010770462001092329,3.335950858389929
75%,-1.0890057522889454,1.2018153198990928,0.014579375414235537,8.75422655952786
max,-0.6400117828223546,1.4252615470791052,0.02495008237119603,8305.655538849716
