,X,Y,SPEED,CURVATURE
count,180.0,180.0,180.0,180.0
mean,-0.5208907757671932,0.409853247667751,0.011397505004648421,56.02476289471066
std,0.22914742465117202,0.28637686496220477,0.007102616470202134,171.58301926743206
min,-0.8256803779656342,0.09300922822115361,0.0013063589086133502,0.19543175987725694
25%,-0.7088414590801622,0.1835893912205271,0.00567984018209544,3.2935069837921476
50%,-0.5708424881026885,0.2763816403165902,0.009761972046894097,12.257902266587699
75%,-0.43537547012268707,0.612306309009351,0.015467949850589996,39.56558181472073
max,-0.0023550477671104957,0.9722270191967457,0.02969654954498399,1624.958118201019
