,X,Y,SPEED,CURVATURE
count,180.0,180.0,180.0,180.0
mean,0.641836458108776,-0.36614666803315477,0.008722129365090784,79.21979576654924
std,0.06670737033105614,0.07192181386703349,0.004001705487724444,249.44484738056465
min,0.510605931518195,-0.5170763409516659,0.001033109955788256,0.1832652447463699
25%,0.5860663634519931,-0.3875299872030906,0.0058547352821096766,8.002825747325796
50%,0.6457627846204181,-0.3613347787683261,0.008555817688962238,17.204932777504617
75%,0.6939988706958942,-0.3149290100414203,0.011592025646900955,53.28905997663416
max,0.7622863182901602,-0.23735887774759865,0.020156142163569608,2511.967017507543
