,X,Y,SPEED,CURVATURE
count,180.0,180.0,180.0,180.0
mean,-0.5041385424200844,-0.4881534150234728,0.010967745924512919,88.75063144517223
std,0.2248063746895022,0.12741873779923357,0.005295658635493249,479.5656812699091
min,-0.8315908997349628,-0.7506989038226388,0.0006195745685614019,0.44222422460200467
25%,-0.7480630800505524,-0.5887350071808306,0.006367871694117854,6.116261061679988
50%,-0.4278367472494564,-0.4545855470319107,0.010816908597379842,12.041872004469024
75%,-0.3598302101844585,-0.3746570001775304,0.01512742352696015,37.95319287977091
max,-0.09357967675563408,-0.30297575218727874,0.02242261668958138,5751.292543661634
