,X,Y,SPEED,CURVATURE
count,180.0,180.0,180.0,180.0
mean,1.7635170229376134,0.05845462601890525,0.013924617091832311,27.887071198849153
std,0.23396349417783022,0.35426136088014126,0.006290998129254037,74.4668520491854
min,1.1847749314675797,-0.6365790201378208,0.0009437296720094016,0.03004388965025245
25%,1.615386094525043,-0.1843044313101665,0.009858482612671356,2.647158966175838
50%,1.8529712656514143,0.1623990738353081,0.013610069573200772,5.889562409161259
75%,1.9470048981557337,0.3569788352367187,0.018129777865631046,17.59380651368584
max,2.0587868611582536,0.5077834275448653,0.032127318566494346,629.8330603326972
