,X,Y,SPEED,CURVATURE
count,180.0,180.0,180.0,180.0
mean,0.7636328328688688,0.6191479294912473,0.010722868175157298,56.930816625369594
std,0.16501812385338388,0.0713425332549853,0.005487026916082869,222.601602446353
min,0.4621821949901868,0.5339630222361832,0.0013828353802267767,0.11169723563664681
25%,0.6270520746560644,0.5633325478367462,0.0064445147831026315,4.674678693447354
50%,0.7839600438005929,0.5888587490152223,0.010259692931703217,12.226983142131612
75%,0.8871216722022099,0.6800567430104687,0.013901540229784428,28.371583907473905
max,1.1367637160403758,0.8356445820897921,0.025702118652151724,2712.339173996137
