,X,Y,SPEED,CURVATURE,ARCLENGTH
count,180.0,180.0,180.0,180.0,180.0
mean,-0.7585577777777777,0.8791533333333333,0.004601989448973711,39.132286727061796,0.378527326933512
std,0.1120950105565907,0.08511247989946522,0.002122981802152215,120.77530136194497,0.22077676527839704
min,-0.9306000000000001,0.6453,0.0005852349955360401,0.05408648162316467,0.0
25%,-0.8145750000000002,0.847375,0.0031989156873778427,6.142997022581415,0.20762795118875385
50%,-0.7788,0.8934000000000001,0.004366773238629312,11.274887996971497,0.37876460625713915
75%,-0.7048500000000001,0.9454499999999999,0.00550852178951408,28.332822466625863,0.5340769847310155
max,-0.5246000000000001,0.9963000000000001,0.00932443027750223,1347.016453042328,0.8220093382173737
