,X,Y,SPEED,CURVATURE
count,180.0,180.0,180.0,180.0
mean,1.0671260686784136,0.40921935813182037,0.010132449937548221,4555.714361314171
std,0.20650423861257353,0.21602186740783264,0.005070609301775408,60390.16946883873
min,0.6296669202907121,0.10637047784730662,2.9659757047076227e-05,0.09428366799423978
25%,0.8660398574942987,0.2016713333835969,0.006346405212068824,6.346701187849173
50%,1.125857790331871,0.4127807968294953,0.009353862829631491,15.123914116206429
75%,1.2002848219082132,0.6107281098970303,0.013547741534658698,36.996667981994946
max,1.3659844557005594,0.7582654379474244,0.022564760931331557,810271.4087458033
