,X,Y,SPEED,CURVATURE
count,180.0,180.0,180.0,180.0
mean,-0.09127099889087305,-0.042283833769496806,0.011265198211525272,70.38733018477149
std,0.11513904042071046,0.3221014230791254,0.0065852971446758975,290.1489992335277
min,-0.29446196642458,-0.4415744631713191,0.0007037041890785973,0.0819203659492574
25%,-0.22570593612421955,-0.38455078593370806,0.006786840843624789,4.281353476818255
50%,-0.03924270221771231,-0.08264878018349049,0.010133731204640457,11.750515953009613
75%,0.0023766934104863355,0.2502004526235444,0.014685247739784706,38.23336723313277
max,0.16707610623367025,0.4402522333173043,0.03343121929673163,3301.8380191696674
