,X,Y,SPEED,CURVATURE
count,180.0,180.0,180.0,180.0
mean,0.007349425332012439,1.0615440695902283,0.01152174929186038,52.93485359719287
std,0.15514560389305618,0.22708936247163278,0.005619365702354351,150.5391646381276
min,-0.2089993997057631,0.774542474564452,0.0007276749899817663,0.05006209158269181
25%,-0.12684439933888547,0.9019256818203853,0.006870947503714826,4.6872637584149865
50%,0.0020460292360380107,0.9889558536839946,0.01167479156789818,11.068358718364241
75%,0.11847210875381758,1.2384168987314033,0.015265569311714348,24.43480237966763
max,0.30281913055988363,1.485723444475154,0.025420656113889308,1308.2172112021017
