,X,Y,SPEED,CURVATURE,ARCLENGTH
count,180.0,180.0,180.0,180.0,180.0
mean,-0.18416999999999994,0.2649833333333333,0.008056720998880924,35.424976976723286,22.991880842422784
std,0.23090341275595389,0.07619426106337938,0.0030814315166332474,267.3426344523756,11.857356854721088
min,-0.6845,0.1545,0.0003807886552932027,0.08076117549889321,0.0
25%,-0.36887500000000006,0.206125,0.00589432706029229,1.6344338043692364,17.09522939408689
50%,-0.14350000000000002,0.2642,0.00846651150706758,3.468550762512921,21.077708531859212
75%,0.02485,0.310875,0.010856574882004477,8.71002003000293,26.734271699064948
max,0.1068,0.41250000000000003,0.012948552042603072,3395.856022233934,56.63949168049492
