,X,Y,SPEED,CURVATURE
count,420.0,420.0,420.0,420.0
mean,1.733229967785167,-1.490621422892374,0.009167954249630735,20.14280805095078
std,0.11068454882918136,0.258012087043523,0.0037173805099885862,63.27730291062368
min,1.4768940100740036,-1.9141304852324639,0.0009921810747028387,0.04497986533663875
25%,1.6844914798128647,-1.6881816204691462,0.006560862553070637,2.2559311730015645
50%,1.7349215974074474,-1.5221718246367368,0.008863240600703193,5.570572187459705
75%,1.8089212125961063,-1.2834492620328009,0.012387458401080598,14.950719757636055
max,1.9178881885321912,-0.9935973918824869,0.016069915524192485,671.421202777597
