,X,Y,SPEED,CURVATURE
count,180.0,180.0,180.0,180.0
mean,-0.6655634288951594,-0.34025444504459124,0.01228901805817048,97.6217521625245
std,0.18225216217963983,0.1201682009718472,0.006913793719789403,579.7166640580443
min,-0.9997432854649817,-0.4763594561078136,0.0004981882619466732,0.07177419903341738
25%,-0.8626352951316973,-0.42796801293836306,0.006814181838901454,3.232067403265134
50%,-0.6092505663257246,-0.37975030767981466,0.011565201356977889,9.34767461081185
75%,-0.5256021150225171,-0.2856918492982212,0.016187480606170715,33.0759723215845
max,-0.3742839353273583,0.036505505550471176,0.029504806590415336,7502.016594174192
