,X,Y,SPEED,CURVATURE
count,180.0,180.0,180.0,180.0
mean,-0.8341520275179579,0.8455010555589851,0.011172156275857272,158.28892118114504
std,0.19988023138583502,0.0849409206761734,0.005252139707006363,1519.3792889895517
min,-1.415923008101168,0.6574695279464359,0.00035737010956142615,0.018796684853682404
25%,-0.896892699137477,0.7814790029845528,0.007044891957417844,5.181624867444427
50%,-0.7681045517967234,0.8301258991722882,0.011100301110155978,11.039143190222767
75%,-0.7101360953048812,0.9116400457865248,0.0152512136191165,29.816692113432858
max,-0.5796601254642035,1.0228397882118552,0.024378783654800246,20297.99682264347
