,X,Y,SPEED,CURVATURE
count,180.0,180.0,180.0,180.0
mean,-0.813694823514152,1.7599079046898678,0.012578781817798193,50.45458809548566
std,0.0972936299718753,0.39885596490394715,0.007235763415316022,171.6473081078698
min,-1.018047106989059,0.868413226475099,0.0009204669838801388,0.010004558496501802
25%,-0.8645709976961663,1.6024368304912628,0.007024029665139648,2.8939929976501553
50%,-0.8069922812943267,1.9236192198559248,0.01138923323566089,8.183550703347734
75%,-0.7392007386525699,1.9982664772652994,0.016095030079846227,28.77254037601411
max,-0.6312034394913999,2.172418791829459,0.0283994509310216,1472.640722131036
