,X,Y,SPEED,CURVATURE
count,180.0,180.0,180.0,180.0
mean,-1.2927628450728574,-0.025074110766298428,0.012436892591867421,46.95786703821565
std,0.2014870135383937,0.5174650466064953,0.0065498447817962276,216.74466997735388
min,-1.5910769007173546,-0.9446964641628097,0.0004921385125338668,0.06915107014260465
25%,-1.4486665981999285,-0.3582821055767398,0.00700185053907708,3.2181834697998144
50%,-1.349962349520351,-0.10300804311738412,0.011821850257061688,7.094917606372516
75%,-1.0754038850349603,0.4478168793703133,0.016827344444102648,23.060483129953443
max,-0.9930324463442154,0.6900893096342605,0.03089033979518489,2400.7130500748426
