,X,Y,SPEED,CURVATURE
count,180.0,180.0,180.0,180.0
mean,0.19834789433089542,0.2298057540607313,0.015569904262533114,13.319197931190727
std,0.24073812206895817,0.43200408065484336,0.007283763624867343,32.39938398440329
min,-0.11605796249551377,-0.632934132659028,0.002115210366788345,0.05047097420709571
25%,-0.0536923206873228,-0.1031007960538434,0.010125535598546117,2.1569401771908416
50%,0.15272034521295552,0.3795393921292282,0.014308416563175242,4.543629525125366
75%,0.43609258838955683,0.5612167004691071,0.018946660888108216,13.025629963209367
max,0.5929980444005053,0.7787605283211912,0.03529786280789282,312.9016353747219
