,X,Y,SPEED,CURVATURE
count,180.0,180.0,180.0,180.0
mean,1.5537590414841989,-1.6314652107235408,0.014331560562644344,24.56722528016116
std,0.6214233926399915,0.3347279011716155,0.00780224922254118,71.3198077608578
min,0.802838113883646,-2.043173464521183,0.0014756103304129995,0.0060088988777217914
25%,0.9498765540487704,-1.9553254842596526,0.008998841958985555,2.4868284085573586
50%,1.4529910642380646,-1.7214869607843957,0.01254565268668099,5.95362934004401
75%,2.214217666406267,-1.2882787130419955,0.018581828877499533,15.721433531104537
max,2.5021551430387583,-1.097779170027574,0.03670384206309463,607.1964765703339
