,X,Y,SPEED,CURVATURE
count,180.0,180.0,180.0,180.0
mean,-1.9373281713514527,0.583539792640409,0.010450045385290175,78.19035777803046
std,0.09580031783099788,0.35594841377667086,0.006172834153512983,423.45556569567617
min,-2.1175026196742452,-0.11914005041146641,0.0005823298108796566,0.13741038236550435
25%,-1.993833103881452,0.3315336957630924,0.00610452576026993,5.172626575069376
50%,-1.9194028471982478,0.7947926487036483,0.008410249733672354,14.916223808113296
75%,-1.8805082339360017,0.839014084484812,0.013913973351909706,37.383216215187815
max,-1.7684647197440082,0.9031379371710104,0.029280074077778447,5421.740288957179
