,X,Y,SPEED,CURVATURE,ARCLENGTH
count,180.0,180.0,180.0,180.0,180.0
mean,41.61387555555556,47.13394777777777,0.7462486683319562,115.45740423240784,66.86943901031663
std,17.000988436327358,0.627951041348153,0.40386847940648307,1521.7503058522798,39.106560740899084
min,7.1093,45.9872,0.002593260495979342,8.77023410818839e-05,0.0
25%,25.9083,46.606525000000005,0.4566542206207296,0.0013951323614346902,30.898255215965786
50%,44.959500000000006,47.3477,0.7415562820691557,0.0043005473653209576,70.1039473968743
75%,56.084675000000004,47.729975,1.0550217671933864,0.024282332364833157,96.86994103422201
max,65.3296,47.830600000000004,1.5939936770577234,20417.451158044652,134.24637794644838
