,X,Y,SPEED,CURVATURE
count,180.0,180.0,180.0,180.0
mean,-1.6813272536108728,-1.0644247627854688,0.013325018694878794,68.01523883591845
std,0.19166308055518042,0.2215218756724513,0.005449405697336949,523.8593037526989
min,-2.2438545288860636,-1.5054453238836873,0.0010053313163061858,0.1294431578546276
25%,-1.6757030056602393,-1.2587122703487772,0.009363632547799074,3.108894122613201
50%,-1.606779178109277,-0.9940856027268936,0.012458481137882737,7.086838952172732
75%,-1.5815139074339408,-0.9047943658471637,0.017165908322239014,17.297029555253186
max,-1.4457671670028285,-0.692117546396362,0.02560965243823434,6906.33587425775
