,X,Y,SPEED,CURVATURE
count,180.0,180.0,180.0,180.0
mean,-0.12792368101859822,0.4510166125396169,0.011623627038665952,61.30172208358059
std,0.20375482795779207,0.1729082433806274,0.006199151762432495,172.8528524771055
min,-0.3715986411083684,0.11534182831371176,0.0009908935980131614,0.02076751182335035
25%,-0.28747469076413834,0.33819079208739855,0.006300463351629407,3.66326398505334
50%,-0.24445632777197232,0.44718134300581847,0.011473111003531796,9.979382029603821
75%,0.049836926078678075,0.5643974923161383,0.01634066584638244,31.668196513983787
max,0.28389748743838905,0.7995704822372578,0.027968075037041275,1243.941476614598
