,X,Y,SPEED,CURVATURE
count,180.0,180.0,180.0,180.0
mean,-0.40243929339725776,-0.6146760957515017,0.011707677058590051,20.616621083834257
std,0.239283017173251,0.15174830668681022,0.0044465946058880835,37.65740061660477
min,-0.7471035815980653,-0.783587224907913,0.0019718273626038916,0.050665995107937144
25%,-0.602857275926704,-0.711900226158948,0.008999755936963769,3.2951309902896266
50%,-0.46679465376540946,-0.6498943927655227,0.011989518849156933,9.95030693033478
75%,-0.16415865150627557,-0.5962168284255228,0.014238653098836925,19.4983830078558
max,-0.010529010339187288,-0.10636384165454596,0.026399053032212773,310.61056933158704
