,X,Y,SPEED,CURVATURE
count,180.0,180.0,180.0,180.0
mean,0.4357660826638705,0.04708537075733489,0.012717823197295185,23.7899748554456
std,0.39532018374532096,0.30556128413552697,0.005444070738842453,89.55463236414082
min,-0.045078087525123524,-0.46202908630876954,0.0017598381205507774,0.03045103643230995
25%,0.05983856058134668,-0.2560785382400258,0.008725770360355302,3.6676365738869223
50%,0.3435286533510907,0.18027851303942022,0.012085576136966005,8.014941388923408
75%,0.8485009560992111,0.28321769617944414,0.01607656844304584,19.455287701291127
max,1.091542571741426,0.4251362360111419,0.0281238704212248,1021.9277497125787
