,X,Y,SPEED,CURVATURE
count,420.0,420.0,420.0,420.0
mean,-0.9004233357964972,-0.19321680611071929,0.010472026011732454,37.26341099011194
std,0.26621680204744896,0.18693353292037698,0.004265472021062059,325.17354328384977
min,-1.3710357098627697,-0.5868074865574888,0.00031466932155424277,0.01346538821311404
25%,-1.1192343825083977,-0.28929976123795414,0.007708605297618069,2.1339235266941405
50%,-0.9299178096698124,-0.19960681416021497,0.010539129053845565,4.101905202178493
75%,-0.6713318993363167,-0.043087432835218514,0.013765706149800114,9.525288440782067
max,-0.44307198755607585,0.1300541093907951,0.01792121823458099,6115.596966784127
