,X,Y,SPEED,CURVATURE,ARCLENGTH
count,180.0,180.0,180.0,180.0,180.0
mean,86.31325888888885,8.425152222222229,0.10402695510654171,2.8896781717680717,11.289415193595854
std,2.22215556424573,2.467755493136557,0.05980309987234134,21.30750643912333,5.364111071551361
min,81.0908,5.0186,0.006264982043071246,0.003505944280275808,0.0
25%,84.9227,6.062900000000001,0.05437696319780875,0.06325139056282528,7.626889048373515
50%,85.7206,8.549150000000001,0.08514373647863477,0.32726589444514004,11.597607851799326
75%,88.534975,10.90885,0.1557561576734744,1.1181809796875777,15.982606193063893
max,90.0278,11.848500000000001,0.23130144833096308,282.54309052541845,18.62909554899625
