,X,Y,SPEED,CURVATURE
count,180.0,180.0,180.0,180.0
mean,1.0458010437905545,0.8798017917363731,0.010002331750734261,81.58165055092269
std,0.1721371625765513,0.28112164006135276,0.005205795182888749,572.1131293930173
min,0.8772773763943045,0.4908550521310988,0.0004246497376789314,0.07155325663538643
25%,0.9093580653513554,0.5999330855471936,0.006068304747424311,5.0514203066159915
50%,0.9711307558536948,0.9265143851294303,0.008952856091612837,14.256561188249243
75%,1.199908430320627,1.0956435139921752,0.013076837186907187,32.57532658826108
max,1.3867586159640266,1.376209621013253,0.0248016351101069,7605.049219434935
