,X,Y,SPEED,CURVATURE
count,180.0,180.0,180.0,180.0
mean,0.14740508673496142,-0.31119417220105894,0.011196797703972416,47.47967405643016
std,0.1560900867247167,0.15971937965933958,0.0053787447862917144,123.76198914850723
min,-0.12557162388696924,-0.6188640624106808,0.001046843159813317,0.21853671492885562
25%,-0.04159827131308158,-0.4286123295549601,0.006845868681471507,3.9720002646834836
50%,0.18027651344294388,-0.2739213230265418,0.01116992159343926,11.919614986523307
75%,0.2524059766451671,-0.19719006829648705,0.014985019233436477,33.157338005349445
max,0.3890999701125289,-0.020069478380260526,0.02650703408178465,1022.0729055709534
