,X,Y,SPEED,CURVATURE
count,180.0,180.0,180.0,180.0
mean,0.7924740695435869,-0.5153795911624843,0.009380619047181737,97.32064587154007
std,0.13713380368787056,0.1629510079096352,0.0049979422903717406,388.7737841581663
min,0.5040176382108531,-0.9271735281650788,0.0007587668242661153,0.055292001108877435
25%,0.7320425890128762,-0.5763374418005592,0.005427018858601175,4.638175736751541
50%,0.8086154551485311,-0.5220072688839177,0.00981818527497825,15.397962902854676
75%,0.8728557509701047,-0.360543518833042,0.01340689094634247,43.91736279524502
max,1.0218152360802208,-0.28957626439851947,0.021010596589783,4422.373281730867
