,X,Y,SPEED,CURVATURE
count,180.0,180.0,180.0,180.0
mean,1.9581706261382854,-0.3255675443446221,0.013630789959345793,81.68379400676284
std,0.23177278547432512,0.2630977288671896,0.007606130472596578,429.88758374686637
min,1.18066621001598,-0.5736308067918764,0.0006536835165342631,0.0825123983692392
25%,1.870870343707095,-0.5132455815768985,0.007846601927606252,2.1877407811789062
50%,2.016780414496363,-0.4589051541790166,0.012590352019297493,7.4661155160289905
75%,2.143312786606143,-0.13952018430490531,0.01929641464426233,19.694157020266147
max,2.2060359726096688,0.30565283607047034,0.03316095429627034,4991.910929322625
