,X,Y,SPEED,CURVATURE
count,180.0,180.0,180.0,180.0
mean,-0.9074421042032226,1.593125985245503,0.009407583004667193,31.903113431895115
std,0.25130508579915073,0.13986702764851408,0.004011695113809088,56.64618739675937
min,-1.411463096004228,1.3281768137634171,0.0021300274270512195,0.08636099873792315
25%,-1.1448682487152129,1.4609737191426433,0.006382334773036624,6.142665598280387
50%,-0.7944524505152395,1.6451118607456627,0.009050204130730797,15.369669044845537
75%,-0.7277611627933944,1.7080260638149234,0.011208490948462357,31.61254486615041
max,-0.5509657041954092,1.789598055562955,0.023260601794874835,533.508011017658
