,X,Y,SPEED,CURVATURE
count,180.0,180.0,180.0,180.0
mean,1.041840851867835,2.554947333099589,0.013627005550706084,49.77549168863743
std,0.20274865633100542,0.4700671913638699,0.006110979301034084,306.40608572193867
min,0.7953136080643137,1.9272951280083463,0.0006623332618878939,0.08951468486370874
25%,0.8361922004591278,2.1328584082165887,0.008944112898554969,3.338971555693897
50%,0.988713197317617,2.40232450408787,0.013943052794383527,7.530287576594656
75%,1.2569953898210275,3.0169805182414193,0.01815490629492158,20.699085779045824
max,1.420725842992653,3.282810137178685,0.02825976614425623,4028.025212194801
