,X,Y,SPEED,CURVATURE
count,180.0,180.0,180.0,180.0
mean,2.3109691612938117,-0.6361657685992935,0.011079045211064604,44.03761166305897
std,0.14821401929460734,0.16783954522825045,0.00454006814579826,179.26061242016718
min,1.8830070328859039,-0.9260505754896935,0.0009936064872788151,0.10039629034841345
25%,2.218295564581624,-0.7595612819095178,0.007844752496963495,3.7337214362274254
50%,2.27921963707307,-0.6198389290963691,0.010770786345275877,12.214346003626787
75%,2.44203848747304,-0.47803234351206236,0.013807426072284457,32.41376518159392
max,2.553677441551914,-0.3772979748878611,0.02531762502511397,2070.191363352662
