,X,Y,SPEED,CURVATURE
count,180.0,180.0,180.0,180.0
mean,-0.08377905272987819,-1.839158965873816,0.011835754459491412,42.25585448012032
std,0.1778166175423194,0.18979038632964904,0.0063602119771708505,102.67450086852226
min,-0.32671438607305964,-2.0992389996718934,0.001797534031845796,0.006805838221527375
25%,-0.25886240476363304,-1.9595918033374322,0.007244072645225502,3.433521161050026
50%,-0.08990502993740272,-1.8864997158494345,0.010175598240650448,11.400505263737486
75%,0.0729660283980575,-1.8028619896349565,0.015484472337720514,34.28304462891691
max,0.18624682439369802,-1.3133063836574512,0.0318026327739813,757.045750009596
