,X,Y,SPEED,CURVATURE
count,420.0,420.0,420.0,420.0
mean,0.31443846819583193,1.1679313810830179,0.009491772217569102,42.39071997424028
std,0.3883615659071735,0.22883767477836844,0.004466114511325631,430.17288981243877
min,-0.22499450758288178,0.7899924084478817,0.0003026765964310535,0.009081819310187398
25%,-0.06627681965474236,0.9616273327614704,0.005314778556799252,1.2058324381414236
50%,0.2831943538118994,1.1132358770325186,0.009925458642452298,3.110509889397246
75%,0.6728968324100022,1.4149847424709308,0.013244432416834373,12.600375809216331
max,0.9142352945433778,1.4874957964305164,0.01757002709408125,8620.915608085568
