,X,Y,SPEED,CURVATURE
count,180.0,180.0,180.0,180.0
mean,1.0780001669981458,0.27037872006133146,0.010538996587190565,70.9095025696523
std,0.20223700402353526,0.19877361475804814,0.0061893260702612,286.80697276700084
min,0.818731305785608,0.06902242768266546,0.0005408388493025895,0.3042948296162038
25%,0.8683163569527461,0.10307735579065706,0.005791650024444772,5.2600934111094535
50%,1.0557509427248144,0.1959383822470176,0.008807155793161457,13.93757896823644
75%,1.2594425103224542,0.45265768595738265,0.014602268763417543,40.695315250323326
max,1.4229905000532974,0.651309249294457,0.026569025793532167,3604.8551191897027
