,X,Y,SPEED,CURVATURE
count,180.0,180.0,180.0,180.0
mean,1.1922191902936023,-0.7213052950803933,0.011550789944932508,61.115517344408275
std,0.2464983134405135,0.19557957171978635,0.005273815895792089,284.90514936902895
min,0.8781482130070762,-1.0434181153743414,0.0008540997099394403,0.014600398639131505
25%,0.9312173116938395,-0.8701413839346528,0.007481609737515651,3.5455593224924495
50%,1.1964613173704834,-0.7124854913931397,0.011491177494452144,9.122603155367681
75%,1.3819707688263292,-0.5925337138791087,0.015233841545497093,26.17350663933143
max,1.715883803989452,-0.29326718247357325,0.02710827164763816,3407.4330483997055
