,X,Y,SPEED,CURVATURE,ARCLENGTH
count,180.0,180.0,180.0,180.0,180.0
mean,67.43089333333334,15.062941111111112,0.46043515706046034,2.0029116528747704,41.935226447098174
std,10.18678865870154,1.465177602283558,0.351340534968884,9.372583860451599,27.411851904600102
min,46.3235,12.0489,0.024990648250897446,0.0007449665586792444,0.0
25%,61.697525000000006,13.88655,0.16969980684367558,0.01871052451094311,13.976686721115769
50%,71.78345000000002,15.350650000000002,0.33453508812833443,0.06751735542605639,41.48330325720066
75%,75.07390000000001,16.281650000000003,0.7223583634756723,0.3425376053160773,72.01397459187477
max,78.82350000000001,17.2051,1.3653440784285844,87.61044053007463,82.63825623581111
