,X,Y,SPEED,CURVATURE
count,180.0,180.0,180.0,180.0
mean,-0.9819287943724387,0.8378307501961217,0.009754587409253284,216.63914115918357
std,0.07011166740678001,0.16385330214788388,0.005239578934786394,1566.8775813161312
min,-1.160691000346082,0.6442016331248184,0.00044860588434571285,0.015723250493279602
25%,-1.032807984495799,0.7102797857389921,0.006601499104433346,5.263410669803368
50%,-0.9738681728697064,0.7765203551607663,0.009461636697936635,11.601172450953104
75%,-0.9290744669886482,0.9386703107209043,0.012202257257607334,31.199452773807245
max,-0.8558466886545689,1.224547370520889,0.029702863080593663,18775.415851359237
