,X,Y,SPEED,CURVATURE
count,180.0,180.0,180.0,180.0
mean,0.4452953170259579,-1.3362227622805773,0.008206011243123399,97.68077900349886
std,0.21525622108579062,0.0871057921126607,0.004340557314915028,237.98989296225153
min,0.14895748551298668,-1.5693287138113394,0.0010046326270452986,0.08414382403748137
25%,0.2554436387621766,-1.3830286372407183,0.004883415464407424,9.460757065640239
50%,0.437314219664172,-1.3431464570763354,0.007725598206749843,23.92486196849928
75%,0.6430938205876956,-1.2641792097566413,0.011122093506833953,62.49422397910557
max,0.8995790042782809,-1.1872809056504627,0.01884924568315276,1874.1172736116314
