,X,Y,SPEED,CURVATURE
count,180.0,180.0,180.0,180.0
mean,-0.7559982173043297,-1.3469323000987712,0.012948642563741513,20.686675970381266
std,0.2844106128778582,0.22565762556453017,0.005552001237165425,41.83432753819944
min,-1.3603748417059949,-1.6501395710229654,0.0027246029250372087,0.019008210522745345
25%,-1.020258342872257,-1.5372811079644144,0.008519502967162083,2.593832472788702
50%,-0.6674787215892042,-1.3858032175627706,0.013092873418466133,8.25949220579567
75%,-0.5437403659618576,-1.2310934109837959,0.016424487942799458,19.504315885677478
max,-0.3239691489947042,-0.9080556581004248,0.026149413866473143,327.28042848152853
