,X,Y,SPEED,CURVATURE
count,180.0,180.0,180.0,180.0
mean,1.7590983825252562,0.5742626543699186,0.011170213761765658,45.259071385578785
std,0.30365162171016696,0.11785241040306081,0.006400607215649006,107.51659228701853
min,1.3731321105286776,0.40559792692243,0.0014282555896145042,0.07908712838483808
25%,1.5218977548989512,0.49741805235713077,0.005953536901263301,4.2154082006571185
50%,1.583978821349303,0.5448560955418185,0.009880465517197512,11.684346338609089
75%,2.0396055229334693,0.6341731796413661,0.01574195781480551,37.65639741606627
max,2.340048228049537,0.9531943086970571,0.02744851484524758,1057.7095679545691
