,X,Y,SPEED,CURVATURE
count,180.0,180.0,180.0,180.0
mean,1.0215257125873891,0.44220006580886745,0.009119600458914072,295.8014773075659
std,0.1672976635677419,0.06044792355567745,0.004566617856802311,3002.326973917286
min,0.6361568695801988,0.3086312298593924,0.00028308121830820536,0.13178237085047387
25%,0.9710562000505288,0.40040903697464,0.00514791447642028,5.699511909161427
50%,1.0637997407718909,0.4416766334408947,0.008952436102552759,17.077401299443995
75%,1.1402347654576541,0.4741722468321875,0.012472376737179476,46.785767316240275
max,1.2583875951136918,0.5746552889128016,0.021270154296421435,40010.58691673317
