,X,Y,SPEED,CURVATURE
count,180.0,180.0,180.0,180.0
mean,-0.2523695121249512,0.14173422431528074,0.011518681769030661,30.639926710303133
std,0.3266503943832932,0.09625751113136856,0.004987421935388465,72.34139627909221
min,-0.7337935677271845,0.02410984948943388,0.0016204948123410147,0.012032750595454349
25%,-0.606876783863035,0.06286181816056083,0.007507497381332967,4.43293661933658
50%,-0.2827151294660246,0.11098969054137911,0.011224708952831541,10.252507508629739
75%,0.011474656750785904,0.2025249178842068,0.01508785803144382,24.576022492858467
max,0.26417538230708615,0.3204351885113597,0.023359796788295174,654.1744560726256
