,X,Y,SPEED,CURVATURE
count,180.0,180.0,180.0,180.0
mean,0.049355852675561196,0.5069072416990543,0.013136212420486484,30.2559854543349
std,0.2959697780688246,0.414341972223986,0.006194234750426909,84.24305758989388
min,-0.38031755802256556,-0.21165863059875584,0.0015261674449648308,0.022514491109594838
25%,-0.19741324880310984,0.10449183282341368,0.008364176243740619,2.6688685531282066
50%,-0.06689160424412299,0.6615296035790059,0.012657720907609603,7.903521119859999
75%,0.34269287826153483,0.8699738236317629,0.01822269033525049,18.674928120104383
max,0.4807310092419586,0.9908379791436068,0.02713668689446945,699.8990183684897
