,X,Y,SPEED,CURVATURE
count,180.0,180.0,180.0,180.0
mean,0.8674560873418476,0.6475428720858923,0.010790956979279885,65.21478468424523
std,0.08181863023467736,0.1100025612490078,0.005622494467700048,270.84406235946557
min,0.7052008385697338,0.3536875792063152,0.0010345784272491494,0.2028592890450114
25%,0.808003161503457,0.5861141602958991,0.006504761129661697,4.45017133275878
50%,0.8697447121751514,0.6770094246531713,0.010633416192001484,11.290613513846301
75%,0.9380198072674105,0.714145133175633,0.014223104393992964,33.86007045776662
max,0.9943505326839839,0.8252737103965168,0.02800794413503275,2426.622801044707
