,X,Y,SPEED,CURVATURE
count,180.0,180.0,180.0,180.0
mean,0.01588696545327232,0.01186643558336661,0.013394275685308535,21.06756592845306
std,0.25966021522096105,0.1362786839304844,0.006131245982250893,42.77537639509215
min,-0.42241871242810575,-0.20643928110656867,0.0023645572378463427,0.11694380235920558
25%,-0.22538146541596668,-0.09637785352579882,0.008404146193404582,2.9702633799321605
50%,0.09219444425823725,0.0415129160565796,0.012675071492816988,8.764917425966726
75%,0.21385548843546218,0.09855378648977435,0.01786238241454333,18.962167728138205
max,0.4761802088997451,0.3598278935673599,0.03083665162000448,422.04320994993685
