,X,Y,SPEED,CURVATURE,ARCLENGTH
count,180.0,180.0,180.0,180.0,180.0
mean,-0.44192277777777766,-1.2892649999999997,0.004793880749932415,45.254298573813436,61.320081475398304
std,0.11506046544023991,0.15465628044475133,0.002352684576171434,340.5565448823166,34.656973158194134
min,-0.612,-1.4796,0.00029154759474224717,0.10798080513289732,0.0
25%,-0.53885,-1.4416,0.002665871650748875,1.681783671030215,29.532045279024945
50%,-0.45865,-1.31695,0.004977260849871726,5.365462112169119,66.17877409602781
75%,-0.329,-1.1302,0.005557217963392078,11.212884355147024,93.2409797136595
max,-0.2622,-1.0398,0.009509206065702878,4337.90538889921,111.93785390922234
