,X,Y,SPEED,CURVATURE
count,180.0,180.0,180.0,180.0
mean,0.8107407687316258,1.6107405997278252,0.012379427437549924,35.64969973883015
std,0.22330060850754802,0.14161087146425053,0.0065305756027926876,87.59815179220034
min,0.49867490512665563,1.1671468589539982,0.001976600456156255,0.060136683728147344
25%,0.621902561072599,1.570054417850114,0.0071777977485350305,3.116013154744242
50%,0.7719789758655545,1.6709188987528072,0.012788406430166203,7.7636905543078605
75%,0.9873176454046255,1.7083303676856625,0.01570162661330539,27.24709794891791
max,1.355424270777642,1.8108538345907206,0.031215746009612317,667.7267542870707
