,X,Y,SPEED,CURVATURE
count,180.0,180.0,180.0,180.0
mean,0.5604775160123455,0.5688024608710337,0.011538282493671044,49.238290591717565
std,0.2806446514009994,0.20063185078723422,0.006598879921276474,103.51886384838555
min,0.1776605717812601,0.18276908041232062,0.0015979679306120558,0.01180985310850569
25%,0.28137467373143626,0.3859547141183568,0.005589111052109587,3.9693790618596907
50%,0.6010397650738232,0.6265092477685497,0.010333586734431962,11.291110529839077
75%,0.8641276933144504,0.7480428055212536,0.016911439428408673,43.416497077104694
max,0.9478416177491811,0.850383515826734,0.028111986205559585,736.8067358952921
