,X,Y,SPEED,CURVATURE
count,420.0,420.0,420.0,420.0
mean,-0.6961543432180809,-1.1360346366216505,0.006995333889390221,114.23764353808572
std,0.27466050764109873,0.06382199552062073,0.00399404878266731,1047.5406944093945
min,-1.2154192948958622,-1.2897444759481838,0.000263330683597094,0.0020493645919049414
25%,-0.9287489319584288,-1.187073057723249,0.003659278932626307,2.156785388873503
50%,-0.6799311778201216,-1.1280992843052813,0.005833771570885027,6.306976631100887
75%,-0.4269529830603816,-1.0849903903549176,0.01059317785703269,21.017188458151836
max,-0.25918376463331017,-1.001709976104661,0.01580971864372698,14915.243736445696
