,X,Y,SPEED,CURVATURE
count,180.0,180.0,180.0,180.0
mean,1.303645041514577,0.12215885979107241,0.012986033183784529,26.69507389501187
std,0.4681974141022481,0.2075110223427246,0.0066390742961002945,73.16791134599603
min,0.8113862565697889,-0.2415507029179227,0.0017527838446063856,0.040976716571857676
25%,0.8777685128611533,-0.05967499216576831,0.00800590921269493,3.245557373857178
50%,1.1086847467471501,0.18651941154802182,0.012158538612214952,8.073900504019091
75%,1.8510719331091159,0.3180035632489001,0.016358975191582387,21.21738170407429
max,2.2087621662377788,0.4129124241680498,0.0327344459138806,743.8799568010076
