,X,Y,SPEED,CURVATURE,ARCLENGTH
count,180.0,180.0,180.0,180.0,180.0
mean,1.067051666666667,-1.2939183333333342,0.005102176262560278,42.654147641500415,147.6007116517698
std,0.17892226753100282,0.19363005055428156,0.0031491539428105658,116.84737333568938,80.09364524222501
min,0.7779,-1.4906000000000001,0.0006082762530298097,0.014781909260717072,0.0
25%,0.87975,-1.47,0.00241647528945006,1.7290382693724478,79.41319544872806
50%,1.1292499999999999,-1.3673,0.0040225915804820555,6.027183916852081,154.90138099277584
75%,1.237475,-1.1124,0.007541054106247887,36.79722694413865,218.75142902069217
max,1.2649000000000001,-0.9472,0.011826770480566528,1066.3718095483334,270.205185436039
