,X,Y,SPEED,CURVATURE,ARCLENGTH
count,180.0,180.0,180.0,180.0,180.0
mean,0.398712222222222,3.078280555555557,0.006784359123717508,232.72624261732832,67.05723869955844
std,0.23472741820113247,0.1603743630500585,0.003603604131990395,2831.748540100355,31.018375756330816
min,-0.1019,2.7518000000000002,0.00014142135623729392,0.04295788360465281,0.0
25%,0.298275,2.927325,0.00401224096615195,2.0022703609297743,43.84889773210576
50%,0.34735000000000005,3.1269,0.005914487761342379,6.748145044360831,74.59035757572153
75%,0.6378250000000001,3.2166,0.010304629156508208,16.965869583673506,95.17855751333869
max,0.7100000000000001,3.2704,0.014096985493359814,38006.98948878554,103.19910748411377
