,X,Y,SPEED,CURVATURE,ARCLENGTH
count,180.0,180.0,180.0,0.0,180.0
mean,0.1632999999999996,0.9003999999999995,0.0,,20.66922618882958
std,3.8966196046936706e-16,5.566599435276672e-16,0.0,,12.033337554477532
min,0.1633,0.9004000000000001,0.0,,0.0
25%,0.1633,0.9004000000000001,0.0,,10.334613094414806
50%,0.1633,0.9004000000000001,0.0,,20.669226188829587
75%,0.1633,0.9004000000000001,0.0,,31.003839283244368
max,0.1633,0.9004000000000001,0.0,,41.33845237765915
