,X,Y,SPEED,CURVATURE
count,180.0,180.0,180.0,180.0
mean,0.9457189570602444,0.4858529899908678,0.010256783155389968,161.86027762726667
std,0.23246506959214447,0.07846010151693521,0.005147783665998296,946.8838856350184
min,0.5064279875424083,0.37257609130167674,0.0004232225098166303,0.0028678217470522326
25%,0.8045867318316314,0.4170747884514912,0.006571306462390664,4.676725144060267
50%,0.9868037051560234,0.4575290475345271,0.009725160788246704,10.56337002793667
75%,1.142669222605079,0.560082662747683,0.013885283270789632,33.18141610698528
max,1.275714591513972,0.6285642345588418,0.02233245639342084,10451.21810785297
