,X,Y,SPEED,CURVATURE
count,180.0,180.0,180.0,180.0
mean,-0.8901460678197192,1.3800590429402508,0.008289026551416466,158.0037315164505
std,0.2151988961821918,0.15893063071516025,0.00433714032182414,1161.4209060518535
min,-1.2830584591277558,1.128950187117134,0.00042530307856679915,0.002707745454291978
25%,-1.107698604915751,1.250018653291456,0.00508425302117263,7.890869023632568
50%,-0.7863666305460042,1.3996596303961448,0.00785849567211025,18.453711345344956
75%,-0.7154980670862825,1.462149080894524,0.011121028140472462,54.61810082827405
max,-0.6746312608332075,1.6750574753503933,0.019093346195243464,15452.955221971588
