,X,Y,SPEED,CURVATURE
count,180.0,180.0,180.0,180.0
mean,0.7757754690840518,-0.01940416529424828,0.009805021486089992,115.60223935346
std,0.11572421563312724,0.09955128706999304,0.004741853660109631,749.4181283351203
min,0.5821683625468602,-0.2231518924478949,0.000283255788679981,0.3427067051827549
25%,0.6872588753813081,-0.05924615551664396,0.0065231571341247095,6.28953917613255
50%,0.7465729520093837,-0.0035820467746791053,0.009675734808526406,13.563181484420639
75%,0.8495293332234093,0.05375674361021977,0.013348289552749297,40.17647576896008
max,0.9839911206188274,0.1418239064410186,0.021004336839747766,9636.556188345023
