,X,Y,SPEED,CURVATURE
count,180.0,180.0,180.0,180.0
mean,0.7998358534668213,0.15565627505975493,0.007839472871685944,115.68953863700253
std,0.24772988113126107,0.06493304138112774,0.004171713825877499,482.5178358693674
min,0.37162962794524596,0.040915787882898624,0.0005009636044010418,0.22347406234151382
25%,0.5239704756395949,0.1047299169575153,0.004698089918278841,7.92118644389545
50%,0.8624799179908221,0.15793556779753906,0.007471662414147156,23.055314716035205
75%,1.0260159436661922,0.2039686053881256,0.009963506261905843,57.540935873934444
max,1.126288311757004,0.29079988394948547,0.022613047623299225,4677.0977789057615
