,X,Y,SPEED,CURVATURE
count,180.0,180.0,180.0,180.0
mean,0.33118161416171643,-0.49481772811074204,0.012217005775007264,58.77729490810235
std,0.17653954751381137,0.3533275654755603,0.004999593854523991,398.9098794046103
min,0.04009126622788127,-0.9424172268664404,0.0007831469035194501,0.03737701156729698
25%,0.1567073438699075,-0.8480967395442256,0.009305981774575312,3.067424006045664
50%,0.3666594117909694,-0.5779785638179422,0.012888659328407335,7.608486733382521
75%,0.48744915045529735,-0.09348168944039105,0.016024921582223035,13.807378698172776
max,0.6610449606053843,0.04780637087460234,0.0224448357050793,5201.042495521787
