,X,Y,SPEED,CURVATURE
count,180.0,180.0,180.0,180.0
mean,-0.7789573169505535,1.4638979446662748,0.012598620090444167,45.036092375508034
std,0.1922810704139614,0.20357300054350166,0.0055197733107902125,227.39966756478506
min,-0.9921809274300479,1.1485855628564647,0.0007524025286034281,0.07158867114993092
25%,-0.8936615662625675,1.2783378507602954,0.008401715264377132,3.497928308584797
50%,-0.8349831269817687,1.426098199639626,0.012790644133637336,7.860560783244918
75%,-0.7881891132275168,1.654291003236544,0.016354496657282766,17.96285407325378
max,-0.19600325139075547,1.8060479348452823,0.02503884828293873,2791.0721829852178
