,X,Y,SPEED,CURVATURE
count,180.0,180.0,180.0,180.0
mean,-1.3928495770226528,-0.33253591222636075,0.011555181482727757,100.32629765193136
std,0.20173061953764704,0.3256365260038981,0.005917279393341954,729.3465180848053
min,-1.7135481687879786,-0.9365361271575547,0.000517239921784212,0.06913425706803919
25%,-1.540721085496322,-0.6132034846576921,0.006382616234442276,3.2595825269701524
50%,-1.4387890055603685,-0.256788912288729,0.012485778714338393,8.39637149531061
75%,-1.215648340553435,-0.0764226723242509,0.015875049291075936,20.32491379652911
max,-1.0254439296108595,0.10280181949677213,0.026669691338614725,9588.169977210506
