,X,Y,SPEED,CURVATURE
count,180.0,180.0,180.0,180.0
mean,1.3561187427766241,1.7860535933909287,0.010287199296609836,40.52492891593339
std,0.15198332029258824,0.168975653705731,0.0046391662428399765,157.17186486018176
min,0.9593526457589812,1.464260070561538,0.001176132851205409,0.26931236807024705
25%,1.2343778894169593,1.6847587818500736,0.006679251081136304,4.352865082320078
50%,1.3418366175972098,1.780951019936187,0.009861459220181643,11.953620483226409
75%,1.5057181076699484,1.9245054030527682,0.013400188170497917,34.405815094852386
max,1.5790400559247877,2.078544163107542,0.027827505833704632,2029.1553111426408
