,X,Y,SPEED,CURVATURE
count,180.0,180.0,180.0,180.0
mean,-0.2196376018652761,0.8679403433868924,0.0132606441717039,45.50569387889663
std,0.10108600283788263,0.3516529679190579,0.006336645170281849,163.6022301017018
min,-0.437399362522969,0.5011607018620009,0.0006370020983638184,0.005434080299156538
25%,-0.2778888443031481,0.6305135371636259,0.008181060684928583,3.228817012477251
50%,-0.2002354604520269,0.7619947351318014,0.012741586109887054,8.110894381327089
75%,-0.1406965436034025,0.984025848840131,0.01853824844043571,20.97452265153377
max,-0.08036254775989898,1.6938520573573743,0.02673072128618016,1540.0735114494391
