,X,Y,SPEED,CURVATURE
count,180.0,180.0,180.0,180.0
mean,-0.6072733448685285,1.2319469163542385,0.010978635842990197,112.0263319780487
std,0.18603490891854982,0.13395070920176558,0.005677179705818405,924.8407731767983
min,-0.8487831312533088,0.7856220182010029,0.00048396458090418427,0.10554141167176757
25%,-0.772599428424678,1.1621660727035572,0.006236508189292559,4.202993966295813
50%,-0.6549833559414595,1.248919439506238,0.010325666878303722,9.971115597157208
75%,-0.42229929056395443,1.320047556454772,0.014728876197724415,32.81854512945617
max,-0.28249978829229583,1.453666715560445,0.027030707691188757,12371.285843073878
