,X,Y,SPEED,CURVATURE
count,420.0,420.0,420.0,420.0
mean,-0.23411980398211193,0.7656008831305495,0.011910339106482815,9.601538451418078
std,0.22341267291861963,0.35515797476555866,0.004975707020833931,19.254646917606678
min,-0.7775980639645236,0.06295835680154381,0.0022112698646100993,0.011490351472039513
25%,-0.350865741145036,0.4795197241768737,0.00765822697503127,2.1085249659604663
50%,-0.19163141012760476,0.8860362204146013,0.011322403330057467,3.781965476258908
75%,-0.09459450504054973,0.9969443057333651,0.015496503525138561,8.863599010657856
max,0.16429317708541571,1.2929512864011408,0.022857644204594692,216.0159153612424
