,X,Y,SPEED,CURVATURE
count,180.0,180.0,180.0,180.0
mean,-2.79366012310286,1.5527691718024468,0.013429123641025513,31.737283375449767
std,0.3623714347362467,0.18215306661247097,0.007099427977466536,95.81152541082022
min,-3.4935446453221695,1.2478977375958538,0.0013520142615868864,0.056989431882253985
25%,-3.0719717539952347,1.459702705202083,0.0074892900687790025,2.745138473425842
50%,-2.8582136678312087,1.4968803159625148,0.012335140562481913,8.581692878903993
75%,-2.4136589107062623,1.731552284957623,0.01875437791165669,19.629731945830425
max,-2.3309239420879164,1.8553593142613083,0.031706165312573406,867.1071219561845
