,X,Y,SPEED,CURVATURE
count,180.0,180.0,180.0,180.0
mean,-1.989628094539738,-0.597434196992028,0.011221670304039812,57.19450316132509
std,0.25754976492583415,0.1547959794784163,0.0054162704444929155,242.7445208964268
min,-2.403388309571027,-0.7898472688605084,0.0006691697176652253,0.2239737289811531
25%,-2.230167225409133,-0.6776081163963025,0.006365609666413841,4.564459880195896
50%,-1.9661353315041254,-0.6210575570283556,0.01213536419863578,10.567625432840348
75%,-1.7945034044483972,-0.5829955834584163,0.01492095204104159,32.05378192008546
max,-1.5093965093366057,-0.06399014705268337,0.026379381230291384,2623.2012077595655
