,X,Y,SPEED,CURVATURE
count,180.0,180.0,180.0,180.0
mean,-1.461285872464132,-0.2366075738576151,0.009443473349549687,162.46093624149827
std,0.2153171086484852,0.29265305670322284,0.004833061918851542,1076.7245388125002
min,-1.8142582069402273,-0.6029590602816888,0.0005449089933677183,0.06953311485635305
25%,-1.6779063467301694,-0.5540836049762048,0.00559360706087427,6.08073550268026
50%,-1.4110310748890431,-0.19287563132950064,0.009340813532098351,14.721138762717537
75%,-1.2542552251411676,0.07204638008174223,0.013006697387277784,50.474239548253735
max,-1.1738270734834872,0.1299017998766732,0.021824647814677998,13356.04587850936
