,X,Y,SPEED,CURVATURE
count,180.0,180.0,180.0,180.0
mean,0.5796220187211307,0.7816673584392343,0.008676152114689702,134.51723293486174
std,0.13012574759874607,0.14210054330184718,0.00395829296430908,872.647834035118
min,0.3861926595768341,0.4816856475308116,0.0003882039912246257,0.1842909445442233
25%,0.4760080423059228,0.6641915309197985,0.005903523240842211,8.09203229008993
50%,0.5694194094576129,0.8089637519646982,0.008634145782234969,17.409298153323466
75%,0.6780959012956195,0.8961553864753725,0.011242711159307939,39.70312252042165
max,0.8329721372471698,0.9694466397087237,0.018247707721797318,10694.121477145816
