,X,Y,SPEED,CURVATURE
count,180.0,180.0,180.0,180.0
mean,-1.9088973441645871,0.6662732429760367,0.009097925752194893,104.62902175124393
std,0.11803972887643038,0.13414774238945906,0.004768044705015418,569.4538719369368
min,-2.0930425867309026,0.27590655138149794,0.0004056437624691167,0.22827832249757535
25%,-2.0069031652471074,0.5752693207531239,0.005594536523434422,5.859407232203297
50%,-1.9213968708865337,0.6785219041744356,0.008555506588934746,16.708520836821975
75%,-1.7775349261082907,0.7651801247368488,0.011360496126078269,47.19054707083114
max,-1.6971949392473185,0.8858942061570216,0.02218322723203308,7115.218883752237
