,X,Y,SPEED,CURVATURE
count,180.0,180.0,180.0,180.0
mean,-1.163479403594367,-0.21457480029309264,0.011314055284467732,36.6434597610666
std,0.10974115735544715,0.21729867127134622,0.005739053463163727,75.04801219164989
min,-1.3748718889555673,-0.5754883306185851,0.0012789304914937688,0.07934597381618018
25%,-1.2504707444895655,-0.4176448901224318,0.007283696576220208,4.141834444057144
50%,-1.1543383629431594,-0.16614486687567032,0.010608387298947999,11.030804934198782
75%,-1.0631209691684487,-0.037318870166994166,0.014666736123965901,31.40320282111345
max,-0.9887285277740195,0.11496356800689748,0.026306732273264043,540.2062958379687
