,X,Y,SPEED,CURVATURE
count,180.0,180.0,180.0,180.0
mean,-0.33586129443541024,-0.3234400455729609,0.009520493510282162,386.0426312916088
std,0.19401993787674426,0.08237605851051771,0.005664426408260364,4125.11626077798
min,-0.6274150647230371,-0.49023553410305015,0.00022945736101481754,0.1172583496715848
25%,-0.4506364889763908,-0.37731744396931377,0.005441617711380545,5.4768984070378535
50%,-0.40912786769238285,-0.2934562089090291,0.008690007406308098,15.896638739457178
75%,-0.10950992933869627,-0.2694211446026443,0.012560027273136985,53.54242356300778
max,0.008730649494227255,-0.18681010097396192,0.026881117770368588,55343.119622313694
