,X,Y,SPEED,CURVATURE
count,180.0,180.0,180.0,180.0
mean,-0.8581922070936281,0.5263822619321581,0.013060206508584572,38.32212738177777
std,0.20807192702071545,0.1527962871621321,0.006925009126725379,142.28215676779232
min,-1.2389832876570788,0.24144314744967624,0.0009171065427181701,0.21707862005827566
25%,-1.0229719042846739,0.4381158259007703,0.007438790091371033,2.046503163169465
50%,-0.8805181214677942,0.5079923724397688,0.012191612002236243,7.148558840003627
75%,-0.7591940570919277,0.6282602212424627,0.01824238800190981,22.980128083884143
max,-0.4506904530856467,0.8298488457141324,0.032830745490235236,1536.9184431297012
