,X,Y,SPEED,CURVATURE,ARCLENGTH
count,180.0,180.0,180.0,180.0,180.0
mean,68.22866944444448,21.174759999999996,0.16659963127871086,44.172251623070885,13.195505708468808
std,0.09266799456968255,3.0136117116997427,0.10684953805040133,405.0602917527239,8.612370527165746
min,67.98400000000001,15.870800000000001,0.0010977249200030963,5.712722903947499e-05,0.0
25%,68.1833,18.5648,0.08802653725641858,0.005599143021676656,7.15685043869823
50%,68.2664,20.86875,0.15407808648126586,0.01503489680853683,11.654431381345791
75%,68.29245,22.956274999999998,0.22956787240142854,0.0772637608918838,19.05084435835081
max,68.3156,27.664,0.5026009948259166,5302.36611469223,29.863777387054412
