,X,Y,SPEED,CURVATURE
count,180.0,180.0,180.0,180.0
mean,-0.18631459067986916,0.9937421726871559,0.012459011995681354,30.018700069841014
std,0.1953360411469432,0.2146418560987748,0.006903107832636065,61.21372784896663
min,-0.5966652375796639,0.6665096432748211,0.001812886738936053,0.18151022345258608
25%,-0.3229192603148831,0.8625031966581913,0.0074131049836552,3.749625209529968
50%,-0.2512042603827943,0.9362350411313181,0.011209283457587548,9.631801545380142
75%,0.006732140735210641,1.0883429625109349,0.0165175061293033,22.680887945679217
max,0.17017560777308577,1.4655628143875588,0.03193039384244722,454.7866707585889
