,X,Y,SPEED,CURVATURE
count,180.0,180.0,180.0,180.0
mean,-0.0871545683550413,-1.5863428948832412,0.010735245239701232,199.2188529588981
std,0.10862312355887313,0.31695070262893693,0.006693946328953168,1852.7589725672456
min,-0.3038501484869058,-1.9599347831325102,0.00027838490361087044,0.010703721429810737
25%,-0.1285432895827646,-1.7931419790177974,0.005422498452783071,5.7382922861273675
50%,-0.07303610227094864,-1.6697400091403996,0.009652307161122062,11.396248071649705
75%,-0.022560594372097315,-1.5136115614246985,0.015099450158761152,47.401877016934925
max,0.13588021813734405,-0.8919324193292288,0.031245742097584992,24797.111465206013
