,X,Y,SPEED,CURVATURE
count,180.0,180.0,180.0,180.0
mean,0.36262744937053615,1.3123164969854517,0.0109658703308699,41.088320436396984
std,0.23140714132423088,0.15756973382574835,0.005552157974078322,86.36311584481753
min,-0.19249692105381713,1.0789099101179256,0.00106781057782005,0.010406472738641741
25%,0.2742436998077081,1.1574260978129012,0.006216954196317252,3.9365044360357273
50%,0.4213007572603171,1.2849872332861207,0.010374413204101499,10.273139800538596
75%,0.5100884688146456,1.4560896966160877,0.014433248853403389,38.50768851913561
max,0.6685676742032026,1.6203091581821656,0.0232153241572646,668.964897533627
