,X,Y,SPEED,CURVATURE,ARCLENGTH
count,180.0,180.0,180.0,180.0,180.0
mean,-0.6678949999999996,-1.0280844444444446,0.007392430154662708,12.781159872111427,106.42329563143242
std,0.3106167692658625,0.08318361585442778,0.001791488650229099,33.80852016485653,49.534532456234075
min,-1.1387,-1.149,0.0018357559750686277,0.0,0.0
25%,-0.997125,-1.0992250000000001,0.006510423351183023,1.7839050855616445,68.99738519973509
50%,-0.61965,-1.05515,0.0075101332264275586,4.716681965035816,119.3507682338809
75%,-0.3521,-0.9638750000000001,0.008670676117898787,9.971403442689558,149.89302660680175
max,-0.28200000000000003,-0.8732000000000001,0.010483916253003883,258.0827158546803,169.03719493613647
