,X,Y,SPEED,CURVATURE
count,180.0,180.0,180.0,180.0
mean,-0.23009104449537132,1.1794396222981964,0.010013142872780725,55.38840742488321
std,0.25406977372261835,0.14621453200155238,0.005065175903925808,191.23040510400412
min,-0.6624395609124542,0.875058343992449,0.0015018795326813934,0.0012955560315236737
25%,-0.4828968793911528,1.0870138024991784,0.0061577783438980516,6.5973609085742995
50%,-0.24476743358902048,1.1604758592625275,0.00904177518076655,14.398736232095114
75%,0.062295759154024966,1.2820633534017771,0.012681185913437672,36.46072828910886
max,0.16893661163742277,1.4834270492294255,0.02529537352281763,1849.3536369279088
