,X,Y,SPEED,CURVATURE
count,180.0,180.0,180.0,180.0
mean,0.8296163249204151,0.07595201693931485,0.01222611796314447,588.9737470329362
std,0.15675367022806164,0.3323751634174485,0.004996874423243347,7608.525277434508
min,0.5338872363271936,-0.3909860566907211,0.00018124428472542014,0.10538492815190337
25%,0.703174478179177,-0.2673691604560824,0.008616592616664035,3.6167991376544286
50%,0.8338232165407568,0.10747866408153475,0.012711491262264537,7.636035680129412
75%,0.9960966089999296,0.40412459881723983,0.016377317245744986,21.33338125395135
max,1.0350342637587668,0.5562741563999186,0.022980335015073097,102099.0424840807
