,X,Y,SPEED,CURVATURE,ARCLENGTH
count,180.0,180.0,180.0,180.0,180.0
mean,0.11938777777777775,0.14466944444444446,0.0061923723562142,18.983814975016454,0.490197692675952
std,0.1027803258435631,0.10633853398343189,0.002501431912114323,35.38776778908639,0.2934568960749918
min,-0.057,-0.04,0.0015628499608087742,0.1055576937634072,0.0
25%,0.022525,0.0685,0.0043807084218749626,3.397873511991654,0.24708243870960817
50%,0.165,0.13305,0.006050819248623783,7.273042193241373,0.4814986234363157
75%,0.20110000000000003,0.21535,0.007983733421038638,22.129078707522492,0.6753802604626926
max,0.2538,0.44160000000000005,0.011647853879577985,297.8865555878617,1.1068270783324632
