,X,Y,SPEED,CURVATURE,ARCLENGTH
count,180.0,180.0,180.0,180.0,180.0
mean,75.65705277777784,22.29133833333334,0.5595601829544375,0.7096201022674486,51.28780310759607
std,10.59107105827832,8.41914356570968,0.2413477613582161,4.894935101821311,27.236729108027436
min,61.234500000000004,9.9343,0.0251199124202313,0.003205817971651684,0.0
25%,66.934825,14.619724999999999,0.37799707770952,0.05509378205194426,28.41862564484181
50%,73.53225,21.2228,0.5361510145832816,0.1508331010165699,49.66067857179346
75%,80.859175,30.334450000000004,0.7524251269546265,0.27483272446860213,73.06394130957489
max,94.8148,36.6074,1.1318294946678151,64.57844481126389,100.06679836033683
