,X,Y,SPEED,CURVATURE
count,180.0,180.0,180.0,180.0
mean,0.8373962457780861,-0.3220397657957737,0.013324326681408927,27.235586175885107
std,0.320615432301113,0.2406816780428464,0.005974955939717393,91.27611891645536
min,0.2758968699446143,-0.6098711242419622,0.0010338990117440849,0.2709985102435297
25%,0.5572492594331966,-0.49017492006141916,0.00883744075396686,3.708183911209131
50%,0.9666223739673924,-0.43571186247956095,0.013379751378933864,6.878193662101543
75%,1.0607594444938886,-0.18226991282615412,0.017343051121958046,15.801613658015892
max,1.2746288216784882,0.303998496849874,0.028995667840102126,1064.6985584372942
