,X,Y,SPEED,CURVATURE
count,180.0,180.0,180.0,180.0
mean,1.765488225594936,-1.7058414094457142,0.010122421338428693,215.98477569703658
std,0.12254545992943915,0.25463876191512125,0.006583590903724564,1681.9744372950997
min,1.5613269124997136,-1.9942573989535817,0.0002638059397823273,0.09666088193599057
25%,1.65997560858916,-1.9157441688664076,0.0053316087049419,5.138993759237747
50%,1.8030026706098952,-1.7284014508151844,0.008359907246323732,14.303127907005393
75%,1.8468760137478424,-1.5831585651741293,0.015153381171519181,52.21313753957433
max,1.9946622857600114,-1.1370628739980932,0.02763063214849914,22072.022389610356
