,X,Y,SPEED,CURVATURE
count,180.0,180.0,180.0,180.0
mean,1.7026306445081352,-0.9019396547120777,0.014728322142100958,19.00425850473306
std,0.11690863877927919,0.5549681948703,0.006862832798284556,43.86977002080956
min,1.482156765049828,-1.7848572600794819,0.001924116292163211,0.05522975913862491
25%,1.6035680753866741,-1.4337834542181889,0.009507783118359352,3.105025008422366
50%,1.70096428706182,-0.7022902033796559,0.013992808035481322,6.751652414313854
75%,1.8036945318156283,-0.3871928782126201,0.020337740477402878,15.408278676259576
max,1.9062499865305116,-0.14935966372458315,0.03180310236773238,394.70642015546264
