,X,Y,SPEED,CURVATURE
count,180.0,180.0,180.0,180.0
mean,-0.5592550330411762,-0.4161874202306145,0.010043176915750527,62.941485301658176
std,0.17401961081964512,0.2802339251502911,0.005364856705749991,185.9028929060251
min,-0.8439825900074128,-0.7360425856522835,0.00052954253549977,0.06107946411570551
25%,-0.6964995974749872,-0.6797353289671795,0.005795916892945748,4.942284876123311
50%,-0.6056576884844143,-0.5291580145919076,0.009093442832282105,15.799306879434422
75%,-0.36243747877922744,-0.12463889918882677,0.013219317654318778,42.60668530083766
max,-0.3217599718133063,-0.013621843741938543,0.024141252471822496,1440.311917063816
