,X,Y,SPEED,CURVATURE
count,180.0,180.0,180.0,180.0
mean,1.6987509821085967,1.34219308154184,0.008842659506871159,74.01496449771365
std,0.2190492617199391,0.09217888572126372,0.004553669534730875,234.02738105796288
min,1.4258342046334287,1.1946270075818828,0.0008573112988614339,0.09883535793927195
25%,1.5263927334208398,1.2616740698351023,0.005783518385279906,5.258274092162759
50%,1.580935960365236,1.3262432225367604,0.008507844895863238,19.540295865292002
75%,1.86864821648896,1.4306313231011196,0.011582518076248376,48.3641866165181
max,2.1363803897716265,1.517696689275975,0.021919507028386957,2635.9387141078278
