,X,Y,SPEED,CURVATURE
count,180.0,180.0,180.0,180.0
mean,1.704880338718197,0.170147043186583,0.012367292379857673,46.068460992304225
std,0.1507810278644791,0.28273389415951344,0.006413752920619864,144.92974956864225
min,1.4317256182711464,-0.21787514597366656,0.0009977848234536805,0.06172778135866589
25%,1.5910689637243438,-0.04517638543940297,0.007298189362358566,3.101686455787485
50%,1.7185080265585688,0.04378171338127593,0.011932625233308682,7.308393565451896
75%,1.8076949835320162,0.48390762760608824,0.01670802295811296,24.732936487229853
max,2.0227669265141355,0.636356954421994,0.02819068608784473,1575.0211419109125
