,X,Y,SPEED,CURVATURE
count,180.0,180.0,180.0,180.0
mean,-0.27989520613960056,-1.062268676646717,0.008666939325097885,64.33503800052311
std,0.23702585270873167,0.09219013533184532,0.004374521145074193,167.75628329558296
min,-0.5747940374893192,-1.2108738845701705,0.0014760943181155613,0.1439517005687594
25%,-0.44018059491714734,-1.144941009903009,0.005399713641404515,7.622758657732864
50%,-0.34975106038753745,-1.093739184658192,0.007988862872575563,17.269550987256487
75%,-0.11142811164945787,-0.9573491123543383,0.011927140932518428,43.973979645295756
max,0.18612933206461288,-0.9009714868511426,0.018810891528338054,1317.8684657987758
