,X,Y,SPEED,CURVATURE
count,180.0,180.0,180.0,180.0
mean,-0.20850620470679587,2.296738501219838,0.013256531284854536,34.548311931866984
std,0.31114595570460296,0.12398206645696565,0.005511621052832324,195.00496375956206
min,-0.7071507521726074,2.059635802246152,0.0012940548264170802,0.04913447627839508
25%,-0.470027325781862,2.182980768387021,0.009043969235935506,3.0778258138452568
50%,-0.2010417908967119,2.3451654903380676,0.014011824679418701,6.473611616111855
75%,-0.04177813343378947,2.3970624823685345,0.016818725724142718,23.448384829361608
max,0.47112625321119256,2.4475844958043895,0.02533294462917522,2594.9943141679655
