,X,Y,SPEED,CURVATURE
count,420.0,420.0,420.0,420.0
mean,2.1023159826180966,0.23758183098844807,0.01175576485782207,24.69409970042837
std,0.4507701843350042,0.33932108588732107,0.005861571882724267,162.3461334454237
min,1.306126120752744,-0.38432527122260235,0.0004162213694584763,0.0027840936940815167
25%,1.7856953713216657,-0.0421657529195128,0.008027230656091826,0.6775409092596246
50%,2.078372895479533,0.220672629427963,0.011006293995596345,2.3632413638701557
75%,2.4924160706791616,0.5359298320692303,0.014872167944570105,7.851781849056622
max,2.795959071197753,0.7607265561362418,0.024614450974453944,2966.6110313663276
