,X,Y,SPEED,CURVATURE
count,180.0,180.0,180.0,180.0
mean,-1.0603927936168949,-0.3632882613638802,0.014521354451601125,21.63766110436459
std,0.40314292727246687,0.12931695590957773,0.007380932615716546,53.21759592106801
min,-1.4862105895895834,-0.6290737649527801,0.002429363667619666,0.00028648805198340754
25%,-1.3796565011721746,-0.4652808878987508,0.008928040906543932,2.1806444465237163
50%,-1.2094456121317192,-0.353522190040629,0.012949247178242071,5.692748015555033
75%,-0.9059444742428587,-0.270680765482216,0.018711622945486582,21.267790996652767
max,0.05891497476439418,-0.09655478959730666,0.03383384454785023,522.163483076716
