,X,Y,SPEED,CURVATURE
count,180.0,180.0,180.0,180.0
mean,0.06139533570194133,1.1006919768648393,0.012073091920090021,153.5767200471945
std,0.2855545350452051,0.13694878551837797,0.006329951297889572,1069.6134507989434
min,-0.342312141109269,0.8375779276506028,0.00024221630828437772,0.2868787244212379
25%,-0.17453318518660518,0.9985750259005723,0.007529623489357033,4.0665761882924265
50%,-0.01330218391263273,1.062524747000333,0.011974407075419562,10.456704662389841
75%,0.3903745982733243,1.2233253867767389,0.016101292027982366,27.38675000795171
max,0.4992432737885843,1.3598853294360487,0.028225830483295578,13456.173895583344
