,X,Y,SPEED,CURVATURE
count,180.0,180.0,180.0,180.0
mean,-0.8563722941592208,0.8269183563724136,0.013463268746456602,19.798462542325886
std,0.14144235686248618,0.4239304252410835,0.0054412867711681025,36.58628373065994
min,-1.1719339594180676,0.18369723873166724,0.0020023259316299803,0.04437696238602476
25%,-0.9138365323615538,0.381702441653832,0.0092175525272052,4.124341735005677
50%,-0.8575447666124598,0.9988015131705115,0.01370350333725975,7.528911307666734
75%,-0.7472595224738221,1.192700615057066,0.017556726917547706,16.90935886818471
max,-0.6007221512385792,1.3502355854087398,0.026365989450554586,230.68034620366126
