,X,Y,SPEED,CURVATURE,ARCLENGTH
count,180.0,180.0,180.0,180.0,180.0
mean,66.22909333333334,26.444750555555558,0.48543343654570364,0.8518761201921047,51.77578544413939
std,12.335748470051582,6.221511698141493,0.2692782474356121,3.0335244763483584,24.008535338844315
min,45.141000000000005,16.7331,0.038820902874610645,0.00014425328128351244,0.0
25%,56.109875,19.909475,0.24543962639925676,0.036516998421783506,33.34881860884333
50%,65.539,26.97445,0.4873043034222303,0.11460062398409634,57.45985576490564
75%,77.74380000000001,31.6198,0.690942539286745,0.3822461992197216,72.55422646321563
max,85.2752,35.1719,1.1183341405859017,24.389125075364138,86.93773487289603
