,X,Y,SPEED,CURVATURE
count,180.0,180.0,180.0,180.0
mean,2.169424347396948,0.6646675503544677,0.010335239463319426,67.41799837321233
std,0.23059243312512245,0.10201362280744007,0.005835616270035131,223.3914963694844
min,1.8641518082785158,0.5444184093804022,0.0009419525369481386,0.13642293182257367
25%,1.9590734616008239,0.588841372154514,0.00610099113785749,4.628258867313205
50%,2.1438744077382847,0.6391234128164288,0.009390804283640728,11.818963760118672
75%,2.3791537987045386,0.7054716715173874,0.013935120470357255,28.91698158039501
max,2.563631714187734,1.0132775652891082,0.02917639538529726,1972.7275290813568
