,X,Y,SPEED,CURVATURE
count,180.0,180.0,180.0,180.0
mean,-0.44943868517814606,-0.2800044635220132,0.01464454630814451,23.755637852942648
std,0.36450625958789085,0.16258559116175558,0.00643530025834696,98.37615622656817
min,-1.1445204088438639,-0.7201334921355976,0.001180348393310537,0.10813224709474978
25%,-0.776623797529487,-0.3610901782101754,0.010890635201874062,2.1417565825712326
50%,-0.3795380796651501,-0.23104391285321707,0.013894240757476695,6.611559788330405
75%,-0.11271121859394517,-0.1637237852355824,0.018365866634396526,14.16081287410072
max,0.03548063578456899,-0.029705013210117467,0.029920120698557977,1202.5623346148298
