,X,Y,SPEED,CURVATURE,ARCLENGTH
count,180.0,180.0,180.0,180.0,180.0
mean,3.687502222222224,0.08131555555555552,0.004752061779067061,171.38106103419733,0.4955677624165044
std,0.07611671055897684,0.17819041093720214,0.0024863325762018817,856.7928310820424,0.26230421820655525
min,3.535,-0.13570000000000002,7.071067811856845e-05,1.4000123376174048e-10,0.0
25%,3.633875,-0.098875,0.002882483154217287,4.162127161925357,0.29565760003447566
50%,3.66275,0.0562,0.004771922946831902,11.277081247760233,0.5124679086975046
75%,3.7558000000000002,0.293725,0.006884538675114859,38.192093391354206,0.7679168674356499
max,3.8287,0.3088,0.00937363323370392,7954.951288347083,0.8520844300990009
