,X,Y,SPEED,CURVATURE
count,180.0,180.0,180.0,180.0
mean,-0.6737303778967138,-1.8581486152188442,0.010126980906721105,175.4660561003762
std,0.20330187916512316,0.07492526871285349,0.006087350634476982,1025.697272782335
min,-1.0363755984822627,-2.0040687910838586,0.0002989889118039909,0.1325151665652539
25%,-0.8148239801299848,-1.8993589521666692,0.0052478272479269256,4.47268029079158
50%,-0.7031530483455112,-1.8750661145761622,0.009266582813734879,12.803006831715837
75%,-0.44696367813419324,-1.8064476552148825,0.013556497947528607,47.80482126198687
max,-0.3754069663384657,-1.651266804841141,0.027581118267795583,12242.18356452728
