,X,Y,SPEED,CURVATURE
count,180.0,180.0,180.0,180.0
mean,0.06402775097339351,-1.1215304846983043,0.010889538748815557,19.09362068815463
std,0.18074920334459393,0.2477852264458361,0.004747987161764366,27.244961221519674
min,-0.2914012489961084,-1.5910839113954707,0.003505364321382765,0.05646799473354606
25%,-0.12729427743199262,-1.2364121090468703,0.007314203651937568,2.779610837907197
50%,0.07309211057083446,-1.1219426612120058,0.010008408140123224,8.20314186652349
75%,0.24055928386179215,-1.0050564161172666,0.013660201345128162,21.21432793240788
max,0.3016824951187516,-0.6938519199244038,0.023744262619053956,153.71751228553362
