,X,Y,SPEED,CURVATURE
count,180.0,180.0,180.0,180.0
mean,-0.14157820160424633,0.5835097767177758,0.01018198182310549,35.58841142247968
std,0.18794011276896622,0.28024742534345015,0.005135928580041367,69.89828658326806
min,-0.38265351176791385,0.2746952934970486,0.001680781573921762,0.0007524583830724414
25%,-0.3028498319423767,0.3325837412796744,0.005726510536857395,6.269169903829938
50%,-0.22047199663060504,0.4812139782283631,0.00993607713618924,14.313500086848409
75%,0.048536007132568434,0.8727220553369036,0.013368069422471818,38.01233087817584
max,0.1666993202535285,1.093420577401967,0.025064297947910683,572.4344527032655
