,X,Y,SPEED,CURVATURE
count,180.0,180.0,180.0,180.0
mean,1.138693646906354,0.39211601093934334,0.012579489378902825,67.83926757426835
std,0.30645629621958903,0.07113008690729922,0.0055925202890541184,300.6561080200828
min,0.6934523835619982,0.26595354920969827,0.0006363655353870096,0.14852399381381828
25%,0.8037340736999694,0.3463263880282099,0.00809948666618163,2.9040277008058903
50%,1.1539042629392406,0.3880890555858031,0.013649679996868877,7.030377617729026
75%,1.434120582462726,0.46100045429093295,0.01698548140676045,20.018834936253732
max,1.6350928184048894,0.535770642696524,0.023341320836728567,3041.8766173703034
