,X,Y,SPEED,CURVATURE
count,180.0,180.0,180.0,180.0
mean,-1.188746830192341,0.9047175260141772,0.013137488475530826,32.96199497305596
std,0.25731960479993715,0.18821513114534505,0.006328984154305556,97.8807698017641
min,-1.5159051629156652,0.5059154181734219,0.0021328135106319945,0.009134003811003375
25%,-1.3894115632765995,0.872101147881585,0.007921834749808817,3.7742471181904067
50%,-1.2924950416721095,0.9333629381099178,0.013209184669969759,8.465794699537675
75%,-0.9885327138011561,1.0073879656983895,0.017824629248091427,22.337262984765843
max,-0.6822049051440486,1.1812248867913502,0.027232060181956144,892.6034947547956
