,X,Y,SPEED,CURVATURE
count,180.0,180.0,180.0,180.0
mean,0.022056611971486055,-1.176580978730016,0.011057845924129358,39.461688694288895
std,0.19673766180560728,0.11611578899324854,0.005967462164902256,87.88101455905822
min,-0.23906752892258598,-1.4031257802301882,0.0016560347076028379,0.17961152131707117
25%,-0.12501692302898865,-1.2618229571871815,0.00656407686020809,5.780647605683429
50%,-0.06965361299390913,-1.1383530113394955,0.009464666351172518,11.673004549816266
75%,0.23140322316229475,-1.0875309765485548,0.014752152303250311,35.50647406281267
max,0.4195541083870166,-1.0111185044489577,0.02700524597104845,795.4279252702979
