,X,Y,SPEED,CURVATURE,ARCLENGTH
count,180.0,180.0,180.0,180.0,180.0
mean,28.022582222222237,45.16119499999999,0.37624910115173144,0.3163773766035042,35.48477668554339
std,19.294320301720415,7.61677782266276,0.17052985610501942,1.8155954211398442,22.75833210034273
min,1.1003,31.6722,0.04777794993509223,0.000263564536274098,0.0
25%,7.7956,38.0158,0.2354676081160129,0.01569236430354004,12.443043689815127
50%,30.394150000000003,46.97355,0.3768089931732034,0.03467806123628539,38.26751103628121
75%,47.136125,52.8103,0.4764332246723624,0.10044266141619795,57.35751428445831
max,54.449400000000004,53.461000000000006,0.7307364179374106,20.394486795775162,67.54471724357697
