,X,Y,SPEED,CURVATURE,ARCLENGTH
count,180.0,180.0,180.0,180.0,180.0
mean,18.112060000000003,-15.536231666666671,0.5280890820822861,1.0177772649911725,44.39193123231205
std,4.346075937560124,12.53751528391311,0.3866896335462219,5.926280150344877,21.99843568776113
min,11.8453,-47.352000000000004,0.032692392081339144,8.955626911343687e-05,0.0
25%,13.562075,-23.160975,0.24884627709640406,0.018362682242533013,27.743257403143176
50%,18.4051,-9.7706,0.382199047502575,0.11460722542307035,45.719327395962715
75%,22.967025000000003,-5.7548,0.7022803460676932,0.5552861816729459,58.948146302692635
max,23.352700000000002,-2.3907000000000003,1.4355145149039779,77.68034807103886,94.66243717881355
