,X,Y,SPEED,CURVATURE
count,420.0,420.0,420.0,420.0
mean,-0.5364139317152044,-0.03972017852424757,0.011992035447107705,27.263423090224556
std,0.29855106881306265,0.45054803185885034,0.005888558626865184,147.63503915323275
min,-1.0878851033077446,-0.66863009216566,0.0007154028306099804,0.015904025656549615
25%,-0.7918344173771705,-0.4593390329848762,0.007291494750729327,1.0525990925224236
50%,-0.48422579528762877,-0.04642100492475562,0.011812949062805632,3.072301859521838
75%,-0.3114165894245521,0.19293444547007238,0.015970573064599033,9.80907594237663
max,-0.018159106575520008,0.852029468041693,0.025243999697084473,1827.9564209538614
