,X,Y,SPEED,CURVATURE
count,180.0,180.0,180.0,180.0
mean,-0.5044976833742019,-0.3799687783938634,0.010696179362511776,43.8929239919891
std,0.13631548390040302,0.09460778768451336,0.004548049494652143,160.18354180318954
min,-0.7369392114234521,-0.5511303256271733,0.0007015590217082519,0.06430115043011353
25%,-0.6211207589846091,-0.4523309731875683,0.007072000325432572,4.042198333552463
50%,-0.5040599065192901,-0.38143412493497164,0.010660678389386323,9.263762231833464
75%,-0.39728759490047916,-0.3057825389535507,0.013818497638005925,26.989497912867087
max,-0.27678281357853796,-0.20631663698228714,0.022259719528915513,1615.5306996257339
