,X,Y,SPEED,CURVATURE,ARCLENGTH
count,180.0,180.0,180.0,180.0,180.0
mean,-0.20497722222222217,0.18665444444444443,0.006321104284609116,27.19986870318315,28.626738013165642
std,0.07136210504836289,0.20739683423727792,0.0027545065280680492,62.80518505816272,13.791883859003708
min,-0.4328,-0.1635,0.0011335784048754614,0.15326253136215576,0.0
25%,-0.240025,0.013099999999999999,0.004654562410561789,3.092358100984905,16.98181998711241
50%,-0.2052,0.11985,0.006526239736310151,6.811317496148112,31.316882739311303
75%,-0.15397500000000003,0.4028,0.008212996751528546,20.32179773505132,39.517143811790625
max,-0.1015,0.4844,0.012401008023543901,495.8751109158975,51.67686239531535
