,X,Y,SPEED,CURVATURE
count,420.0,420.0,420.0,420.0
mean,-0.4390042781462825,0.40332517890034325,0.010804940555956355,17.83292349095897
std,0.2635576426083251,0.2083110702755017,0.005014010585204254,159.23055424231893
min,-0.8216451147934447,-0.11188069607896751,0.0006332685832182868,0.03711024127974134
25%,-0.6334870519817162,0.32396328171260913,0.006943873587012423,1.1962115620124893
50%,-0.47103312631753425,0.45041848430361237,0.009776692340763856,4.251044601182977
75%,-0.3551788211370893,0.5465047639115238,0.014471961553193963,10.654473515243028
max,0.22300582128604804,0.6746798574568097,0.025697440454006754,3234.2109357916092
