,X,Y,SPEED,CURVATURE
count,180.0,180.0,180.0,180.0
mean,-0.5495161004299286,1.041014742918505,0.012574119754648725,36.00491113726886
std,0.20879746552248643,0.19357627218820525,0.006724966959521384,81.93889693787578
min,-1.1627728975900904,0.7505696402185862,0.0015604767660489772,0.02514133382790842
25%,-0.5365291088681413,0.870686889909201,0.006861566698641556,3.3196262716070835
50%,-0.4719441829054105,1.0161226969105526,0.012388888629207666,9.019940320521545
75%,-0.4109871439329881,1.2083091660439063,0.01705224724427784,28.494718260543436
max,-0.36326724330793064,1.5103816965503258,0.028086109834581412,707.567547997979
