,X,Y,SPEED,CURVATURE
count,180.0,180.0,180.0,180.0
mean,0.8762382540094625,0.7615894638282565,0.01304234962336559,24.971104187612596
std,0.1653070363323361,0.31313759321240825,0.005370181156092217,103.80451415090528
min,0.6516423945540235,0.2642981026743288,0.0011183481476410861,0.10973966389373407
25%,0.7121817797111294,0.4402130632473016,0.009415555054487205,2.8508170972237
50%,0.8828754899580504,0.7381881984242703,0.012923762454314393,9.085555221645858
75%,1.004285988918075,1.096424479028415,0.015912548919750275,21.344379640659657
max,1.2130764644155019,1.2195453880501392,0.02840957841791504,1368.3827019677237
