,X,Y,SPEED,CURVATURE
count,180.0,180.0,180.0,180.0
mean,-0.6850444580282493,-0.2790716096564648,0.013553685629334624,443.4793243569301
std,0.2592162039710421,0.2541001311865629,0.006347816767974144,5486.650297823158
min,-1.0093291072159327,-0.6354294720912044,0.00024221211769389644,0.06350413881228324
25%,-0.9233808051158215,-0.5556921803086758,0.00843218091219358,2.9323087536631682
50%,-0.7285687851402372,-0.2210209221396821,0.012628839108418468,8.96668022340565
75%,-0.37425038777504005,-0.054554193331724565,0.019044679885063864,21.383240418079357
max,-0.2841961760597515,0.09632662064868432,0.027497375939584873,73633.14574927368
