,X,Y,SPEED,CURVATURE
count,180.0,180.0,180.0,180.0
mean,-0.18302771249948566,-0.5184950555873239,0.012266506577462444,28.763789669799102
std,0.1761281687601552,0.14597053903555182,0.004398044294477154,95.60384743784832
min,-0.4378551932136754,-0.762020420417177,0.0016719410820968668,0.03365963435529515
25%,-0.3261960782237204,-0.6651665307329534,0.009701499895620472,3.7937287258941383
50%,-0.2318372423518818,-0.5006987770018325,0.012199133543163175,9.606237779066763
75%,-0.06477512713726735,-0.40542991071150664,0.015355386874573298,19.705525248262347
max,0.1687080669269064,-0.2708809242398638,0.02212659428616576,1165.198426095295
