,X,Y,SPEED,CURVATURE
count,180.0,180.0,180.0,180.0
mean,0.17783804262353048,-0.9180149357572089,0.009241530756619126,84.73652345394218
std,0.15401174448984545,0.14630142727499787,0.004870876462432432,316.8072849815621
min,-0.0793015221352101,-1.1467847334776362,0.0006362113795334664,0.05471972521025366
25%,0.046242493203524325,-1.0528957483862083,0.005781200744171773,6.3356300738905285
50%,0.15096117210179602,-0.918117380906248,0.00854884235368961,16.05692158718298
75%,0.32429831366921824,-0.7724898060789267,0.012053997045264657,37.15926580230182
max,0.4476365233182049,-0.7158174942331297,0.023218843112739824,2386.0747258560264
