,X,Y,SPEED,CURVATURE
count,180.0,180.0,180.0,180.0
mean,0.8649766162437572,-0.7356717797830405,0.011827411673750012,61.8886504678729
std,0.24451931533708726,0.18486000042663808,0.005443825198229176,313.45755560683284
min,0.3247309606025091,-1.0264165943702688,0.0007851970571260205,0.06140054926060279
25%,0.6533603822706501,-0.9368543883341193,0.007725017997500396,3.452823762861846
50%,0.92524369027485,-0.6797372509566335,0.011780280189451472,8.38799014528993
75%,1.1033124029997352,-0.5893877210064111,0.015482514944465507,19.698532477447404
max,1.1318643044428582,-0.4432001975848233,0.023367285591369504,2814.3400517292453
