,X,Y,SPEED,CURVATURE
count,180.0,180.0,180.0,180.0
mean,0.39865179755692054,0.09576194763189211,0.012034200825266933,50.17400579684011
std,0.12220068894602629,0.19000881650627072,0.006212785062418289,249.7783679588356
min,0.13159689717794437,-0.14424474248441366,0.000927572830145387,0.04902585667836537
25%,0.3143012941577724,-0.08890514913671364,0.007835980967892297,2.737071539496584
50%,0.38407885673307085,0.10429155693549194,0.011407619470495442,8.695766581786195
75%,0.5182557512478092,0.20090307688147935,0.015292927674254952,27.50462889520888
max,0.5969866246446368,0.6270056846708678,0.028359006561817248,3230.11801410144
