,X,Y,SPEED,CURVATURE
count,180.0,180.0,180.0,180.0
mean,-0.2813888646794659,0.458909797768165,0.010827926775617449,69.84896486055288
std,0.1539852765229898,0.13166071494205484,0.005423113607269465,321.07919359382066
min,-0.5380648043818722,0.22667089679686592,0.0006371406684324588,0.17804565286290308
25%,-0.388660712324823,0.39535941117877316,0.006512227880155971,3.660275518838449
50%,-0.2860030004749885,0.4490511048244905,0.009661549267389689,11.237505670828227
75%,-0.14894687879691443,0.5270153523840446,0.014711598510520328,41.28017616331516
max,-0.012602934592150157,0.7051198695147745,0.026071587217729033,3328.2863440028414
