,X,Y,SPEED,CURVATURE
count,180.0,180.0,180.0,180.0
mean,-0.6628530208185943,-1.2061733385296791,0.0140182123517141,21.923197061881538
std,0.34248229399843105,0.21050527847022837,0.005487040112989864,60.25549085171695
min,-1.1810879222471058,-1.6947067239123839,0.0018726591818333028,0.09050860775307416
25%,-0.9979525442060287,-1.2411810082176291,0.010071895285667707,3.229472685452337
50%,-0.6600437107059656,-1.1433414086052345,0.014475078138011592,8.165358183292225
75%,-0.29417178960746293,-1.0768066926980062,0.018239503957988675,16.913080511287067
max,-0.1469926332168132,-0.9064241572496479,0.025369400768471852,614.605404741554
