,X,Y,SPEED,CURVATURE,ARCLENGTH
count,180.0,180.0,180.0,180.0,180.0
mean,0.5766544444444446,-1.2066177777777778,0.004521933977988556,79.14227564178712,83.44724720562056
std,0.16108757995541048,0.049929162284488515,0.0031835276608536745,247.35849378070012,41.01312777191075
min,0.3901,-1.2599,0.00045276925690687615,0.27806025770677006,0.0
25%,0.47590000000000005,-1.2489000000000001,0.001943215008042303,5.398134487778114,51.50404025752998
50%,0.53005,-1.22235,0.003808206656875219,15.408349884006535,86.73836361993526
75%,0.636,-1.1844750000000002,0.006513727627989573,47.02777224862385,119.27748212824129
max,0.9878,-1.0988,0.01276410983970287,2410.6394106579187,145.81317019551776
