,X,Y,SPEED,CURVATURE
count,180.0,180.0,180.0,180.0
mean,1.5808423119598878,0.5868452887573443,0.010764102969841672,31.2917450723195
std,0.10303162178528745,0.2408019602905233,0.004880840716675729,68.799880875329
min,1.3833632537053517,0.1580697229153665,0.0021395181772413253,0.3315884587557374
25%,1.53191611951743,0.35334383726766616,0.00715382334981418,3.8507149091692416
50%,1.5791751662000881,0.6500007534779326,0.01081693889995555,11.644305386619726
75%,1.6379102864830124,0.7628312544491366,0.013604631575343574,28.283590494383915
max,1.7972418020911498,0.9393595685304229,0.022763221189926335,650.0242383122686
