,X,Y,SPEED,CURVATURE
count,180.0,180.0,180.0,180.0
mean,-0.49764430137793414,0.4892569270160605,0.012598584385718727,33.686320268272084
std,0.13908740008509898,0.21069357414592788,0.0063924584747036,95.3738503269936
min,-0.7321986017019443,0.17108054194585876,0.0015083781440162294,0.010445997069722015
25%,-0.6105271762227746,0.35168555758401326,0.008394904661536255,4.879682037925333
50%,-0.5322597529059573,0.4804746447803313,0.010985915682519531,11.122234535132389
75%,-0.39219723823214325,0.6238157251974614,0.01598459960658139,24.67218326056061
max,-0.18688589181514612,0.9746449394342241,0.028515410603386887,879.6357834320263
