,X,Y,SPEED,CURVATURE
count,180.0,180.0,180.0,180.0
mean,0.22318445226081998,-1.0365422247797489,0.012836833922496536,28.97827359868082
std,0.5077293850534561,0.21036046509419692,0.006434765947340307,116.79985394255507
min,-0.4307411737489618,-1.321836770106605,0.0010099335743311876,0.040394259537816245
25%,-0.2612051174541692,-1.222346757124658,0.00796764428649398,3.7305475098666587
50%,0.13827770927532307,-1.018442327424053,0.012111238195918764,8.165560343278111
75%,0.7947487210317972,-0.9177502408123197,0.017178793498663407,17.28449096674613
max,0.9060367255240023,-0.47952375804532643,0.02843674908577308,1495.9513465134887
