,X,Y,SPEED,CURVATURE
count,180.0,180.0,180.0,180.0
mean,-0.1415112817475707,-0.6150153002273021,0.007826393150567735,101.40535872250946
std,0.20068768926442668,0.05145005023058187,0.00393231504713184,387.17503926251874
min,-0.4650485363827544,-0.7183658766890607,0.0005857753314700017,0.07887994550398718
25%,-0.3063225876397701,-0.6445859657387897,0.004843814120021352,7.6528286445724625
50%,-0.1806430661316079,-0.609171109637594,0.007206460678969735,19.37479111017459
75%,0.02051858930936168,-0.5841070339136234,0.011167592403803793,57.88735925920155
max,0.19835263670344797,-0.5014196014475343,0.01825638293820621,3556.5191664729896
