,X,Y,SPEED,CURVATURE
count,180.0,180.0,180.0,180.0
mean,0.7558593167187838,-0.1898273958938103,0.009640095570674318,137.59525394848578
std,0.057270632171644215,0.17089487719775262,0.005321913050664952,825.806260873364
min,0.6605327806853282,-0.4490881667867317,0.0005481818298999864,0.2471719992692018
25%,0.7130819341019732,-0.3504049192311911,0.00572983670499313,4.503524503532678
50%,0.7496866492811156,-0.16530566994861473,0.009045686948877108,12.415079993912993
75%,0.7882846501763856,-0.02495319121982991,0.012377854981140034,39.87170449137071
max,0.8897728971802207,0.09908454637239894,0.024212436836007146,9739.949603485404
