,X,Y,SPEED,CURVATURE
count,180.0,180.0,180.0,180.0
mean,-0.06251766495161705,1.3106068746870412,0.010293399409984298,49.42671008508118
std,0.17262062874821463,0.20603311128074894,0.005938203475619443,118.2640952175298
min,-0.3074101385670841,0.8811053084190251,0.0012998578484636535,0.0213493090478744
25%,-0.19993859026050834,1.177986761017574,0.0053341457980667735,4.517141109030634
50%,-0.14735204283500733,1.3067781763423638,0.0087322879936076,15.369005683427169
75%,0.16112848300417323,1.4541864335746668,0.015429845240377382,37.72234222747242
max,0.23129823089141074,1.6510942678187683,0.026023734953748757,1217.5892746577474
