,X,Y,SPEED,CURVATURE
count,180.0,180.0,180.0,180.0
mean,0.7196941851751968,-0.17325873341727815,0.013130182379863369,126.36857584477336
std,0.16092573742309382,0.3120242967807941,0.005147943435366375,1413.370811231253
min,0.42492628341414945,-0.6156111956485371,0.0004041614049917474,0.025004200000988956
25%,0.5842296674926852,-0.4518750840922745,0.009598221515296636,3.6187478959658326
50%,0.7180417059289599,-0.1819698599253245,0.012783537502015448,8.191015351306117
75%,0.8334383068075775,0.12745594169821134,0.016116354967214253,17.476618595143737
max,1.0273113774610658,0.2597432133535289,0.02774252125210429,18958.231042212217
