,X,Y,SPEED,CURVATURE
count,180.0,180.0,180.0,180.0
mean,-0.015797581716941237,0.8306490269771767,0.011760956755608827,81.71538719603068
std,0.1392732986228145,0.37852077791345196,0.005914557721781481,457.8202867655387
min,-0.3225401033360585,0.2515498159119009,0.000803393782471041,0.013481926159848627
25%,-0.19612609957087423,0.4123664022247928,0.006800550258980239,3.223330686868655
50%,0.04484918912222035,0.9627207253097292,0.01108128443563432,9.743770442720091
75%,0.08279429161507863,1.175413056143218,0.016416636677208662,36.68475465616233
max,0.17075011639979226,1.2697423505136742,0.02651959536350265,5532.923808052801
