,X,Y,SPEED,CURVATURE
count,180.0,180.0,180.0,180.0
mean,2.720487620271283,-0.11163365280572815,0.012229799391999117,35.39487707895051
std,0.18517475155025434,0.20647500287262255,0.005801361521015525,111.11570367631262
min,2.4091318597238174,-0.45692593838136003,0.0011377073456788388,0.07595721132051084
25%,2.593609151901576,-0.24932943722064413,0.008011860820887975,3.6283318327092458
50%,2.732333898976451,-0.10070068884004538,0.012206787340135762,9.545373627125944
75%,2.8430069407393783,0.0016333719927141648,0.015335699381860454,24.00978635160423
max,3.091333915257897,0.29349303247854497,0.030893589189365637,1243.7933809933209
