,X,Y,SPEED,CURVATURE
count,180.0,180.0,180.0,180.0
mean,0.16078971086891067,1.1661682078155677,0.011226779227992686,1811.2387226019819
std,0.14787433074022086,0.356774750421313,0.005610821447676049,18983.844799221988
min,-0.05938443162619768,0.6046470763765083,0.00012100521349566907,0.08870664529303439
25%,0.01639803720975247,0.8093221821896818,0.00679012224905021,3.739262094650302
50%,0.15525793472386512,1.2882597184446567,0.010524885622571168,9.743007882447394
75%,0.281088423860521,1.5203059596540045,0.015224759376135467,25.191371929211254
max,0.4481647884868356,1.5527412803328324,0.026543945677763615,245376.2182663717
