,X,Y,SPEED,CURVATURE,ARCLENGTH
count,180.0,180.0,180.0,180.0,180.0
mean,66.70419722222223,36.20263944444445,0.3302391077532718,64.95575063866883,30.711735197476198
std,3.513394549473709,4.517863979598779,0.14474378187082487,857.6710990542256,18.402151050234533
min,61.767700000000005,29.2516,0.0033245300419705946,0.0011779258635491192,0.0
25%,62.960125,32.644675,0.23065669822386084,0.07228522343222712,14.363484818027468
50%,66.96515,35.030100000000004,0.31742035062564466,0.16323559062614013,30.377648873215236
75%,70.06605,38.892375,0.4363652261024572,0.440765903370992,46.59828063925431
max,72.1038,46.915600000000005,0.6398838117189745,11507.749886353615,59.294068493382206
