,X,Y,SPEED,CURVATURE
count,180.0,180.0,180.0,180.0
mean,0.9309327618725991,-0.20359550349562872,0.011289302786117747,87.93813515816522
std,0.15077628990622238,0.16374645827641088,0.006523895888295646,343.39332550165625
min,0.7216977229179706,-0.6277210328731538,0.0005560928855616799,0.0942359821237583
25%,0.795581113638338,-0.32985660040627046,0.00566251977638531,3.773098544958078
50%,0.8951664012440312,-0.14151042093086927,0.010947981476359746,12.304605879193954
75%,1.0713032982667285,-0.08949005527265622,0.015695647108714003,52.470651105773044
max,1.2018151047699819,0.0075691017979752535,0.028631815038911372,3271.1150395844165
