,X,Y,SPEED,CURVATURE,ARCLENGTH
count,180.0,180.0,180.0,180.0,180.0
mean,56.47926444444443,50.545846666666684,0.3618462908396253,1.3348292950532659,33.65773743860618
std,9.83917140278416,16.85411257867591,0.18012873616452454,12.880113669682089,21.135410215086228
min,40.089,29.7097,0.010149384217775446,0.00019630790344294632,0.0
25%,48.5144,31.623025000000002,0.24006671086978845,0.03261979927813305,16.759611927370326
50%,57.66445,52.1203,0.3277110427773919,0.11276489404661555,30.623135044341552
75%,63.17275,64.749025,0.40214675363176233,0.2611557203662806,54.40037233359065
max,72.91460000000001,77.7042,0.8146007426954622,172.4338186831493,65.00970389320253
