,X,Y,SPEED,CURVATURE
count,180.0,180.0,180.0,180.0
mean,0.4791725765445338,0.604251929655989,0.012142046677104881,89.78741057557826
std,0.0964969373140314,0.3241000380135167,0.0057147775605371105,613.8787053538219
min,0.26582400390207755,-0.04514133866624289,0.0004977043574763872,0.037115593236059854
25%,0.42263327791891303,0.33111898172580706,0.008285796399978508,3.2520767588081902
50%,0.48544957541194306,0.7123734338915972,0.01208876404339762,8.758225955658219
75%,0.5467106186294723,0.8208722147978684,0.015934334866326456,26.39814559677763
max,0.6326626529721654,1.0474175291584944,0.025802108015017963,7939.486573535976
