,X,Y,SPEED,CURVATURE
count,180.0,180.0,180.0,180.0
mean,0.19639033783218338,1.5541963683722795,0.013085725639691336,25.04845185712064
std,0.3285909530326026,0.25873633661255013,0.005892954861788298,86.65145107840785
min,-0.5376838240360752,1.0255050734647506,0.0009056188675244126,0.035149470372834495
25%,0.05104136831030526,1.4304830106162454,0.008596489509586998,2.400083711035242
50%,0.3063372221754266,1.5834097052812695,0.01314790486565616,6.599348742984075
75%,0.34677502011368566,1.791728135379705,0.0164796564502257,18.182237728098514
max,0.7666529527381191,1.921979320280169,0.031013671216279345,1073.8926307201036
