,X,Y,SPEED,CURVATURE
count,180.0,180.0,180.0,180.0
mean,0.007006969340293736,0.32360006044147976,0.00932755490818434,199.57727123897646
std,0.2153262437392441,0.16629980763260785,0.005340184343186502,1037.7038625019773
min,-0.29999691801395767,0.07930353390479708,0.000409608305114804,0.05050249661968203
25%,-0.1893059496038172,0.15173474606720655,0.004863901333105211,5.38294600031514
50%,-0.006817156964885122,0.33116040077824016,0.008751371869913795,14.518033480552075
75%,0.2200917069241353,0.4942381516856527,0.012905898817712846,40.609392987621504
max,0.35403459806617393,0.5822045059630641,0.022465804188375137,8722.391973490254
