,X,Y,SPEED,CURVATURE
count,180.0,180.0,180.0,180.0
mean,-0.1556014580713688,-1.2700254896141174,0.012731459284367521,28.997813782311077
std,0.2646734628356516,0.29842721100765557,0.005903592523377608,87.85450601095377
min,-0.4323010625417378,-1.9833457410576927,0.0008602796640778696,0.13797110058088186
25%,-0.36498790135548886,-1.4344575867829867,0.007913551148627377,3.677968840479629
50%,-0.2698470065851508,-1.2082081575454084,0.012433103706165325,8.257905407499997
75%,0.0430362580570673,-1.0264935067807321,0.017035722805143753,22.129409484781327
max,0.32399234496582413,-0.8657694708939089,0.02722074072550121,919.6418747466766
