,X,Y,SPEED,CURVATURE,ARCLENGTH
count,180.0,180.0,180.0,180.0,180.0
mean,15.389566666666664,-26.62050555555556,0.41575430479036424,1.0575727453029975,47.08902883252338
std,3.7184607262448934,9.020885607645512,0.33013999126653387,5.313185258715144,19.102000230924
min,10.6212,-46.959700000000005,0.022926894687244057,0.00021220029006317886,0.0
25%,12.58005,-32.297275,0.20611437770943697,0.05683087106940416,35.319230495843165
50%,13.721050000000002,-23.688650000000003,0.3589180572693973,0.16440069185383654,49.13993156415678
75%,18.24665,-20.0604,0.4789952552212154,0.5605445085707886,61.27774255772396
max,22.491200000000003,-16.7983,1.6581672299560126,68.25262178724584,74.66597770174094
