,X,Y,SPEED,CURVATURE
count,180.0,180.0,180.0,180.0
mean,2.0418651154308516,-0.07804603884686934,0.010663831328802853,65.94907161134515
std,0.06019101517358097,0.20110288601834603,0.005674802436657546,292.2999304234251
min,1.9329960953993799,-0.4434199160614021,0.000936254483801625,0.009370401711968762
25%,1.989894908827497,-0.27216699516503134,0.006236794613114802,3.178966355780396
50%,2.0388123756115157,-0.034718913969467115,0.009328498604385543,11.048962530256247
75%,2.094241101640525,0.08433471164155684,0.01581986984290077,32.416412930861746
max,2.1879079192863027,0.24856828247982804,0.025828597522818186,2693.591019104274
