,X,Y,SPEED,CURVATURE
count,180.0,180.0,180.0,180.0
mean,-0.7447512060545306,-1.5991861172853719,0.010874045141295767,169.9357847883655
std,0.31146218244207113,0.13866145943136907,0.005520660744375689,1197.742617831228
min,-1.134585496929716,-1.8921363489406566,0.00041985560601663733,0.07324613721945564
25%,-1.0151210660174823,-1.6621786135273027,0.006890998069589292,4.703525615392757
50%,-0.8786840819895332,-1.5964383092877197,0.010841805243540281,12.136809259690736
75%,-0.4529084779463451,-1.4952653259468631,0.014441999065895966,30.825726013275727
max,-0.2372752914004306,-1.359749430184218,0.02759689649178069,13853.515038154976
