,X,Y,SPEED,CURVATURE,ARCLENGTH
count,180.0,180.0,180.0,180.0,180.0
mean,24.882328888888903,56.89131777777777,0.42255478241856853,52.7629567590965,33.867492510411054
std,0.12795172644569713,20.563871738618772,0.27074145961589674,619.0324500446657,23.033592554260153
min,24.6922,28.117600000000003,0.0017007351351690824,9.631334335116543e-06,0.0
25%,24.768175000000003,32.30915,0.18312401520947466,0.0002681141600800502,8.087339680069745
50%,24.87885,61.670550000000006,0.39450486807276286,0.0014977647822278892,37.86887274158387
75%,24.9992,75.36232500000001,0.6299074912667673,0.010131801977854033,53.451246154768434
max,25.0757,86.3319,0.9338000053544707,8279.250633923435,75.56075648650564
