,X,Y,SPEED,CURVATURE
count,180.0,180.0,180.0,180.0
mean,0.3177381807012533,-1.0034322262713011,0.013541666189622298,14.298163806952516
std,0.17385544442363446,0.42193587495123314,0.005099491287439066,19.484893839157596
min,0.0675291539374907,-1.6747636932032006,0.002553343729717042,0.1144490979448286
25%,0.16209418067243353,-1.3720553572175027,0.009604990182981606,3.4929931841428195
50%,0.27824938371382846,-0.9667341150781212,0.013596163581503869,7.638729772274095
75%,0.4234003592831219,-0.5419415834271435,0.017141700528216706,15.693453626853254
max,0.6697535164171764,-0.417373653437635,0.028286292999522185,145.6463693335804
