,X,Y,SPEED,CURVATURE
count,180.0,180.0,180.0,180.0
mean,-1.2710310840503585,0.8687093347740589,0.011510650161979104,54.62051299123157
std,0.09704714290627013,0.31641383304967263,0.005896584175296516,252.98338700056922
min,-1.445906534991039,0.46921901440242736,0.0007284533027398665,0.0666340581617024
25%,-1.3814339696794598,0.6604697972255209,0.006766333863979039,4.077843415751158
50%,-1.26059867523562,0.797512914661483,0.010991676058126659,10.004578383790216
75%,-1.1806279790547756,0.9563897765877422,0.01583103492164578,29.587618352756735
max,-1.1322579053492388,1.554420792582487,0.02700468732171912,3152.3041286526836
