,X,Y,SPEED,CURVATURE
count,180.0,180.0,180.0,180.0
mean,0.40576328036143605,0.21163380444640256,0.012976882748194961,35.05062014206707
std,0.3178228350404567,0.1914800364021801,0.005756565656751209,85.96841937613176
min,0.024589546291707117,-0.05431311318593511,0.0014217348921294179,0.02423539433042448
25%,0.1252183841887119,0.02108544882334553,0.00856345829055636,3.3230034028876223
50%,0.3018080484068793,0.19943994690357209,0.012953199071002477,7.787208078489843
75%,0.6025392124266491,0.39418072895340955,0.018313005530651103,24.986069649264778
max,1.0839984456664251,0.5403822035952909,0.024438776956129577,644.7990360761729
