,X,Y,SPEED,CURVATURE
count,180.0,180.0,180.0,180.0
mean,-0.02631461104645827,-0.5779251050264723,0.00779484671614073,95.3365064230936
std,0.10237670796938551,0.08187740892955273,0.0037351058874717023,367.82621820178053
min,-0.23369411739397708,-0.6861769753260801,0.0008689600983739193,0.023342118454662608
25%,-0.1051638417780005,-0.6441389604891882,0.00510054449937755,8.052621389752902
50%,-0.029330935719263346,-0.58964051492958,0.007308988389997955,23.6767188642725
75%,0.05924781155913544,-0.5399728825058017,0.009567935999276935,64.14372592626644
max,0.146495737336833,-0.39037448046591855,0.019997996466462466,4252.824727664161
