,X,Y,SPEED,CURVATURE
count,180.0,180.0,180.0,180.0
mean,-0.1410773983790095,-1.177557608545017,0.010204458386509796,76.25572806531935
std,0.16983571269292014,0.30651024182431913,0.006031721620379512,271.76094550138424
min,-0.45925362980425916,-1.8389337961834684,0.000670700149036362,0.006068335423125199
25%,-0.3200157653606975,-1.3478385170830467,0.005206367620512763,4.502653045427053
50%,-0.09194319115500046,-1.2055366978323674,0.00905026723287769,12.55410162812986
75%,0.025752186160875913,-0.85405962470954,0.014744586501760738,41.20772958712632
max,0.08176131934607017,-0.8163711028657371,0.028335808380728425,3242.024090316393
