,X,Y,SPEED,CURVATURE
count,180.0,180.0,180.0,180.0
mean,-0.6321166270672218,-1.3188747199347821,0.012415701426362408,750.5171710457537
std,0.2331316113517301,0.3285800401651007,0.007227085395256768,6873.665852824032
min,-1.0334193259561055,-1.5931282566045475,0.00011926111169196818,0.049678375793112795
25%,-0.8648194151340691,-1.5475437111332753,0.006369919601932897,3.229867957158075
50%,-0.6124238878951618,-1.518443413338471,0.012045922355576827,10.518263030538339
75%,-0.40890916576732617,-1.1688738539527985,0.01819040601211508,28.995139143243872
max,-0.3519042808259119,-0.5128421000290789,0.028303565163759366,80047.25126817393
