,X,Y,SPEED,CURVATURE
count,420.0,420.0,420.0,420.0
mean,-0.25744218528874424,0.44805301161676675,0.011148939103038309,10.889641148357796
std,0.2249632294985091,0.3875692606813947,0.005909200133421024,22.46677932199478
min,-0.7795342321822287,-0.2804378874362323,0.001598492946655874,0.014589782834531181
25%,-0.2505237015038247,0.13474134193933582,0.006433141620042633,1.3642471873740682
50%,-0.2044892068651251,0.5695951939333754,0.01007314659227368,2.3450178009033324
75%,-0.1743793178599407,0.7402717548148293,0.014697634518878778,8.461664628991514
max,0.09501084876916903,0.9702914471165801,0.02612624910224752,157.9991262305444
