,X,Y,SPEED,CURVATURE
count,180.0,180.0,180.0,180.0
mean,-1.164540750512719,-0.5018419950716831,0.012037166812906168,63.58953036629277
std,0.36105206446328425,0.19828129894067073,0.007090573776082341,356.84455108273
min,-1.6153069496642887,-0.7853103487802806,0.0006517458658680282,0.06948128858680165
25%,-1.5124055182977258,-0.717677878822602,0.006762385858359624,3.433672614147145
50%,-1.2924446371932579,-0.48616959289592515,0.011015981975265945,9.722234909150924
75%,-0.7914668062137555,-0.29947577339030645,0.016190051680613958,26.12426096564099
max,-0.6402629665198577,-0.23683606326655518,0.032987090471333004,4725.895683011998
