,X,Y,SPEED,CURVATURE
count,180.0,180.0,180.0,180.0
mean,-1.5282981079016575,-1.2365800446830326,0.009560364083493582,47.81292118608937
std,0.17486523659849196,0.31775442840129514,0.005005692474533329,95.18984326772629
min,-1.8467143804593258,-1.841201324768446,0.0006392096875315114,0.0022857028727160658
25%,-1.645945966292962,-1.4532822064905488,0.005254597443395494,4.763766691541288
50%,-1.5585244285509798,-1.14833145865807,0.009004378706190405,15.711523690087072
75%,-1.3413777535356934,-0.9374227963310613,0.013172165922804948,45.98414241306519
max,-1.2499775470396997,-0.8666307283180472,0.020197427316564296,748.7859649959349
