,X,Y,SPEED,CURVATURE
count,180.0,180.0,180.0,180.0
mean,-0.6454826171098481,0.2988202912261051,0.011608932903857514,324.5761655202904
std,0.22399589023536423,0.26984644502041955,0.00774849069482171,2148.1127583805705
min,-1.1936360982153822,-0.40250954695171987,0.0002799121485892441,0.1494467370393907
25%,-0.7002825842255418,0.2236940683363714,0.006525537191749862,4.336319781263834
50%,-0.6107711371514022,0.3630758031920678,0.011055068670502318,14.01958218402287
75%,-0.469240665286476,0.514833929747209,0.014353545038910514,39.9795949787925
max,-0.3883930190940262,0.561324664473198,0.03425968532153826,26637.008606989402
