,X,Y,SPEED,CURVATURE
count,180.0,180.0,180.0,180.0
mean,0.21011757919451937,1.730798425987312,0.009384153199305802,102.98169482429928
std,0.12654421475484118,0.17533909386303467,0.004791393719720865,668.2254153671258
min,-0.022647728299729657,1.4783716357353893,0.0004031846395991507,0.0334101651093333
25%,0.1287894456461909,1.5920075067517918,0.005669868642614737,6.124349548466859
50%,0.19610897539158056,1.7092593219174343,0.009176536112930548,12.831652587765944
75%,0.3439420416091738,1.8413156327553997,0.012971511923541224,39.62673197846052
max,0.3777125632269589,2.0547289666136535,0.02063337677620225,8857.488110133298
