,X,Y,SPEED,CURVATURE,ARCLENGTH
count,180.0,180.0,180.0,180.0,180.0
mean,0.6715600000000004,0.14289999999999997,0.006706042057194539,8.108935180652486,0.6065418102944433
std,0.1626910938630212,0.14475168219128473,0.0027355281851720423,15.037906568361253,0.38272544598977637
min,0.4752,-0.0935,0.0005099019513592877,2.093583160873896e-10,0.0
25%,0.519625,0.057175000000000004,0.005057974278664012,1.0695651451751187,0.26377392145924616
50%,0.6365500000000001,0.10200000000000001,0.006583590601147009,3.120302816036231,0.5557660595647541
75%,0.8183250000000001,0.278525,0.007941622909581777,8.774666922167189,0.9728294091810192
max,0.9399000000000001,0.37410000000000004,0.01188244503458778,122.18843651080199,1.203572990204656
