,X,Y,SPEED,CURVATURE
count,420.0,420.0,420.0,420.0
mean,0.19292085268343617,-0.8253314657322902,0.01305234664768047,9.455037422073135
std,0.3694635356043586,0.4567069930217211,0.0050615586667017345,48.72788608795589
min,-0.36825000354320186,-1.7387762834588423,0.0004705953410591573,0.01020213616625348
25%,-0.16207896655494647,-1.1221249672618894,0.01045156153292111,0.8415091756724975
50%,0.17360443219068014,-0.7631278825558376,0.012955346690847639,2.9875956992315094
75%,0.4341689004351145,-0.43433707275940303,0.01491742579616017,6.2931802067564355
max,0.9107030355161269,-0.10346896673569168,0.026419817281951617,897.8127455213686
