,X,Y,SPEED,CURVATURE
count,180.0,180.0,180.0,180.0
mean,0.8910896147815441,-2.416941124708911,0.011387181940708693,49.64379225778629
std,0.2085133115491498,0.23672657342911954,0.0063826901119615155,122.4709295482475
min,0.5838077673808038,-2.7118941493051936,0.001689019386532947,0.052990079012966616
25%,0.7085500675770744,-2.647581838693272,0.00666008334209998,4.297723218438052
50%,0.8756882878004018,-2.46893924462956,0.009881025768811474,10.070783013514337
75%,1.0256074171444567,-2.250232058001323,0.01571079445179325,26.475222546588327
max,1.2412610727398348,-1.8915080461414822,0.02913819866745377,791.8421168163117
