,X,Y,SPEED,CURVATURE
count,180.0,180.0,180.0,180.0
mean,1.415146466536963,1.044802202604149,0.013637841110552789,123.57710962391928
std,0.19067441755781636,0.34592028977411493,0.008938409500592128,1031.8764482483318
min,1.0466088929023565,0.18716694681997215,0.0002985428854321334,0.033551457622815056
25%,1.2651433223567843,0.7923156631897076,0.00713963279609981,3.568062557374
50%,1.4949298849422943,1.216178782971363,0.010736583539499092,10.411401845863118
75%,1.5520495792033484,1.3144330176977297,0.018437063527661876,31.935896669623197
max,1.6779298455910876,1.519534680810967,0.03693903328670423,13749.159050529684
