,X,Y,SPEED,CURVATURE
count,180.0,180.0,180.0,180.0
mean,-0.8849678733571436,-0.7315840398837999,0.012436400229123753,35.685591392643346
std,0.2932224963544213,0.15958386706823927,0.004801981258448659,168.89627456559506
min,-1.4793667709562204,-0.9441554917300679,0.0009745226069920643,0.12359548483979142
25%,-1.0762971273575037,-0.8513730189478134,0.008846627939891967,3.1753863011900174
50%,-0.8425750333491009,-0.7752276697766136,0.013247705431033173,7.712397005608964
75%,-0.6714432760416866,-0.5860872527119855,0.01614881626067692,19.72631913682736
max,-0.42223923104649225,-0.3579394541773425,0.02012846860626106,2156.8903246555615
