,X,Y,SPEED,CURVATURE
count,180.0,180.0,180.0,180.0
mean,-0.5061713470949273,-1.5942223585744526,0.008780483101301974,54.38046011585462
std,0.07745026279849627,0.16468388814999205,0.00471130014813909,127.79685188876284
min,-0.7178080987171984,-1.8028619241540453,0.0008026863145300982,0.04153907014303876
25%,-0.5614272122319047,-1.761138198454718,0.0056151446386706275,5.5803058130667305
50%,-0.5025609304482812,-1.6322627880166085,0.008319594907905344,14.878635875955306
75%,-0.4455094235675471,-1.435726314606553,0.011006240478228516,37.125768503075314
max,-0.3699498989665082,-1.3189748761526345,0.02279789243116109,1104.9054448163683
