,X,Y,SPEED,CURVATURE
count,180.0,180.0,180.0,180.0
mean,0.5332963675931573,0.49750920863663894,0.01147044041479909,37.82232583011837
std,0.26645632200585984,0.11369063117568882,0.004588759385613178,143.23338169586904
min,0.10198256233956639,0.27745680436668074,0.0007683440680368464,0.28335520587669366
25%,0.3367792408314522,0.38168859319264736,0.008358843556067462,5.17499721659207
50%,0.462559486075123,0.5246586763833132,0.011544655044400151,10.406290571897275
75%,0.7765716960622526,0.5844979691043531,0.014410534567450664,24.608827917571475
max,0.9896255642298699,0.7135029940954146,0.026525609607392395,1731.7758759026242
