,X,Y,SPEED,CURVATURE
count,180.0,180.0,180.0,180.0
mean,-1.018431535767676,-1.3203667707421483,0.011149458664669314,59.636308071407036
std,0.16813016125032162,0.09193812132446123,0.005993200561227941,171.72104513698847
min,-1.2271910633825514,-1.4546380929078895,0.0006302512060942132,0.00827916494021101
25%,-1.1795009072643563,-1.4073970410889576,0.006830355928592609,3.789444726570479
50%,-1.0482853652528727,-1.331009708714764,0.010476036042024819,12.292984014903341
75%,-0.8742148871371787,-1.2395782610198824,0.015040698006240758,27.497146809572648
max,-0.7126071943418526,-1.1325295575486514,0.024185918351273445,1152.6731118401171
