,X,Y,SPEED,CURVATURE,ARCLENGTH
count,180.0,180.0,180.0,180.0,180.0
mean,74.28998999999997,39.492080555555596,0.46277264829011805,1.6135651381647373,48.55432003780704
std,11.936920366548891,11.7229573472423,0.3043614876460521,8.459123988157817,24.721077019150062
min,53.8583,21.4659,0.022328737089229105,0.00034891836070471564,0.0
25%,62.8705,29.596675,0.24168768138492788,0.02931311733487182,27.13792847203345
50%,75.74175,35.32455,0.3927966337220319,0.14078622162045534,55.44278531142531
75%,86.391825,51.907000000000004,0.5791505741490356,0.6933131106972097,70.88088811513342
max,90.15180000000001,54.435300000000005,1.2582558285181904,104.90101961186404,83.14186068112085
