,X,Y,SPEED,CURVATURE
count,180.0,180.0,180.0,180.0
mean,-0.8849456361268041,0.747089030940721,0.012253175110527564,30.4225379496639
std,0.13428041427262094,0.22818203671635823,0.00593053178202093,84.92042173531672
min,-1.1236195475181923,0.30102783986976356,0.0005679604562554724,0.05362708788502289
25%,-1.0045283634036446,0.5743839431024649,0.008790021789944421,4.018961135552949
50%,-0.8610307471942796,0.820127877301499,0.0115801308287183,10.364942289541304
75%,-0.7696638897495303,0.9104987643381898,0.01486226311330225,19.90345542999532
max,-0.6287439007540296,1.0917845329656706,0.031767646942074734,776.4514090274016
