,X,Y,SPEED,CURVATURE
count,180.0,180.0,180.0,180.0
mean,-0.626378305788765,-0.9034954523106906,0.012932878364805653,29.627008200258373
std,0.10316567167322177,0.28523344736001927,0.006646493787417408,65.76786510345373
min,-0.7880994016706028,-1.3065931936812738,0.0013103635853968809,0.013301593805284569
25%,-0.7119217024545544,-1.17412451559196,0.007833690048840049,3.289468793798812
50%,-0.6433557935836892,-0.9894131903459584,0.01190835365774318,10.118500472020312
75%,-0.5517782251240825,-0.602961420349088,0.017796501344332874,23.67663559505896
max,-0.396669921881287,-0.4259530101601075,0.029977596200184472,539.163888805862
