,X,Y,SPEED,CURVATURE
count,180.0,180.0,180.0,180.0
mean,0.712809945338523,-0.293883246791518,0.014889193222217443,32.832692843626326
std,0.3269636108925907,0.24606443298854574,0.007688159230927754,129.89501544622252
min,-0.0171592886458102,-0.6374840167647047,0.0010482235915781856,0.0431385857226633
25%,0.5559898876493876,-0.5422993726792005,0.009396479580151844,2.9196306142993302
50%,0.7545818646047466,-0.298905456579714,0.013303543952125567,6.480154897671401
75%,0.9711962693313108,-0.0673601603049371,0.019969870981296316,18.997295594389925
max,1.178911932846706,0.13649633903976516,0.034862373684349066,1551.3696957461118
