,X,Y,SPEED,CURVATURE
count,420.0,420.0,420.0,420.0
mean,0.19767940040839768,0.37180323679701005,0.010571556258067091,43.036640986957586
std,0.27437254839457714,0.1390976281410371,0.005077949783403352,290.5070510088367
min,-0.3907648017269034,-0.018742824055696484,0.0001648746361901041,0.021659511363193072
25%,0.05301802109967951,0.30123661887267517,0.006863992017021011,1.4751352246184917
50%,0.17580445594921496,0.37879330689640517,0.010542486630903573,2.9830630317863585
75%,0.4370747538202684,0.4493068103049885,0.014091209955301436,10.405921157327981
max,0.6609478469432231,0.6307594429303213,0.02254667727254681,4606.27481659642
