,X,Y,SPEED,CURVATURE,ARCLENGTH
count,180.0,180.0,180.0,180.0,180.0
mean,-0.09430277777777785,-1.0104944444444437,0.0048334289636236235,16.55737598052606,0.4603408502948358
std,0.15969320321870936,0.06660344977578868,0.0020627903237667015,16.215017446341818,0.25306589709952804
min,-0.2625,-1.1308,0.001486606874731854,0.0605521517644595,0.0
25%,-0.224825,-1.052125,0.003345892441344831,5.072319753742196,0.21168369198437753
50%,-0.17625000000000002,-1.0088500000000002,0.004354738795772001,11.193815975087318,0.5269291964353084
75%,0.078625,-0.965425,0.005903544839649473,22.178971292409674,0.6673664198523255
max,0.1918,-0.8619,0.010153324578678619,79.19056559871953,0.8658557744532575
