,X,Y,SPEED,CURVATURE
count,180.0,180.0,180.0,180.0
mean,0.5254425649927656,-0.6402870631407869,0.0082941085018523,66.73252637728426
std,0.17576663649727708,0.10905386290521753,0.0036459389577280076,175.110956058194
min,0.23192082523081237,-0.8206085804399194,0.0012037339573890567,0.0044294747886326254
25%,0.3716636110065803,-0.7054213202355474,0.0059434824465104535,8.758523062743862
50%,0.5956595797785071,-0.6673028163239962,0.00789075222486309,18.74055212509338
75%,0.6596114480124358,-0.5951193484856708,0.010458455487131956,46.92464945978456
max,0.7921009256045122,-0.3682791944215418,0.02087978815462811,1546.6245749328386
