,X,Y,SPEED,CURVATURE
count,180.0,180.0,180.0,180.0
mean,-0.8046772808219019,-1.0157407234139348,0.011434870221175284,45.51693110401605
std,0.2355683705326209,0.16471706858975893,0.0044098964649721606,197.35204584241092
min,-1.2211274773957699,-1.2462821589808473,0.001078675082497556,0.013398630702771348
25%,-1.0324277422302355,-1.1377823056793628,0.008411868144133111,3.4730287963777733
50%,-0.7366175807223938,-1.0844805954522538,0.012056603714667935,9.162650205416599
75%,-0.5859938221690663,-0.8678363798503672,0.014420644769651452,23.13706572007671
max,-0.5150911077895659,-0.7272333917340951,0.02092920459592307,2332.3859905924237
