,X,Y,SPEED,CURVATURE
count,420.0,420.0,420.0,420.0
mean,0.07403352968424853,0.3154730879840068,0.01208256432326739,7.883719158869596
std,0.17649559897517259,0.5891992843037495,0.006177119719610197,17.45383960574305
min,-0.22356962692309634,-0.3641874598165381,0.0029895207997984695,2.4084505153732275e-05
25%,-0.07551650300578651,-0.22087770837742382,0.00792249710200644,1.4562936747605544
50%,0.05437727832929617,0.11065585756195417,0.01124205511156335,2.9973902529961096
75%,0.23483746621435891,0.91570906910495,0.01347933206015367,5.053241302825434
max,0.36695015865937947,1.2809645004401808,0.03358748595048912,205.85972783310217
