,X,Y,SPEED,CURVATURE
count,180.0,180.0,180.0,180.0
mean,1.6730286258874303,-1.2776253531093178,0.011305691351958884,43.06842955031923
std,0.27240664756770344,0.2642152086935768,0.006117657520183946,155.25720048104935
min,1.3378143791315318,-1.7005136280376116,0.0007377829375761653,0.00041081919223298944
25%,1.4749684695549896,-1.565290988537976,0.007122704528082882,4.353642967762697
50%,1.5455124973906127,-1.2159961526178913,0.010113419962969255,10.17944640229804
75%,2.020001255160486,-1.1377941765355035,0.013931022631943289,26.990800719431707
max,2.1313975141273342,-0.7587889599573457,0.03172231721505423,1578.4652038312158
