,X,Y,SPEED,CURVATURE
count,180.0,180.0,180.0,180.0
mean,1.0755443978495554,0.139928222878216,0.011347980165015146,344.2752431752408
std,0.22321170785048972,0.16145397064924016,0.00489653538544322,4139.820223285583
min,0.7378743878613946,-0.0791275157280642,0.00024086791035180072,0.21537640382358736
25%,0.9514222268362745,-0.02465470967921212,0.00798984883285498,3.3962756183341023
50%,0.9941051220650243,0.11636161186115003,0.011048389503296969,10.412457487047156
75%,1.3605286570939936,0.29290991551625717,0.013789245136228976,27.280534641873572
max,1.4374285056195777,0.42530465748777097,0.024817967079381206,55562.37766704539
