,X,Y,SPEED,CURVATURE
count,180.0,180.0,180.0,180.0
mean,0.918304774166063,0.20897038841758314,0.013597121276363075,735.7536333875921
std,0.2779444694935844,0.21733619017105296,0.007959194485262154,6926.349175045395
min,0.4483715894479457,-0.08413940028585869,0.0001606462590726452,0.0731646966720258
25%,0.6720689310992527,0.04350380826949737,0.00812127777800937,2.660246759850809
50%,0.970849790872683,0.11031700334731484,0.011922308212029506,6.982557727979268
75%,1.1616447497085374,0.4008641872012074,0.01772945777887977,24.74003802310122
max,1.2716115952354021,0.6152272491452108,0.036347409948483005,83207.32807055098
