,X,Y,SPEED,CURVATURE
count,180.0,180.0,180.0,180.0
mean,-0.3509013516713515,0.8694355554849176,0.009527823893194533,125.17206118548361
std,0.10006745274259815,0.13658894584740028,0.004067016312144581,882.8782971776675
min,-0.49602456874862133,0.6370222322592318,0.0005649609067403311,0.01070346759381179
25%,-0.4295003729242027,0.7281425534915803,0.006428603470130297,6.840228945389173
50%,-0.37411653374950316,0.9456890332400552,0.00945259077297416,17.010635376917342
75%,-0.27530412625797457,0.9799157272516059,0.012960214704047604,36.42260109693743
max,-0.16617919943180642,1.060459478315958,0.01764480712931188,9568.291994253248
