,X,Y,SPEED,CURVATURE
count,180.0,180.0,180.0,180.0
mean,-1.7821088519082624,2.340191516097473,0.012586121449429862,25.964897636737028
std,0.34933448976496007,0.1574412199887084,0.005091033753612494,85.48802184217645
min,-2.2201218492158823,1.9312948902155178,0.0017809133614558978,0.021188178814694446
25%,-2.0589872575671175,2.2596895514338287,0.008965759298911328,2.906410614634855
50%,-1.850188180963985,2.403287365798381,0.012587784682300564,7.3206498145028505
75%,-1.5739087285447737,2.4517476813079226,0.01640424648148373,19.86530342653837
max,-1.0420941077967059,2.510502932837232,0.022353450568741377,1051.9887869888378
