,X,Y,SPEED,CURVATURE
count,180.0,180.0,180.0,180.0
mean,-0.3680755834048848,0.7807678079237323,0.013522431435739495,92.94664133293503
std,0.24574207512783955,0.35462693660010874,0.008121230867636513,348.44826667005424
min,-1.0633497288442124,0.19503645176812123,0.0003181643815601464,0.22430323745165512
25%,-0.3779609695462653,0.401392306408427,0.00816599572542502,2.9316170303674345
50%,-0.31459408602583544,1.0288669056872153,0.012780277154691861,7.20217542952642
75%,-0.22472911737313483,1.0800873495186365,0.018228409970156866,19.535929861929652
max,-0.05391767156563743,1.1539604649017148,0.03746641485443888,2492.824710104096
