,X,Y,SPEED,CURVATURE,ARCLENGTH
count,180.0,180.0,180.0,180.0,180.0
mean,0.5018933333333335,-0.005170555555555528,0.004111606644213616,38.72097840235508,59.335714239117955
std,0.10212454145052718,0.0705810439498649,0.0017867948968129147,65.52651819508186,34.66539022866301
min,0.3438,-0.10650000000000001,0.0010511898020814372,0.07699218140348373,0.0
25%,0.427425,-0.06642500000000001,0.0026336333097592606,8.591992950107128,31.8982331441408
50%,0.49965000000000004,0.009000000000000001,0.004140338239751055,15.817387227191404,56.907938717023086
75%,0.554125,0.053175,0.0054493691562444106,36.9788365797673,85.96667010131141
max,0.6958000000000001,0.10070000000000001,0.008317601817831864,411.9457897774171,126.94406417494591
