,X,Y,SPEED,CURVATURE,ARCLENGTH
count,180.0,180.0,180.0,180.0,180.0
mean,41.36586166666669,37.80631444444444,0.7743925804739462,0.3289876222620285,60.9233318555004
std,11.131926607555782,11.715170571767207,0.47768594969673034,0.7531859547225012,34.47111737291826
min,24.7501,21.4986,0.1516582424400357,0.0001223048265556943,0.0
25%,31.118275,27.213900000000002,0.4382294206275903,0.013184275207758993,36.841980014085415
50%,39.494150000000005,36.89765,0.5958756366313971,0.07864744053615107,58.932278605238
75%,52.538925000000006,47.46335,1.009872127182029,0.25286593702841687,85.38462835934052
max,59.209900000000005,60.0011,2.0390953300422208,5.99591586507562,138.0995739983718
