,X,Y,SPEED,CURVATURE
count,180.0,180.0,180.0,180.0
mean,1.4774876925647393,1.3976294237662628,0.01395459595162521,26.32923343437467
std,0.26973668615981716,0.34454765655751524,0.006906512175818575,86.05016154941897
min,0.8080762554031534,0.9302063155183946,0.0023158038396544267,0.06468164353671536
25%,1.3709147503687595,1.0814287896902983,0.008915071833345441,3.0312285108004122
50%,1.5853450936961946,1.2069012376562709,0.013724274029781304,6.285111108385191
75%,1.6573328738073236,1.7329032578115315,0.018699461308060814,14.906168825411608
max,1.7978385869314648,1.942877833365368,0.03732750339983518,990.642042026661
