,X,Y,SPEED,CURVATURE
count,180.0,180.0,180.0,180.0
mean,-0.3737020736514863,-0.15340640928672247,0.011105444143674856,49.49948719183755
std,0.22491412892080132,0.08606928788743932,0.005410896877617222,112.07464771116034
min,-0.7167065136486391,-0.31387881729452843,0.001524617875275491,0.011614373758877253
25%,-0.5667085817918521,-0.217536102533521,0.006843336846538153,5.073515210426121
50%,-0.41307777036164695,-0.16691932553224703,0.010300599338850216,12.390643048152018
75%,-0.13423436791996496,-0.08274293939986829,0.014973719368817726,42.05530225652359
max,-0.020299274715467917,0.021388757282652236,0.026157818102279743,803.6729249616442
