,X,Y,SPEED,CURVATURE,ARCLENGTH
count,180.0,180.0,180.0,180.0,180.0
mean,1.750237777777777,-0.1841077777777779,0.00620365618602601,29.232576331672927,0.66164784040054
std,0.07749339431610872,0.16674662827093953,0.002913659303983682,148.7235991875379,0.3086185084148552
min,1.5215,-0.5661,0.0008062257748297886,1.6785441311608804e-12,0.0
25%,1.7079250000000001,-0.272075,0.0037371338134711074,3.5696652530584783,0.4523449526478182
50%,1.7773,-0.13045,0.0056064177667577795,7.32776232286515,0.7163373995759406
75%,1.8068500000000003,-0.041925000000000004,0.008886585276347236,15.390989520029386,0.8964261986794341
max,1.8741,-0.0233,0.01213342490807934,1927.3089528480064,1.11164580919848
