,X,Y,SPEED,CURVATURE
count,180.0,180.0,180.0,180.0
mean,0.10357072150406559,-1.009643493440801,0.013403514199577657,307.43907862264547
std,0.24111030143154433,0.427804047118151,0.0059342961595014775,2527.3242864945664
min,-0.13627650083220377,-1.5777414354436103,0.00035757950700913087,0.036422141143443276
25%,-0.07008821988034517,-1.3995675452529657,0.00908501335142122,2.8485977475663073
50%,-0.012032549953877626,-1.122043377808024,0.014039364727029161,6.439444082622332
75%,0.22017125428397322,-0.5218617303900184,0.01715156756663461,16.600410692802768
max,0.7141701941756978,-0.414869494251954,0.02798911881765614,24406.377722042467
