,X,Y,SPEED,CURVATURE
count,180.0,180.0,180.0,180.0
mean,-0.6563312309141968,1.6845999745764368,0.014788257419001161,24.178089759942303
std,0.12682885482955525,0.28942438387574887,0.006238850283288464,113.01554712375659
min,-0.8318669492046609,1.2085542602196555,0.0016795314177087595,0.043008386825221734
25%,-0.7599284725057213,1.4335892821716851,0.010284240187114433,2.201999415690084
50%,-0.6669220181661486,1.6853397244006376,0.01319304312913491,6.264385396479728
75%,-0.6118749218775187,1.9508399621534505,0.018071301867798203,14.089835120403226
max,-0.3703750133411635,2.301926950271758,0.031751508272403334,1141.790165743665
