,X,Y,SPEED,CURVATURE
count,180.0,180.0,180.0,180.0
mean,-0.1129866627908633,-2.4136237629811417,0.012219280306473805,23.528949195448543
std,0.17845761750769587,0.23806644458709925,0.00467605075078126,49.12740403002625
min,-0.5584203934809215,-2.7528575484173774,0.002342390632204413,0.02412606547928723
25%,-0.17465584033727605,-2.6244715284401545,0.00930253393212187,3.676315611627211
50%,-0.08826038351396202,-2.478151235364334,0.011445540466241227,9.215094125857984
75%,-0.020892470316509534,-2.137743947931701,0.014633362950345476,25.429263303928774
max,0.17056981224888873,-2.082160431580225,0.02449637190713764,543.6869093094044
