,X,Y,SPEED,CURVATURE
count,180.0,180.0,180.0,180.0
mean,-2.972555525000897,-0.4233346785980217,0.013136733400020294,100.6323611507241
std,0.32123013295887287,0.4644424210234288,0.007088420383548288,993.6182989512605
min,-3.4840790431825424,-1.1026359457562735,0.0005547363062601115,0.00834790877536527
25%,-3.245970127787754,-0.9066460251985398,0.0069631020098465555,2.1457738645760505
50%,-2.9419751092697277,-0.40169490666190666,0.012476235456500097,5.824124427925993
75%,-2.658242748348601,0.05364946061592911,0.01831183781690663,16.62353019699155
max,-2.5314096791215746,0.17618736986669215,0.0345598510406181,13333.888330757993
