,X,Y,SPEED,CURVATURE
count,180.0,180.0,180.0,180.0
mean,-0.19188324990533626,0.7487626317193135,0.011555917535267423,60.03221168742864
std,0.19365473849143572,0.17993507266471515,0.00623215586171379,183.01651561558072
min,-0.6836640076099634,0.40110645779474846,0.0005726167106064581,0.05368728822972433
25%,-0.36024846789483544,0.6779411456011972,0.006629124175639685,3.9884519607431574
50%,-0.12868551098291675,0.7707633292835054,0.01092099329200918,10.724916835687974
75%,-0.06838661211704354,0.8422611747701106,0.015497140311087471,34.47588780720772
max,0.08398645724577138,1.1234964500601403,0.02503282738395757,1397.388719430784
