,X,Y,SPEED,CURVATURE
count,420.0,420.0,420.0,420.0
mean,-0.5103903672229048,0.6918352915543531,0.01258823304291683,24.14388666854371
std,0.24351438383141785,0.47963756463649393,0.0077916942005452775,72.03287386683441
min,-1.0515658587566326,-0.0009179419817630027,0.0013350560197506497,0.001496206860300043
25%,-0.6142168067018358,0.18166560224972667,0.006414335869054547,1.071238816372659
50%,-0.4543594834716226,0.7311134535335111,0.010429525679016605,3.0543779592474825
75%,-0.327957382739416,1.1346892023779707,0.0183275669485821,9.768328231390939
max,-0.1737626843685008,1.4289205998501493,0.03464749930463408,771.1473173247784
