,X,Y,SPEED,CURVATURE
count,180.0,180.0,180.0,180.0
mean,-0.07162709236678659,-0.2730554760785691,0.010404052521971742,413.46896088296904
std,0.1391044088367063,0.14408775066934024,0.005058351355784746,4179.765174148209
min,-0.29253540110424203,-0.464509423240057,0.00026810005843124824,0.11393046499847527
25%,-0.18940543775391303,-0.39962008269595284,0.005980992655595103,4.396711708416216
50%,-0.08677517113609554,-0.3138312085278172,0.010631934451514464,10.767566811686645
75%,0.055739537742302295,-0.1480855161580803,0.014407985961955059,32.95424379082888
max,0.14879674473366342,0.0027344734556650208,0.022154821548430938,55498.92713841062
