,X,Y,SPEED,CURVATURE
count,180.0,180.0,180.0,180.0
mean,2.5288687835406973,-0.09141585622332055,0.011208038278987056,67.28571390089283
std,0.25370144602306316,0.21189576257373693,0.005563464266584333,304.06391854294884
min,2.1055816599581796,-0.3392641875315621,0.0009346377673901869,0.011636339208366283
25%,2.255273650672657,-0.2815831605398201,0.0068145088370543646,4.55687467446605
50%,2.6423308445687073,-0.14730890980217126,0.010382684033525786,11.084958761311025
75%,2.734504619364762,0.11059573050002958,0.015446383902852934,30.541065428072415
max,2.876070335593814,0.3644464119232218,0.02476934734463933,3500.1327289358755
