,X,Y,SPEED,CURVATURE,ARCLENGTH
count,180.0,180.0,180.0,180.0,180.0
mean,49.92191388888891,47.433050555555575,1.3582791271929697,0.20176187600291873,112.47796206963386
std,23.020874284585236,17.150284491711723,0.8549635954017287,0.39406455383815936,72.79056966824528
min,13.6049,18.5912,0.2946439546299903,0.00027714019721819327,0.0
25%,25.8596,32.23335,0.7769011332049605,0.020871054097750155,57.895895261788574
50%,55.800200000000004,48.788900000000005,1.0834780283365348,0.09193743492477635,102.39118375201926
75%,66.30595,63.045425,1.6261750700178115,0.2272664099446689,160.61042148269706
max,92.13770000000001,74.2167,4.287724412785878,3.342331790712058,244.5746724693424
