,X,Y,SPEED,CURVATURE
count,180.0,180.0,180.0,180.0
mean,0.3162485563370786,-0.08239592400760526,0.009763759262185237,72.89708969063899
std,0.4433378182886219,0.08817168710108712,0.006326697316880422,165.1563873380908
min,-0.3428154384342395,-0.34202910626580263,0.0006112916332018868,0.18455029613692678
25%,-0.19628270417516586,-0.1130970088058241,0.004973601731260992,5.437766730502345
50%,0.5730803410550147,-0.0657965625988628,0.009341473186719441,14.172898355511347
75%,0.7043119262285458,-0.026177556093379576,0.01259821175637314,61.26089423743407
max,0.8300508256846097,0.03755210570683184,0.027282028177455328,1207.4249288309154
