,X,Y,SPEED,CURVATURE
count,180.0,180.0,180.0,180.0
mean,0.7891548209834348,1.3399292758505748,0.012652392622013939,26.54937886447647
std,0.3401064446103427,0.21254418786173018,0.006109920974694071,77.13775028558076
min,0.28553977790762275,0.795476521940501,0.001047668143478658,0.016229404960088734
25%,0.512006155388142,1.1725721615812452,0.007925370215743386,2.707514630217452
50%,0.7205569697169281,1.4406973058645958,0.011645872484690277,6.3459903221569345
75%,1.16640668324388,1.5192087050826766,0.01686106998476601,19.055980265618828
max,1.314892250014759,1.5596212075202753,0.03181270942523805,760.5113996695253
