,X,Y,SPEED,CURVATURE
count,180.0,180.0,180.0,180.0
mean,-0.021735783248733057,1.5216401540041091,0.009049791200471469,73.5242801312913
std,0.18162911192058495,0.13719790114494917,0.004668328178658113,292.1141836410815
min,-0.247197147501099,1.3191695982909268,0.0007569371457875793,0.010687727320994631
25%,-0.18928412435237035,1.4172185451021981,0.005479782821681548,5.2183818119724465
50%,-0.1301009099058176,1.4894278446420048,0.008368430910487681,16.309795344734574
75%,0.13315793282791077,1.6569147288757036,0.012127890617711553,43.70478676543161
max,0.2800987806447977,1.7805368766488403,0.020596742976967505,3504.14690857801
