,X,Y,SPEED,CURVATURE
count,180.0,180.0,180.0,180.0
mean,-0.046365997042417326,-0.01676869785113037,0.012789774050244803,45.11902816406501
std,0.29937832328842146,0.16878112230364004,0.00568256354561863,371.38419211476366
min,-0.722256619539549,-0.25869134689262024,0.0007917022602447717,0.11237687200935917
25%,-0.23976417134269018,-0.17711109938054842,0.008201622519832604,2.391698579375069
50%,-0.04904598189188589,-0.005307639070971795,0.012039316113122046,7.655168014741161
75%,0.24355533013605857,0.11861490858985302,0.017809781925332502,17.44572166287864
max,0.35920624216444513,0.31290796838849144,0.025277493163577774,4973.979076798328
