,X,Y,SPEED,CURVATURE
count,180.0,180.0,180.0,180.0
mean,-0.1573328995945091,-0.650575864849504,0.010723293061822358,41.491719740341175
std,0.15507857088324628,0.24248925806031796,0.004369188300046197,136.49492811068768
min,-0.43267734766866156,-1.0034983013453296,0.0011053889268851174,0.08679456326822867
25%,-0.3393618614498994,-0.8379112632294825,0.0076127411417288935,5.10177723254993
50%,-0.10088432030701751,-0.6541075810770491,0.010437627283472566,12.952908384547404
75%,-0.016841320873499897,-0.5211304957262263,0.013840214480766853,27.084728739641267
max,0.030570508737690807,-0.0675302229919848,0.021072103471401784,1435.0685995275223
