,X,Y,SPEED,CURVATURE
count,180.0,180.0,180.0,180.0
mean,-0.08263185459131375,-0.10616171873670432,0.007759535877871193,284.3260924489614
std,0.2636724442582475,0.07494160294842961,0.00516758399182417,1822.3194889066372
min,-0.5809740747564492,-0.27705517197222573,0.00028843511121851164,0.3764576639515241
25%,-0.23207523654978088,-0.1182767862598286,0.003827957957186635,9.500857330570714
50%,0.05071424998848822,-0.07644232405801789,0.006318008407140838,29.546320389370255
75%,0.14930962360499012,-0.06388346905980041,0.011052033674798388,114.7684102209561
max,0.23936110497818694,-0.0235844877026998,0.024874276140584056,23315.273015078732
