,X,Y,SPEED,CURVATURE
count,180.0,180.0,180.0,180.0
mean,0.09879387708838828,-0.2713731731675083,0.010461627244363926,130.09613742842015
std,0.16647783266508162,0.2410437477661543,0.005048208138629087,1014.4420372040876
min,-0.19361776538459807,-0.55516523857858,0.0005488839883930569,0.08362896038151463
25%,-0.03558034776635824,-0.45986030291502256,0.006946999988581148,4.241834970435462
50%,0.06428025645412337,-0.40358859242647827,0.009806189247656128,10.854060817706484
75%,0.24809705477662183,0.01646283216267234,0.013363474013489637,28.302431048247726
max,0.3629770169268667,0.13311847056952014,0.02544015097141229,13338.598649652195
