,X,Y,SPEED,CURVATURE
count,420.0,420.0,420.0,420.0
mean,-1.3947923117124186,0.7381938338007153,0.013789661580108418,10.645471155020594
std,0.36851237403638454,0.41671622448461065,0.005506722991832302,73.58148951508173
min,-2.065346125440878,-0.132800383663835,0.0010600928234154865,0.00023977441079969247
25%,-1.7057200240778672,0.49379946093799654,0.009129172710125807,0.7379585623180774
50%,-1.4197367810369643,0.7566150859822554,0.013952957593651925,2.177294392174271
75%,-1.0328843918240003,1.0912379889706227,0.01795625548255358,5.254991242664729
max,-0.830087384683707,1.4181577521918494,0.02509910637759408,1414.5976940763853
