,X,Y,SPEED,CURVATURE
count,180.0,180.0,180.0,180.0
mean,2.3332763171557827,-1.4100700316865584,0.011828844044607932,39.10122407790679
std,0.1144879234832731,0.2220639917705886,0.005088540297562862,125.69331115873773
min,2.0588665988532155,-1.790705095560734,0.0010997354049401178,0.16075426853153538
25%,2.2760157139124333,-1.613805804763849,0.008774839818132997,4.167801707085559
50%,2.3467292489962257,-1.3678350008952689,0.011390545880262783,10.044032674793034
75%,2.388520479475372,-1.227902488689977,0.015222671626700966,22.983774878540913
max,2.5749858980868305,-0.9817950158469683,0.027507189389377115,1433.8605089848863
