,X,Y,SPEED,CURVATURE
count,180.0,180.0,180.0,180.0
mean,0.20976176098411758,-0.5309268083409459,0.011369412766107003,78.83625635168414
std,0.14088461314791179,0.34680565523587054,0.0059302630321932505,424.84637463681946
min,0.03597300694532617,-1.3032527585648062,0.0007087187773173339,0.23488995704597268
25%,0.08376038478500092,-0.7580241754597117,0.006584565616990233,4.23593720075464
50%,0.1834408903546749,-0.38965474525042276,0.01080475204871623,12.389246986166714
75%,0.31070707724331625,-0.2709185651677088,0.01563560052336871,30.485306495685595
max,0.5359055247380088,-0.13475098556386034,0.025633892273276046,4913.702243700058
