,X,Y,SPEED,CURVATURE
count,180.0,180.0,180.0,180.0
mean,-1.0926226960791854,0.24853801729117692,0.009552908291002707,90.36569060565516
std,0.17055413866602373,0.19181593495394442,0.00527162909539953,278.89245205469854
min,-1.3994808936644845,0.037147597463513704,0.0007606610708919459,0.18560576382769553
25%,-1.2400696193263578,0.12197295863787808,0.005362021094872219,5.650216272079315
50%,-1.0355886343690892,0.17415040532723383,0.008872975249434808,14.66302266529517
75%,-0.94171596529756,0.37974816466441935,0.012942226189842806,56.0871657856787
max,-0.8916307606085335,0.7139962544382369,0.0252932019037205,2219.3694981948565
