,X,Y,SPEED,CURVATURE,ARCLENGTH
count,180.0,180.0,180.0,180.0,180.0
mean,0.19419222222222238,1.0983872222222215,0.0066075396230551794,43.297198957461546,30.772302213978506
std,0.0938002254023781,0.20081087604105238,0.0025260576338608904,264.8947395622853,15.20068458585609
min,0.0509,0.7047,0.0005656854249492052,0.12542404514255548,0.0
25%,0.1193,0.93035,0.0050013050053753375,2.2784684894154035,18.238541535168018
50%,0.18345,1.0936,0.006687487649031893,5.700227632865472,35.328094293618946
75%,0.26925,1.278125,0.008576686337148264,10.396115927007287,44.146865362963126
max,0.35050000000000003,1.391,0.011700106837118985,3369.805754092589,49.21805545374892
