,X,Y,SPEED,CURVATURE,ARCLENGTH
count,180.0,180.0,180.0,180.0,180.0
mean,0.2851500000000001,-1.4532694444444445,0.003554679449536064,99.25448989002068,0.30431244896637577
std,0.09863021367856468,0.042198170546304446,0.0016392032435538734,617.4315876390856,0.180512652790393
min,0.1476,-1.5285,0.00025000000000006126,0.31083743304881994,0.0
25%,0.214425,-1.4789750000000002,0.0022253904981962115,6.952580399481323,0.13888370158131205
50%,0.2486,-1.4554,0.003428079933154689,22.02202016115333,0.33789725346132815
75%,0.382325,-1.4340750000000002,0.0048451520136185144,48.93500630048723,0.4419836669176231
max,0.4706,-1.3755000000000002,0.007089605066574572,8159.99999999853,0.6357690493275069
