,X,Y,SPEED,CURVATURE
count,180.0,180.0,180.0,180.0
mean,-1.2387239579678455,1.8251553319752112,0.011348518288649866,91.1466232313262
std,0.09167098332811609,0.2111858055672471,0.006545266401118824,505.3237329398762
min,-1.431537899922695,1.4921320558405253,0.000279814904209817,0.21823691143042762
25%,-1.3100030427580753,1.65697643342375,0.006459938652686738,3.400491356380769
50%,-1.202651907162315,1.7096869082479271,0.010451408169926298,12.197404016382908
75%,-1.1623002011311636,2.031978601377774,0.014684207821247196,34.02325975638037
max,-1.1160697680663147,2.2000456160904953,0.03146861373135394,6312.755385017032
