,X,Y,SPEED,CURVATURE
count,180.0,180.0,180.0,180.0
mean,1.843509332359686,-0.24159273901258582,0.013962269825857937,63.4846609698825
std,0.29424271521213674,0.321543967782813,0.005717378797715732,346.3005542531354
min,1.5437305737284637,-0.9737564323717274,0.0003693554553253127,0.05095949506466406
25%,1.6328897788865033,-0.3576993726407197,0.010004891888502959,3.1534296939677153
50%,1.7272477463458205,-0.1987488234551835,0.015388916202359892,6.302390829191589
75%,1.986894293706368,-0.02902776021138272,0.01780280653385237,14.146002384618972
max,2.472308255207247,0.21256353744670903,0.02382527718248213,3749.5275720743166
