,X,Y,SPEED,CURVATURE
count,180.0,180.0,180.0,180.0
mean,-0.794382250409325,-0.6588631750140237,0.01108444945943987,160.90153073094413
std,0.3751178616280516,0.15253230461228387,0.0060072866516130636,1170.6290901778148
min,-1.3633686757688763,-0.9408311929689598,0.0002211606560326141,0.04443112911913751
25%,-1.1722117414120796,-0.744598205385224,0.006471312169760246,4.064354128067854
50%,-0.877950993275023,-0.6091786304826843,0.009679956209520238,10.705754809714639
75%,-0.3837480288120767,-0.5428051089885249,0.015983095726453296,34.48438148707952
max,-0.29127752227478887,-0.4292060155023937,0.025405328547175414,14840.110506596528
