,X,Y,SPEED,CURVATURE,ARCLENGTH
count,180.0,180.0,180.0,180.0,180.0
mean,-1.671671666666667,1.584905000000001,0.00539669066458385,36.29804617082592,0.45106205054521475
std,0.06718785411235773,0.09674516330496849,0.002077481523145323,175.377466543721,0.26971217757397536
min,-1.7755,1.4193,0.0004272001872659335,0.02871601279754726,0.0
25%,-1.736075,1.5013999999999998,0.0037570670159546493,3.1838267497706982,0.22778906337360638
50%,-1.6734,1.6114000000000002,0.005480624518074201,7.28301157941948,0.4658449741139761
75%,-1.60865,1.65375,0.006886045674370692,22.728833975422486,0.6830294220954789
max,-1.5587,1.7985,0.009278200256515294,2228.591706884556,0.9668426967910213
