,X,Y,SPEED,CURVATURE
count,180.0,180.0,180.0,180.0
mean,0.19382814994832104,0.0024486134032171585,0.01272040244481466,77.1966147546407
std,0.43664758918267627,0.23521618071864506,0.007012460937973481,405.9687207125902
min,-0.33267013939301576,-0.23434978231990206,0.0007140424222290507,0.02711434041652353
25%,-0.2600144673570234,-0.18298971655980228,0.006381647347939817,2.8830390180697516
50%,0.18983731320427538,-0.10372822962376024,0.012665879238857057,8.889522249896116
75%,0.6227076808500058,0.20841013260995866,0.017861633546390334,27.045681738379958
max,0.7912965078796118,0.44841771895667176,0.02796260829618579,5166.662846954076
