,X,Y,SPEED,CURVATURE,ARCLENGTH
count,180.0,180.0,180.0,180.0,180.0
mean,47.90006611111114,29.671851111111117,0.18444566858260608,0.5469130512612531,16.13710760381176
std,6.969206220288804,3.4992914423799912,0.08015316435692953,0.8001393986068236,9.374381142817924
min,35.0796,23.1721,0.056321066218602035,3.24552183847745e-05,0.0
25%,43.125825,26.53545,0.11165003678878499,0.1015253177902993,9.137244537985872
50%,48.67025,31.3103,0.1877075298651234,0.2190101663857587,15.84328680439388
75%,51.54607500000001,32.426325000000006,0.24885528891444347,0.6096390760062407,22.717757761049928
max,60.515,33.1479,0.33552824769309636,4.898330481250954,33.13889467945499
