,X,Y,SPEED,CURVATURE
count,420.0,420.0,420.0,420.0
mean,0.24390934843594164,-1.506284376377255,0.009018961458948682,15.725645002941976
std,0.28018182782417184,0.24930889671626183,0.004144382397026025,57.02607637744668
min,-0.3736268457425215,-1.8387828701747087,0.0010495342615712791,0.0030830353771001966
25%,0.02949352977003405,-1.7646518784084193,0.006122371442828962,1.7942112145899938
50%,0.33870971503717784,-1.5349349600065354,0.008544544967620723,3.5031506351266293
75%,0.4570969676736607,-1.2848879465029017,0.011287135616747669,10.857379810239753
max,0.651132037910977,-1.015921935362087,0.02152795378305597,908.7662508445356
