,X,Y,SPEED,CURVATURE
count,180.0,180.0,180.0,180.0
mean,0.59959763492509,0.8904706933367967,0.013293299895893913,23.537631481530045
std,0.1750791793375882,0.29322162539195623,0.006507798310553236,55.080796781677016
min,0.25742215381732686,0.4178706219082844,0.0015060748307514729,0.1129951453223718
25%,0.4436384400010214,0.5763820950828853,0.008380708736797528,2.6299907443633015
50%,0.6518410681277284,0.9969138254380945,0.01215250198389128,8.228800480816531
75%,0.7293474198939303,1.153112327575606,0.01672932227300953,20.867076504157673
max,0.8784689501056226,1.2800179590492546,0.033967397763333185,443.52116401527604
