,X,Y,SPEED,CURVATURE,ARCLENGTH
count,180.0,180.0,180.0,180.0,180.0
mean,-0.17697722222222217,1.570440555555555,0.005195392345160123,38.742034525449725,0.5810450983912093
std,0.20049386449898673,0.1565572662631836,0.0030350298502699433,85.41407936731626,0.2795034037386546
min,-0.3664,1.2402,0.0008062257748298763,0.030539324953139876,0.0
25%,-0.353125,1.485775,0.002023451078470278,2.4558665309151344,0.36872249094610693
50%,-0.28500000000000003,1.6355,0.005001537647836127,8.898231346309062,0.6962591402052845
75%,-0.003025,1.69755,0.007818869780568748,33.02985596904187,0.8173707468656264
max,0.24780000000000002,1.7268000000000001,0.010237431318450941,720.3555739603672,0.9300037856302535
