,X,Y,SPEED,CURVATURE,ARCLENGTH
count,180.0,180.0,180.0,180.0,180.0
mean,-0.490332222222222,-2.2422633333333333,0.005821241626297859,18.789985115942706,42.58918138662859
std,0.2709016914712079,0.11851644295791469,0.0022317650492645435,25.96668555662329,36.494129347540564
min,-0.9613,-2.4239,0.001732772345116331,0.07093288445080617,0.0
25%,-0.721,-2.3339,0.004038097796162807,3.867662027541756,10.213959773174574
50%,-0.4691000000000001,-2.2395500000000004,0.005553262451275109,8.556920256510907,32.45676060676883
75%,-0.23110000000000003,-2.191225,0.007860284184185325,20.546397927204463,69.89398186932513
max,-0.1301,-2.0239000000000003,0.010130399794677466,132.40699588209813,124.02545965951258
