,X,Y,SPEED,CURVATURE
count,180.0,180.0,180.0,180.0
mean,1.0610226558820397,0.3290774988269944,0.011131718652327316,36.94014956410771
std,0.19890324859073816,0.21863831052677765,0.005342068561984647,226.73176239511858
min,0.700760744588109,-0.226213717679423,0.001045628521449095,0.03993935722748856
25%,0.8727371113097461,0.17489828359791226,0.007059353511514509,3.514447018466168
50%,1.1458844492025837,0.2816478574837737,0.010515805533318826,8.346796538893118
75%,1.2304529889739142,0.5297518654009075,0.014478578759949854,24.653346908428716
max,1.300640494042399,0.6523700711737176,0.026815256969711144,2971.774800091202
