,X,Y,SPEED,CURVATURE
count,180.0,180.0,180.0,180.0
mean,0.19424976349869,-0.8601129619615823,0.01363614158059085,172.08543017115502
std,0.2994312251726241,0.13774721893306002,0.007445921512504334,1240.9476574915575
min,-0.6945835725763422,-1.1828224115963253,0.00023162498056573212,0.05058113859381712
25%,0.043031440652818234,-0.9753300424148912,0.009159657069349745,2.218118799272571
50%,0.32689861615552723,-0.8312580317298158,0.012408725625670707,6.466127599304864
75%,0.420190555331775,-0.7450154702090283,0.016796120366347565,22.454037784456318
max,0.4720243546824859,-0.670132373142887,0.03798361238836859,13994.063569628106
