,X,Y,SPEED,CURVATURE
count,420.0,420.0,420.0,420.0
mean,0.21804575993600298,0.020928012508022533,0.010285658771207188,18.291718695755865
std,0.40829494293045,0.1420943673911429,0.005572907337032451,73.63512350541421
min,-0.28731509797310645,-0.30200393082289756,0.00030559647923939366,0.005153452343377778
25%,-0.11735341405942333,-0.06306294065576963,0.005818774962182546,0.8756118118792252
50%,-0.00891515076253778,0.012496496506653212,0.00921826337404898,2.8295087360322864
75%,0.615948276152254,0.12800539419687545,0.01490716834935603,10.425439993665014
max,0.896382580463181,0.25138377270134216,0.021440278232282263,740.6972641363594
