,X,Y,SPEED,CURVATURE
count,180.0,180.0,180.0,180.0
mean,0.3558290295760023,1.2359538657939548,0.00987800505396597,51.12443189049389
std,0.15329016685151578,0.11771049904621436,0.004458799396627335,221.80210476634116
min,0.14276183000883869,1.039612350294204,0.0007980783997546099,0.2013828416792123
25%,0.2274015398673056,1.117174635884455,0.006540617441868631,4.583618309623166
50%,0.3145097450303415,1.2740545464115702,0.009497555368125712,13.801325338273719
75%,0.45251616612337797,1.3177838354212534,0.012009946814038476,27.5509351470036
max,0.6770118931703566,1.448744341559393,0.020285116808053096,2445.8929392887208
