,X,Y,SPEED,CURVATURE,ARCLENGTH
count,180.0,180.0,180.0,180.0,180.0
mean,0.29557111111111095,-0.17824277777777778,0.004856207078723536,62.58401787971732,0.5256216234351617
std,0.11946360166035332,0.030296331674168654,0.0026256050173107206,247.43644695560914,0.2484395991884626
min,-0.029500000000000002,-0.23170000000000002,0.0005220153254455312,0.2855311523174931,0.0
25%,0.264175,-0.19627500000000003,0.0031063739910773356,4.014760566482314,0.358696702779327
50%,0.31520000000000004,-0.18085,0.004098627475919243,12.410749810455666,0.5612790374919872
75%,0.386675,-0.1562,0.005731281233919455,25.34582082390713,0.7252296605383675
max,0.4445,-0.1223,0.011035397591387469,2873.4788556634635,0.8685538555149029
