,X,Y,SPEED,CURVATURE
count,180.0,180.0,180.0,180.0
mean,1.4120346255410088,0.6350754240151797,0.012368788140279132,37.26750021677554
std,0.18826441229531063,0.3259186227662218,0.006157654761912423,85.23383774753661
min,1.1385712470162865,0.03205782395577439,0.0009496283298194248,0.0013540878993013837
25%,1.2658409351576427,0.32116586099812866,0.007110951732332767,3.0632374960436297
50%,1.3679097492541468,0.7396101759759357,0.011931425635819394,10.67833954708843
75%,1.572774630263516,0.8996590659639216,0.01709302102120826,32.72192806027066
max,1.7889528157761547,1.0539614019765267,0.027755866155839963,592.7470525249197
