,X,Y,SPEED,CURVATURE
count,180.0,180.0,180.0,180.0
mean,1.4894744041883368,-2.295716014348282,0.014371778066898601,25.35662386066317
std,0.1992585966428576,0.2504410352767198,0.007133480354303571,68.06918257811972
min,1.2427983149430244,-2.778746208683242,0.0023501478402823033,0.01033221270675356
25%,1.3023606762095037,-2.4691068062682606,0.009046235365996965,2.5088695225411852
50%,1.4165661579717692,-2.2142535360269227,0.012517881382049525,6.845643172580084
75%,1.7103584512453607,-2.0919939297243975,0.018703549047041298,16.93608082783148
max,1.7992933872972172,-1.8476147463642265,0.030991202070349465,636.8463858098003
