,X,Y,SPEED,CURVATURE
count,180.0,180.0,180.0,180.0
mean,-0.2347823707018078,-0.9427143778186428,0.012532605738951635,30.197636534784635
std,0.26735845499407035,0.19340278877134653,0.005951220111927111,78.49308144609613
min,-0.6123177487529322,-1.3445970974111685,0.0017151193328930239,0.024304896954569985
25%,-0.4877852355229422,-1.0218361392301654,0.008155615963113165,4.552849242124215
50%,-0.2818127125201787,-0.919205834988001,0.010870074979750063,9.618936531931253
75%,0.05679160360765046,-0.8936392058751071,0.017830795110461525,28.190785577737145
max,0.1598265809060647,-0.46655904654953284,0.02499275277843781,881.3081692022496
