,X,Y,SPEED,CURVATURE
count,180.0,180.0,180.0,180.0
mean,0.4462202256238621,-0.06196325374327072,0.01241832934002916,21.301497981736794
std,0.2548902768191283,0.28721099865182625,0.005610096139512267,36.3485106545127
min,0.11817053691527916,-0.5718742601381467,0.0013468131434746598,0.14471314440886152
25%,0.2289172535312597,-0.22624195562972754,0.008561968966571475,3.536544690051091
50%,0.3573615153663646,-0.08534812185492388,0.012037314703353955,8.918391599058939
75%,0.7081367647765171,0.20445206210972205,0.016029175463309474,19.640234937430893
max,0.8617621790627831,0.3367950607515256,0.026941391319535914,226.59375171944055
