,X,Y,SPEED,CURVATURE
count,180.0,180.0,180.0,180.0
mean,-2.046948378173706,0.20193402140853825,0.010817743808681085,69.65483361508893
std,0.13252319187544737,0.13472542038850932,0.005700519269768598,294.96450500710745
min,-2.286085237812129,-0.14129830802618853,0.0007831103590959115,0.19262910164640043
25%,-2.13750630300707,0.14260622300346987,0.006103749442817616,4.7317470977447424
50%,-2.0971551842032925,0.1916262089604772,0.01099754810406484,10.512676615653174
75%,-1.9020455246016132,0.21940056713183584,0.014406834248743141,31.615523946670844
max,-1.8263083830480273,0.5921128790113103,0.026221081894461547,3498.788319061526
