,X,Y,SPEED,CURVATURE,ARCLENGTH
count,180.0,180.0,180.0,180.0,180.0
mean,-1.0828488888888896,-1.1939538888888885,0.00500480136243825,10.943705469617168,139.04448665736035
std,0.07050976356884962,0.23364588383935075,0.0028790040352442503,19.896466501798887,78.00965340031772
min,-1.2344000000000002,-1.5035,0.0015000000000000013,0.053428672917029366,0.0
25%,-1.1557,-1.47065,0.002608233324202411,2.267461419351376,73.65280532298868
50%,-1.0782,-1.1210499999999999,0.0038258980850421733,4.5660726704230346,141.64859240105997
75%,-1.025025,-0.970775,0.007576853251802826,11.65765405656163,204.46597569803657
max,-0.9720000000000001,-0.8937,0.010639666348152157,119.07818539956732,273.95866332855815
