,X,Y,SPEED,CURVATURE
count,180.0,180.0,180.0,180.0
mean,0.5374926623547573,0.38989153443255825,0.012553290233165707,47.82837680125634
std,0.25303929096635785,0.19883150105310385,0.004585909659027354,363.05275382388317
min,0.16844390072999788,0.05003150700662169,0.0007345538445541566,0.03000095725204671
25%,0.3421833330093424,0.21109723519126103,0.009252419365756707,3.7347159364938114
50%,0.5009364949269506,0.3919639367279556,0.012463285958597699,8.61535329281486
75%,0.7532166247735734,0.5662397428078683,0.015200170394908312,19.53590073461957
max,1.0223107355408216,0.7140735820208509,0.026908644168772478,4849.882314610114
