,X,Y,SPEED,CURVATURE
count,180.0,180.0,180.0,180.0
mean,-0.6644152133331793,0.9830561046916737,0.013185809162408425,86.64546933741084
std,0.4846877734844003,0.18794673902480907,0.006585583287526312,594.4917825231433
min,-1.3695818913474365,0.56927214840296,0.0005232768454198808,0.06606254465980409
25%,-1.0789470443997642,0.8738272791363214,0.007447250276052841,3.157374695130704
50%,-0.7822270606649253,0.9741413673759982,0.012558809643938927,7.072373035571848
75%,-0.13458548778629273,1.1526069769984466,0.018243992146140614,21.921449373722307
max,0.0700060605320705,1.2713004871221614,0.027474507924402165,6870.6855931324935
