,X,Y,SPEED,CURVATURE
count,180.0,180.0,180.0,180.0
mean,1.6670448475050579,-1.1358161277101422,0.010125937986229822,128.08261904928474
std,0.20873662862571815,0.19383379679364457,0.006470847115271893,618.2827246654255
min,1.4327518265191448,-1.3626259683248776,0.0004478607594524595,0.4351098789749191
25%,1.4827796958368102,-1.3199502264851173,0.00500686646578336,5.614391453809803
50%,1.615030480101439,-1.2125719588986281,0.008822429512389911,12.966074034645214
75%,1.792791647653237,-0.9099325203111527,0.013352308577337447,39.43508970472842
max,2.053871990201675,-0.8413598244581311,0.030902477960346734,7318.1940314012045
