,X,Y,SPEED,CURVATURE,ARCLENGTH
count,180.0,180.0,180.0,180.0,180.0
mean,-0.0970916666666667,1.469996666666667,0.005290211940214523,73.45890382459075,15.425353694101972
std,0.057804854597895146,0.28246342145152276,0.0034974838305679677,412.2929990583962,6.877082955386467
min,-0.1821,0.9843000000000001,0.00041231056256176105,5.699880073476842e-12,0.0
25%,-0.15440000000000004,1.17175,0.002568524940913265,2.6270518660373803,10.594434471869038
50%,-0.0842,1.56045,0.004677282518931292,10.051705390175147,18.38804328160831
75%,-0.051825,1.737225,0.0069611390907478796,25.807418381423815,20.00315809950133
max,0.0028,1.7583,0.015171107408491969,5029.047519135962,24.60625678942788
