,X,Y,SPEED,CURVATURE,ARCLENGTH
count,180.0,180.0,180.0,180.0,180.0
mean,2.330368333333333,104.0321477777778,0.3539743670259108,1.8641421769705608,29.40651667213093
std,4.543470584956606,10.288643128592659,0.23683543750422117,15.091917763859096,20.90881142201879
min,-4.125500000000001,89.3319,0.01090928503615249,0.00042431784888743974,0.0
25%,-2.3668,93.45089999999999,0.17185319880346384,0.05366184755539792,11.339059151843696
50%,2.239,105.04740000000001,0.3250270137259864,0.12757668279565926,23.046925530180168
75%,6.507725000000001,114.16617500000001,0.4625780585853483,0.4901826678550307,51.397638187008
max,9.498000000000001,118.9341,1.0040253445506275,201.68233341386846,63.54641052572718
