,X,Y,SPEED,CURVATURE
count,180.0,180.0,180.0,180.0
mean,0.5734431428505378,0.8721629323932724,0.014390522052116855,24.339627841744218
std,0.3615171542306684,0.18350152986150015,0.006624488264044719,61.74660020567292
min,0.008618222953819145,0.5385491849811331,0.0016095896286188994,0.09007679659538279
25%,0.2347503010703153,0.6998244331346889,0.010008863237063254,2.1495611326193327
50%,0.6081129075786664,0.9419686904248992,0.013662219336990604,6.154275413624756
75%,0.7504249696629849,1.0298724350184358,0.019083429836186057,15.021804319873095
max,1.1919306359703052,1.0886155480334576,0.030592046420604785,451.91689611233454
