,X,Y,SPEED,CURVATURE
count,180.0,180.0,180.0,180.0
mean,0.4193345441153137,-0.9801641391853985,0.012251775410709681,40.97161925829585
std,0.2675543648023046,0.11472796221958585,0.005012514632239316,186.79014871560878
min,-0.07413610678150971,-1.2141835776037886,0.0013612788666339277,0.1755713168070107
25%,0.2177950036748323,-1.0390320240589033,0.008643176046727655,3.3979638433718566
50%,0.3764401081931933,-0.9683996856002239,0.01189157538029362,8.509848772556886
75%,0.6935913396655866,-0.8943216652200536,0.015491765231207886,19.874568095114483
max,0.8188258464041377,-0.778951549960954,0.026846485520290564,2196.450102212301
