,X,Y,SPEED,CURVATURE
count,180.0,180.0,180.0,180.0
mean,-0.16629612210274075,1.2390173759535974,0.014894828811501514,51.70482187423627
std,0.12068729810057079,0.48253907436646376,0.008414551703310935,392.7408583098348
min,-0.5072343848396073,0.6707761553266595,0.0010324311559940123,0.015557283843626084
25%,-0.2295978432546026,0.829085838872918,0.008058738014163248,2.543918714075026
50%,-0.18075272602935172,1.0704282540883414,0.013002688528664659,9.110845205762127
75%,-0.0873207988228413,1.7984462258435183,0.020235568463598447,24.466514422394695
max,0.07094755736353789,2.036925260787553,0.037781135059538354,5226.6799909091915
