,X,Y,SPEED,CURVATURE
count,180.0,180.0,180.0,180.0
mean,0.2292105997145327,0.5424901300218847,0.010793376578538667,44.53880241050913
std,0.15617215408006097,0.12520511220314065,0.005538729504961975,113.69015922770846
min,-0.059822719912318766,0.3414400784252626,0.0014743566549917351,0.031162776935718457
25%,0.13657762708901444,0.41290619336543355,0.006827302437047917,4.022183906698274
50%,0.23451852478944715,0.5642653182930746,0.010044548291330524,10.049711492915247
75%,0.3513557040614601,0.6420077873031348,0.014955236253177904,32.919211734400214
max,0.5804432724143217,0.7521420221116243,0.023009399317183946,981.6871523456231
