,X,Y,SPEED,CURVATURE
count,180.0,180.0,180.0,180.0
mean,1.459095438054815,-0.6932142998748498,0.01144147161081572,54.470738587073576
std,0.3864593474486692,0.11037946703132999,0.0061314771328322285,218.19641881410593
min,0.6430784032499754,-0.9042769148891419,0.000760119741437591,0.11263109914425286
25%,1.2590156987637786,-0.7775619839074761,0.007227581117639051,2.760912836021359
50%,1.5596448791901492,-0.658455623326752,0.01084496239941158,10.252155756479077
75%,1.7565337440251931,-0.6099061792980492,0.01502016299091998,22.652644247162613
max,1.9793479618936498,-0.519603517102552,0.027209130662026296,2536.0643226030916
