,X,Y,SPEED,CURVATURE
count,180.0,180.0,180.0,180.0
mean,2.0471974680838887,-1.1262767469781447,0.012668315879916708,53.314357408137475
std,0.3006134169237078,0.4251080296392833,0.008531328777423663,134.15663610110326
min,1.510681414667907,-1.7136659697414414,0.0009614447848315678,0.0468071875649736
25%,1.6630971221434947,-1.5647457459012153,0.005515877441707894,2.8571040706225066
50%,2.1476722760675244,-1.0576960586971345,0.011179135139803401,8.96987206763238
75%,2.268716569169206,-0.6718320551379783,0.018881197070402277,38.65120156678518
max,2.502829131286039,-0.6218188754825886,0.034892530904276534,967.2145727169847
