,X,Y,SPEED,CURVATURE,ARCLENGTH
count,180.0,180.0,180.0,180.0,180.0
mean,-37.90425222222222,66.70167055555558,0.3344632924164834,0.6122292306691115,30.478344025398428
std,7.249520907795553,3.9903389937160276,0.18541474579717698,1.1732822609565452,17.932829422730922
min,-47.033300000000004,61.5801,0.09446629028389102,0.0005540041947420848,0.0
25%,-44.896550000000005,62.950975,0.2217738906300405,0.039213842079532955,17.16116569006403
50%,-39.22565,65.962,0.27724727707768604,0.1358061989213688,28.931801346855952
75%,-31.76095,70.5365,0.41871583579712585,0.6603503472360682,49.04653908321265
max,-26.1465,73.13000000000001,0.8825518823276044,10.331242693836375,60.062271312215465
