,X,Y,SPEED,CURVATURE,ARCLENGTH
count,180.0,180.0,180.0,180.0,180.0
mean,-0.6073411111111114,-1.2617177777777775,0.005222915913287373,20.52663151138139,0.4417289887998578
std,0.2047370213453665,0.1307820141032827,0.00230440358780363,40.05632560600378,0.28753082914650524
min,-0.8314,-1.499,0.0012589678312013887,0.06250727164100395,0.0
25%,-0.8026249999999999,-1.387225,0.003331896737003733,3.440563331534327,0.166923538545353
50%,-0.6807500000000001,-1.2264500000000003,0.0050380616945596285,9.098508150096166,0.39366841679437237
75%,-0.4061,-1.1322,0.006539543137343562,20.831945819216116,0.7200371031144883
max,-0.2412,-1.0867,0.010917875251164933,320.7274077636493,0.933134442560224
