,X,Y,SPEED,CURVATURE
count,180.0,180.0,180.0,180.0
mean,0.031866019144392556,0.8319021495494979,0.01078896777231423,78.54825596472963
std,0.30772851985854904,0.08220133183075931,0.006616365132178709,387.05399390567044
min,-0.4083770696867404,0.6600986267566267,0.0005447631045532214,0.16312175698472905
25%,-0.2358487295903674,0.7693803414771165,0.006123916400992804,3.747579696505542
50%,0.017321544801312587,0.8426266706398903,0.009032389680936847,14.684399854076919
75%,0.35358094808042456,0.8900959287041337,0.014453092703589621,46.00054350483382
max,0.4029516385096691,1.0058248608194236,0.0312565188708707,4987.547539181409
