,X,Y,SPEED,CURVATURE
count,420.0,420.0,420.0,420.0
mean,0.9557792901306178,1.5712464767927572,0.009223526203962355,20.239479507867088
std,0.15807008853890678,0.20646520404089524,0.003645407923080906,118.183164739948
min,0.6391815849694173,1.2495238898883894,0.0004334045345089389,0.0017760615295022264
25%,0.8661278218990858,1.4232925686561622,0.006241646632416272,3.8579499654752727
50%,0.9340250756877382,1.5487820051476193,0.00933772389028749,6.85971064544013
75%,1.0720126519498927,1.6466023007415542,0.011974874920833933,14.961033291027615
max,1.2357577722929325,2.023728639296753,0.016467357741857574,2067.541419974537
