,X,Y,SPEED,CURVATURE
count,180.0,180.0,180.0,180.0
mean,-0.317869727653829,1.023208436980778,0.009160200985960161,65.4263863022033
std,0.10237633308360093,0.2430490935240209,0.004545461370551584,175.32120258082253
min,-0.5486165782354171,0.6735282307929228,0.0004110647778209029,0.009114912380404745
25%,-0.3670834729963316,0.7239526754932836,0.005726778719892689,5.306353497544223
50%,-0.28573532225899523,1.0755202394301882,0.009048955623825967,13.089208737116873
75%,-0.25345714074060793,1.2734407041505569,0.012832334526738336,36.57814595228447
max,-0.1657923249687022,1.3458057604190063,0.020800733749424913,1245.2596634376614
