,X,Y,SPEED,CURVATURE
count,180.0,180.0,180.0,180.0
mean,1.7112917060562542,1.391704243677307,0.011805763113035736,170.1503284981249
std,0.17961194679539033,0.22192966467186098,0.006393359395325487,1708.703584382282
min,1.4511226972835565,0.8471543925933733,0.000329126863833516,0.3526503047985216
25%,1.5599697588402504,1.2882615183923876,0.006557866982245043,4.396832863199173
50%,1.6679556253523156,1.477754403348882,0.010885767471287363,11.497744593413879
75%,1.8376169501816235,1.5714535192301573,0.017265162228425578,27.145334213445814
max,2.1400141673698747,1.6158206691326833,0.027241683878511315,22839.75352826569
