,X,Y,SPEED,CURVATURE
count,180.0,180.0,180.0,180.0
mean,-1.8079317496025433,0.4164358514969618,0.010995291599801347,60.021709161884104
std,0.29674598684931186,0.1748523862752493,0.005796954637337274,204.1232748062631
min,-2.187252034189438,0.24414143686412032,0.0011965934987208948,0.1190225410503679
25%,-2.0403997029116883,0.28413609456060945,0.006639485858666697,4.233503531854638
50%,-1.9351584954495338,0.3323805287056616,0.010409047562376548,11.454477352877234
75%,-1.5071773134617144,0.5286945815420696,0.014098121945772982,37.25336452932468
max,-1.252714588982739,0.7814220654820345,0.0259163313900191,2043.2899945002139
