,X,Y,SPEED,CURVATURE
count,420.0,420.0,420.0,420.0
mean,-0.6780147996174799,0.30739557795422456,0.009789735528619954,13.782092102375056
std,0.34255757303050166,0.13385377818883334,0.005344741969457149,30.44147319326042
min,-1.418038125862298,0.07832292298828286,0.00156164917071074,0.004131211032924811
25%,-0.9006301401751748,0.1796883132647438,0.005903384640456912,1.2797000535642962
50%,-0.5948876616065343,0.3089245846040573,0.008609133283704662,4.232094264543515
75%,-0.4302488309007406,0.42412645176238256,0.013143752410376637,9.111326512981936
max,-0.16810504727518916,0.5245512390119559,0.02624668458908152,270.2251610657404
