,X,Y,SPEED,CURVATURE
count,180.0,180.0,180.0,180.0
mean,-0.23540985577779044,0.2946966653905563,0.013171021055524828,19.620376777984056
std,0.20896872439381362,0.2581066132864509,0.0053479529579824,42.47792618632138
min,-0.4630838397859943,-0.08087273768523338,0.0032392638983022343,0.03544350432016512
25%,-0.40213026151740106,0.07714978562636379,0.008855541364177641,2.8115989485103747
50%,-0.32531835383815644,0.2278694463635971,0.013258884172887401,6.29875513697613
75%,-0.05734642285616214,0.5779731723251907,0.01741686847606018,17.332530413973423
max,0.20331053115719708,0.6800760617548435,0.025949402082084315,294.6805822117999
