,X,Y,SPEED,CURVATURE
count,180.0,180.0,180.0,180.0
mean,0.8391014094446921,0.7719832573159977,0.012765589617562719,35.3036183703089
std,0.12714920764481763,0.1613824913750562,0.00561904055077252,115.50297262778902
min,0.6417944617095296,0.5273837917492024,0.0010953241909118462,0.1068686311635412
25%,0.7314043526253147,0.6386650093611486,0.008226779741552824,3.4852450523626057
50%,0.8183494811783424,0.7434919213128203,0.013496661620053543,8.572804855274452
75%,0.9589400138804153,0.8663218786105962,0.016567912917530837,17.720089466107247
max,1.05723411503856,1.0879601746629821,0.026291358514593115,1267.0831618053355
