,X,Y,SPEED,CURVATURE
count,180.0,180.0,180.0,180.0
mean,0.24196870721322836,-0.5862634471718754,0.013000716376400871,93.32542433748958
std,0.45755312829444583,0.11488821910783226,0.006259742439638535,535.4336945263912
min,-0.30588012709369095,-0.8287714072072663,0.0008027354611790486,0.09213397840964065
25%,-0.15937070243092893,-0.6596645705846158,0.008452601445478818,2.44837162791762
50%,0.09751322013140941,-0.5519758511851671,0.013111485129524886,7.284896574304467
75%,0.6676056868351785,-0.5206375514088931,0.01681430180760274,19.491449890334025
max,1.0567111497835988,-0.25787950493704354,0.031780497326543436,4793.648841456257
