,X,Y,SPEED,CURVATURE
count,180.0,180.0,180.0,180.0
mean,2.4399930838479276,0.2036799443515055,0.010559534152379802,52.042912418144965
std,0.10295555515909607,0.23491719491392618,0.0057989681606229375,140.84864870962184
min,2.191869245687824,-0.018021248972876838,0.0009394063679932177,0.1300878872392621
25%,2.402847271991002,0.048246369985222796,0.006084609922853427,3.543761884971246
50%,2.468543669963916,0.09189124630431714,0.009429801862140302,12.177742384771644
75%,2.515709826107153,0.29260082800420417,0.013924736091283987,29.748786881657928
max,2.5587889368279737,0.8613867742170006,0.02803424212901766,997.3906812875074
