,X,Y,SPEED,CURVATURE
count,180.0,180.0,180.0,180.0
mean,-0.10740846306835496,0.415140681090935,0.011576345513121152,312.4338249335618
std,0.12792409989503564,0.38891673300493607,0.006955684605548371,2555.0813623454887
min,-0.3735353164403257,-0.184928783790284,0.00034473013425938655,0.15478627419580024
25%,-0.1824561000614829,-0.017704798580796845,0.006072403110403393,3.663689296460154
50%,-0.07534600519659401,0.6824612507048837,0.009802929433946676,11.851514122126598
75%,-0.036618316690285244,0.7597953585029339,0.016200778032315503,34.233677860013785
max,0.1973627210783258,0.8450504502692352,0.03210939744298192,27840.096294992
