,X,Y,SPEED,CURVATURE
count,180.0,180.0,180.0,180.0
mean,-1.4121631756053992,-0.2874773723699157,0.013431751121791336,70.97840935592725
std,0.2224519956186417,0.28647317600585176,0.006466560136793079,621.53281528346
min,-1.768680714026395,-0.8483745976853203,0.0005288304563128764,0.1271240032562652
25%,-1.6295251207941364,-0.5629339501746049,0.008444438678236965,3.717360520264026
50%,-1.3907469973505524,-0.29050148225816674,0.012296316054962855,8.065335286006448
75%,-1.2165010570292123,0.0030911522994925837,0.018029823189675744,24.8559371948394
max,-1.0880739013525007,0.138563104141219,0.03337563853209819,8316.772228518535
