,X,Y,SPEED,CURVATURE
count,180.0,180.0,180.0,180.0
mean,-0.4830572293444948,0.2964088614903331,0.010772279007154176,36.11851234090688
std,0.24312577587795084,0.15083116719599393,0.004862089231708766,102.00309014562467
min,-0.8262109535697392,-0.028959178335087536,0.0016771919755952888,0.016066549034471567
25%,-0.735510058657655,0.1948579565748576,0.007330811898854596,4.422667915317783
50%,-0.5264037850443779,0.2765815406248065,0.009914547823144961,12.243570843934087
75%,-0.2678446490439979,0.4390145805751088,0.014212111213600779,28.433058666462355
max,-0.11788859262695416,0.5626132582829637,0.021302981552946836,1137.3980475937046
