,X,Y,SPEED,CURVATURE
count,420.0,420.0,420.0,420.0
mean,0.272662531564297,0.8344330654390327,0.010605007103970885,15.585466461890917
std,0.34509556103260647,0.39160713974514033,0.005249585946729215,91.48913006558244
min,-0.3349354170530879,0.2549225480541591,0.0006492725510543778,0.008268294555109367
25%,-0.03560899886179751,0.42482700423644115,0.006705534765892137,0.9470776319046834
50%,0.42056783353040594,0.8127650362515115,0.010152728915638846,2.5582269074988795
75%,0.5294511976138833,1.2204874267153516,0.013559847512862454,4.417996657002518
max,0.7770859961381267,1.471134193935535,0.02280650056234627,1370.5540197505757
