,X,Y,SPEED,CURVATURE
count,180.0,180.0,180.0,180.0
mean,0.7681880195199167,-0.6950430612105668,0.010208449108951344,58.69394916482419
std,0.2188995251923035,0.13454876518271255,0.0049016055571778,225.75118081205517
min,0.43599401575162655,-0.9204893393122262,0.0009733741436370667,0.048724828872729144
25%,0.5848031696793972,-0.7914292841398387,0.006650773408642396,3.421169518903411
50%,0.7045274852328743,-0.685978452334936,0.00954767658675965,10.30103846508848
75%,1.0188185526093718,-0.5859516374195805,0.013753791822515866,31.26411335266306
max,1.1949276844880081,-0.46687775174870694,0.02271649127108807,2208.6347588170374
