,X,Y,SPEED,CURVATURE
count,180.0,180.0,180.0,180.0
mean,1.2116369841705124,1.548021664006745,0.011210478361209544,156.45227697007462
std,0.17100044829507405,0.20070430131206626,0.006270139459805931,918.455919043133
min,0.8090423753345918,1.0094297562110066,0.00036606975683473427,0.041326858379430356
25%,1.0967072380104725,1.4281587532237001,0.006452887740183975,3.731153199514818
50%,1.2514404484763242,1.650531649174999,0.009663810833137143,9.89764373864631
75%,1.348363750535209,1.6956063276095275,0.015895815328505022,39.752294532408094
max,1.44417459080265,1.755686656217452,0.027359182894717622,9543.311566931776
