,X,Y,SPEED,CURVATURE,ARCLENGTH
count,180.0,180.0,180.0,180.0,180.0
mean,-0.8858855555555559,0.4825283333333333,0.004294276086976395,72.19880786210891,118.99639033807638
std,0.12815436533508429,0.040016889276582986,0.0016625932493495195,612.206588921467,67.34101131114154
min,-1.0687,0.42710000000000004,0.00015811388300840154,1.0224573847373296e-12,0.0
25%,-1.01775,0.441175,0.002861049813160446,5.183984816070688,59.802101336972314
50%,-0.8944000000000001,0.48285,0.0044080886421260165,11.421514590534922,125.26847228973548
75%,-0.7545,0.512175,0.005480855351451271,27.18865815230265,178.78446455494105
max,-0.6939000000000001,0.5596,0.00721803297304743,8221.921916440098,224.38736003640145
