,X,Y,SPEED,CURVATURE
count,180.0,180.0,180.0,180.0
mean,-2.3163382674692294,0.6577480127521161,0.01487235772711636,22.146755063151097
std,0.24193967458182422,0.5168439239683731,0.005797626391466048,92.98879414429177
min,-2.805775654036609,0.051517184724384935,0.00090041870039715,0.1494231644133963
25%,-2.5101088880412536,0.1766522165534733,0.010413148762155445,1.7993636483428008
50%,-2.3210127519438415,0.49552018908399864,0.01539592127728166,5.553496676641023
75%,-2.206889688407201,1.07055565118841,0.01965580023103456,13.258803905382957
max,-1.80370795076061,1.6053457415824013,0.026193658740137796,975.6263934917573
