,X,Y,SPEED,CURVATURE
count,180.0,180.0,180.0,180.0
mean,0.45489468269083266,-1.0028949791378339,0.01080342913344957,36.19404806132774
std,0.1829569367031135,0.14500770412566966,0.00508244539371058,76.03358599876996
min,0.2263647796429689,-1.4632293357501367,0.002111128008882086,0.07021228786992284
25%,0.30929042996133005,-1.0582714790105041,0.006795006200785031,5.8572822599552055
50%,0.4234159706220092,-0.9817593662542269,0.010403341149513669,13.931607795293134
75%,0.5033806300972327,-0.918712609710574,0.014083875997671923,34.175085798012006
max,0.9212767345439414,-0.7384009927624773,0.027683314646850466,592.5818317995248
