,X,Y,SPEED,CURVATURE
count,180.0,180.0,180.0,180.0
mean,0.6646052819867568,-0.32831059457759154,0.011655293104675174,34.36821125057799
std,0.1894562641949108,0.15170279135456355,0.004840404036100614,88.78990855485016
min,0.37096316583521804,-0.6004688499643898,0.0015954061536088244,0.01724616546174673
25%,0.5017864841024561,-0.4635968300545359,0.007645160980957667,3.9110737331400376
50%,0.6517968179179212,-0.29140341707517714,0.011987168176156207,10.27757492000361
75%,0.8323170687179646,-0.22146867551796237,0.015194046748475071,23.808202703954695
max,1.0691518121584827,-0.07311039003937281,0.023602311236558607,738.3609516928329
