,X,Y,SPEED,CURVATURE
count,180.0,180.0,180.0,180.0
mean,0.48935176833637717,-0.14609827087195384,0.009394656868982887,55.16878587690263
std,0.15874541142785717,0.23459684984978849,0.004261547860977842,147.63519956366204
min,0.21319764054165635,-0.5417870566676303,0.000871732688598714,0.24620061670050442
25%,0.3528076004438253,-0.40090977535105615,0.006290103641508688,6.423328610331977
50%,0.5213672457735231,-0.0636222555511851,0.008632882277331848,15.86051508721025
75%,0.6378827546345125,0.07395686046596596,0.012389217905757203,49.36035100591937
max,0.7028864630402571,0.1251769077853421,0.019939910099111176,1261.903081112227
