,X,Y,SPEED,CURVATURE
count,180.0,180.0,180.0,180.0
mean,-0.7236549305902017,0.6127190960513962,0.011361524752632968,41.17351162088178
std,0.22021591547442237,0.2280832942224304,0.0061970075808924305,96.25741367388095
min,-1.0123550352406856,0.27755804446738414,0.001391231726826094,0.09265742829324089
25%,-0.9739486411896737,0.3711613915287363,0.006801438044846204,3.724426434605294
50%,-0.7231227327994875,0.6193071572188491,0.010773454449053362,11.075638697563008
75%,-0.5421256989969971,0.8381270402932756,0.014329278598639833,29.293647518749772
max,-0.38120366312976595,0.9839682044389539,0.028654222782409512,875.4401941266085
