,X,Y,SPEED,CURVATURE
count,180.0,180.0,180.0,180.0
mean,1.014209345945424,-2.2116167653185914,0.009228695748747613,91.10956693606367
std,0.07585588492245637,0.3868512228167257,0.004783691104798995,313.1311763434688
min,0.8685014027163224,-2.728473655628764,0.0007520357444401462,0.04715374530317496
25%,0.9605553635555737,-2.586359989521843,0.005557739323775197,4.720205381216938
50%,1.0156383117856038,-2.2690745462588042,0.008960177994901654,12.74431669237455
75%,1.0775152402290025,-1.8802445179741103,0.012521213029701498,42.97301667963007
max,1.1359035896524268,-1.6110515107703653,0.022665881459656118,3302.536954054671
