,X,Y,SPEED,CURVATURE
count,180.0,180.0,180.0,180.0
mean,-1.1635577750272397,0.7922161696863573,0.010464328316672426,52.9153595796401
std,0.21640289603559584,0.10809821644663538,0.004780179124039575,246.4515299824712
min,-1.420835765425257,0.5892599002443235,0.00046088248997653425,0.07770358132495027
25%,-1.3177092119713676,0.7128653967275014,0.007334829304145639,4.691626019462778
50%,-1.2511474408881376,0.83037619255719,0.009796620640747804,10.759264079960882
75%,-0.9639687376972245,0.8878719804558677,0.01349529208093134,23.005394281791958
max,-0.6357518757473751,0.9368725792078215,0.02255017582250975,3057.887961130136
