,X,Y,SPEED,CURVATURE
count,180.0,180.0,180.0,180.0
mean,-0.3754134348456737,-1.7263053683370524,0.012107242255075732,51.65700915174481
std,0.219789969643406,0.16863809469809649,0.006030723357988017,254.87653068911132
min,-0.6739058852853282,-2.0763639441125386,0.001255644964808521,0.06650376217996297
25%,-0.5078297468204038,-1.8343906775581333,0.007570204355590374,3.276608383034718
50%,-0.4763794774843563,-1.764184639127647,0.011220792444978832,9.475964981052533
75%,-0.22952399280593508,-1.6049479774129354,0.016124579788195304,22.616266985332814
max,0.16887890438331046,-1.3975298406944072,0.030123839233037627,3096.7660596670553
