,X,Y,SPEED,CURVATURE
count,180.0,180.0,180.0,180.0
mean,-0.5336899523681911,1.7812103481462553,0.011377766612816817,34.41238915232769
std,0.19271488969189457,0.149943405784995,0.0058756983918106616,102.50496851931157
min,-1.0731991933248985,1.4852088308759779,0.0015222307137777685,0.012098966175377307
25%,-0.5584607398816601,1.6631138167227448,0.007198534810829323,2.985350201183423
50%,-0.4566151182603671,1.774439242128873,0.009698793260239551,11.541424395637321
75%,-0.4001605647008918,1.9262494420134084,0.014923437721104469,28.280550573156226
max,-0.33359965328033375,2.0343649918780713,0.029846923015874566,1144.4496477293308
