,X,Y,SPEED,CURVATURE,ARCLENGTH
count,180.0,180.0,180.0,180.0,180.0
mean,-1.4330033333333332,0.007043888888888888,0.004769291928006021,75.3485463198002,0.4195527672777356
std,0.21549077075208964,0.08186661734230494,0.0027541449828381707,376.67807473931987,0.27801062888620975
min,-1.6840000000000002,-0.0974,0.00022360679774996055,0.0,0.0
25%,-1.6185,-0.05875,0.0027242815094008803,2.8586666202044055,0.10547841157484705
50%,-1.5386000000000002,-0.00875,0.004513443684473839,5.211343240518361,0.49538512800860635
75%,-1.169575,0.052475,0.006975255228068003,18.309148813657565,0.6470280233423625
max,-1.1198000000000001,0.17350000000000002,0.009543715209497783,4024.922359500226,0.8547479133704369
