,X,Y,SPEED,CURVATURE
count,180.0,180.0,180.0,180.0
mean,-0.3462904736919699,0.31330511292828117,0.013152688074247217,41.93552810274073
std,0.4186669493611078,0.09273412209448652,0.006534284585797607,290.52946962614146
min,-0.9033085133645978,0.13781839479031516,0.0007864883192677726,0.04365480979704617
25%,-0.7184830353790681,0.25290452588328305,0.008070455636795038,2.9971212838240153
50%,-0.47264335079723097,0.3210541508363139,0.012338796895266985,8.383469663053415
75%,0.10460951191401616,0.3769510702456639,0.0171629216836551,24.442124858130555
max,0.2363401009750038,0.5271961578523764,0.0301008688113695,3880.8234820915513
