,X,Y,SPEED,CURVATURE
count,180.0,180.0,180.0,180.0
mean,-0.9636048634720448,-0.11625081842087331,0.011184094711027822,42.3906933184391
std,0.2194519280915795,0.35400079324744466,0.0059066127440967784,85.7778234511028
min,-1.2239028821514402,-0.661305651918661,0.0014602812673817007,0.11332481173331171
25%,-1.1203914165865654,-0.3825079350010802,0.006486073152084424,3.9787720766364942
50%,-1.066294594307445,-0.28929230905588166,0.010919432313233139,10.640078625908785
75%,-0.8147433530004129,0.2171183932493555,0.01367728210721149,30.732662388053146
max,-0.5575553602266373,0.4840498639452281,0.03029539789257347,502.42994769596527
