,X,Y,SPEED,CURVATURE
count,180.0,180.0,180.0,180.0
mean,-1.6988816432675429,-1.0943618230188523,0.010288739258095687,252.68068270215102
std,0.19270810369176256,0.15155338492531223,0.005180900910234223,2720.471394529951
min,-2.0141245928465104,-1.2534190609884888,0.0002611085049944123,0.01923062022088734
25%,-1.8823920192246337,-1.1998758788611998,0.006635032045807104,5.680030041035763
50%,-1.6876946923275455,-1.1702909814411804,0.009847803078030834,12.70381536397164
75%,-1.502558069823317,-0.9817368709411736,0.013516409604218587,45.79331319978094
max,-1.4137647534751763,-0.7704076005562001,0.024517358934774566,36507.231681910795
