,X,Y,SPEED,CURVATURE
count,420.0,420.0,420.0,420.0
mean,-0.19627047743909282,-1.3644113730327527,0.011423690902545892,17.582245281138352
std,0.24975354411803943,0.31063333968317286,0.007733019198016466,49.000893084921096
min,-0.6971294914990186,-2.018893023381132,0.0012937238897855873,0.02203567479929756
25%,-0.38680173018913944,-1.6425341995247391,0.005833442469786988,1.129168849697036
50%,-0.2660261253370626,-1.2279152261348147,0.009048563619518203,3.5915448735473223
75%,0.07103186670783276,-1.1095102276605588,0.014831112812731051,21.006041308316888
max,0.22053756140247457,-0.9653915044593445,0.033673934546629904,602.7262489367682
