,X,Y,SPEED,CURVATURE
count,180.0,180.0,180.0,180.0
mean,0.01479186984999907,-1.0516062191153321,0.011390160305964863,236.7636505758024
std,0.17668014077804828,0.22892410433687843,0.0065617188851285055,2533.698674099068
min,-0.2175074667085926,-1.2715116897939271,0.00026852496497221186,0.07026836946713336
25%,-0.0919379221087451,-1.1943035508374567,0.006627035862227808,4.568075481690967
50%,-0.03051016148355631,-1.1310129962676514,0.010264933599069628,11.707124173658302
75%,0.010982696558168146,-1.0696429019636837,0.01489600489833397,40.472148529939396
max,0.5135609167532421,-0.412772508116252,0.02913248801641465,34005.19497200939
