,X,Y,SPEED,CURVATURE
count,180.0,180.0,180.0,180.0
mean,-0.2831501692645743,-0.4200303859630974,0.00932307238506965,108.46565915735935
std,0.15953939855997293,0.1495924515771254,0.004568353725723659,504.24752295783975
min,-0.5446787646755856,-0.6965424977183959,0.0006088842264504776,0.240629963550256
25%,-0.3831236910319119,-0.5026605928090557,0.005561972475461274,5.6691247425109115
50%,-0.2859169911962302,-0.4384875181707698,0.008876073742687281,16.70887312061555
75%,-0.191687640187579,-0.31300710773094736,0.012065590849732778,51.68945840864437
max,0.13068409521601052,-0.050374439834288215,0.021828887836637303,5414.23375944063
