,X,Y,SPEED,CURVATURE,ARCLENGTH
count,180.0,180.0,180.0,180.0,180.0
mean,0.726111111111111,1.359296666666667,0.0057138156383817655,46.06646855252165,0.5778451189307503
std,0.07450056644746515,0.260419421458204,0.0026318695195972418,146.17481220084983,0.3324481790116055
min,0.5818,1.0050000000000001,0.00021213203435594088,2.867987648190437e-12,0.0
25%,0.6979500000000001,1.0619750000000001,0.0036336100937894877,4.48264969540832,0.2635026199854765
50%,0.71025,1.3583,0.006208859408059441,9.110341755319787,0.6119173426261232
75%,0.7809000000000001,1.624775,0.007712323201345099,23.101070746631716,0.9328576144112388
max,0.8519,1.7119,0.009966569118809158,1571.3484026373812,1.0231085517153942
