,X,Y,SPEED,CURVATURE
count,180.0,180.0,180.0,180.0
mean,0.31908086811817793,-0.33207957385178966,0.010736881754967535,228.04127078022427
std,0.37419627793346105,0.13000094959108602,0.005093815665301482,2349.47114020402
min,-0.31003356546354066,-0.5392003640473775,0.00041120079716950686,0.15780341199105963
25%,-0.037349323164351786,-0.4690888467071461,0.006758851007745833,4.585481610532721
50%,0.43505649620021514,-0.3173171017822872,0.010302297899836454,10.878892778183882
75%,0.5575800963701594,-0.24771825572590445,0.014786914417322055,26.510187493764544
max,1.0071904002079617,-0.10111203387602366,0.021670203583787292,31351.030310265553
