,X,Y,SPEED,CURVATURE,ARCLENGTH
count,180.0,180.0,180.0,180.0,180.0
mean,-1.9647833333333327,-1.1463044444444446,0.0040475937232019215,62.3176348391859,0.4129246053721593
std,0.07678481467948678,0.08093412095923341,0.0021186025083765,187.19041886166042,0.18829893077294735
min,-2.1501,-1.2915,0.00040311288741488307,0.13888888888977663,0.0
25%,-2.00645,-1.1974250000000002,0.0024424058945932037,5.44374822484261,0.28002763653069723
50%,-1.93825,-1.13455,0.0038224661979541484,12.935158673485875,0.4350585449445983
75%,-1.911025,-1.1101,0.005184321898448816,47.37125708120878,0.5756323139767944
max,-1.8662,-0.924,0.008686915447959529,2041.8025540074914,0.7228813504863486
