,X,Y,SPEED,CURVATURE
count,180.0,180.0,180.0,180.0
mean,-1.266191390044394,1.6179600699449947,0.010556801925785276,44.050767723873264
std,0.1680334607934359,0.08952919715163815,0.004599725996795502,152.1862597269961
min,-1.5307575907072897,1.409495374638651,0.00124128429604987,0.02154992528575614
25%,-1.3861792300987674,1.5793248724207862,0.00723743316944028,4.928872107322589
50%,-1.3126075977428084,1.6309674983632303,0.010594491131971112,13.065648425342975
75%,-1.1163419793383544,1.6633290492284458,0.013248671925573274,32.493474970139516
max,-0.8581711542750963,1.7804200099822076,0.02427873462763108,1726.8777164748476
