,X,Y,SPEED,CURVATURE
count,180.0,180.0,180.0,180.0
mean,0.07366705667749174,1.413373916335316,0.010774672762975198,21.2488069376487
std,0.20728197464886952,0.1116942466803588,0.004274604522029192,37.86069565392582
min,-0.33636580625008417,1.2284984923028393,0.0017977234462212498,0.01069223750772063
25%,-0.07139717111993871,1.3265139075615315,0.007417539169772362,4.2261949450897065
50%,0.09580414996986508,1.3836688914476012,0.010411732572321376,11.986140105472135
75%,0.2328513627702569,1.4853737140118932,0.013249192777195225,22.108756099372755
max,0.40572048366048746,1.666379677454587,0.022074374134748307,339.78637927901275
