,X,Y,SPEED,CURVATURE
count,180.0,180.0,180.0,180.0
mean,0.3237964839825242,-0.03410354689686179,0.012631345683176419,25.88626987334741
std,0.23989722549665018,0.3819704825923339,0.005420230006331128,69.63967688896606
min,-0.10160735777326708,-0.67387647881341,0.002107727624674754,0.07550809633594699
25%,0.127471001476057,-0.37204062470185817,0.008305721030366697,3.70810677098991
50%,0.41728677932161684,0.02039072661351896,0.012212202616738875,8.059448210446043
75%,0.5360343787018872,0.3421443935560117,0.016669423172060806,19.376334025059933
max,0.63134784718518,0.46777916955487825,0.024523962729881877,778.6332735310489
