,X,Y,SPEED,CURVATURE
count,180.0,180.0,180.0,180.0
mean,-0.9065363300512628,1.5904588284995729,0.013963946081055837,24.196998415157417
std,0.15395372492368165,0.2995683475202189,0.005868481801296099,52.056727924785086
min,-1.2261725816571243,1.2115321735009275,0.002981335084439384,0.04509336448823384
25%,-1.02904555740156,1.3928012229573883,0.009086706309595249,2.9323899440461973
50%,-0.9415376649660501,1.520610592486062,0.013694186891081019,6.725159041659859
75%,-0.7797380859348535,1.6780176098171846,0.018434492812858333,17.484642133345734
max,-0.6308198612153048,2.193825056751593,0.026706805729015938,356.3336613625169
