,X,Y,SPEED,CURVATURE
count,180.0,180.0,180.0,180.0
mean,1.343227985380155,1.9380622714888895,0.010627735453801261,79.01796758780304
std,0.1443068733958246,0.15577841648927063,0.005415752175879233,378.0875209595898
min,1.0203042258251611,1.7468765786136948,0.0004031480745240354,0.05979423375232726
25%,1.2986079195344877,1.8059244764133153,0.006211338777981785,4.655365522651438
50%,1.3605256131740686,1.9024624426945271,0.010558765270562077,9.386875915647387
75%,1.4328298522140241,1.9950340854076796,0.014770597614957467,32.92718302448078
max,1.6682075569855448,2.2869104190002725,0.023879090508521883,4437.717538929333
