,X,Y,SPEED,CURVATURE
count,180.0,180.0,180.0,180.0
mean,-1.260914516525505,0.5749208815575829,0.012697257989611568,48.88856642036719
std,0.19293126871958624,0.16810383424746053,0.006042743201848815,348.8021617980546
min,-1.8391130380287466,0.2805737815871924,0.000548823897145069,0.1193880946238582
25%,-1.2757561938406934,0.4384275295695613,0.007779485085799329,3.764844854627892
50%,-1.2276201572840528,0.599754099654135,0.012319854043176861,9.857161567056588
75%,-1.1471171756786869,0.7065676392747444,0.017266945803213238,24.28829116175199
max,-0.9898941082762928,0.8027957354103431,0.025111379676892007,4664.550467403118
