,X,Y,SPEED,CURVATURE
count,180.0,180.0,180.0,180.0
mean,-0.14544378610269307,-0.19076323177177582,0.01663578437271706,7.60203934993112
std,0.507410786969972,0.3256821067868177,0.005455458670591733,11.7935286750635
min,-0.7825157294602277,-0.8548707802595291,0.005786619551361278,0.013558903536398782
25%,-0.5899941229560466,-0.4045205562448057,0.012777354631298879,2.0043483621504814
50%,-0.276205781296363,-0.21070934297992297,0.01617453215593636,3.8733753338761794
75%,0.22835546067137577,0.11859055355515011,0.020461749583972122,8.48676617857803
max,0.8132640918933971,0.2574203698130047,0.03066848642214652,109.68751473495946
