,X,Y,SPEED,CURVATURE
count,180.0,180.0,180.0,180.0
mean,-0.9399331747396028,1.454255498737067,0.010544466021316413,50.72463644954493
std,0.23442375499812124,0.1744535382229858,0.0066188152440210864,120.13198631242857
min,-1.3725096571748607,1.0997678443411232,0.0017893471288489343,0.011475914363007203
25%,-1.1647430851037033,1.272295468427813,0.006288900441144435,4.67967655986477
50%,-0.8716364362816273,1.4737241351830028,0.00839688389351716,13.713914796235928
75%,-0.7496226839168327,1.5438548075859593,0.014061087138044385,42.98439417595017
max,-0.6640735402070505,1.7576740600126546,0.03150659531983443,1100.480256245419
