,X,Y,SPEED,CURVATURE
count,420.0,420.0,420.0,420.0
mean,-0.5461880829535819,-1.05641174220284,0.010609856967767544,12.774315511381273
std,0.32638664096454745,0.20748086843409286,0.004355563910701345,38.92579939183383
min,-1.084138200296947,-1.5126023147270535,0.0009852712116604218,0.00898088041263049
25%,-0.7075161294243701,-1.195263012991402,0.008051510918185135,1.3662627994343013
50%,-0.5962987942134077,-1.0481456483431892,0.009601956586166145,3.8840637469413526
75%,-0.31211190602010286,-0.8557912552374826,0.014163840363317044,9.872587731992795
max,0.09137336507810181,-0.7714041348059121,0.019751488683332274,495.82519638654617
