,X,Y,SPEED,CURVATURE
count,180.0,180.0,180.0,180.0
mean,-2.0730735651398047,-0.2402327352658414,0.014146659900320381,37.80903455348581
std,0.4018346849184526,0.12876320613750705,0.006625808395685609,158.13129430007191
min,-2.4943881344862016,-0.551837630568148,0.0009198835924904133,0.16073311880661784
25%,-2.3882053316292104,-0.3079147080630327,0.00904019139531851,3.2689008230212684
50%,-2.2408124954196396,-0.2192297545917028,0.014916063623886198,7.468085704902604
75%,-1.8209162899157827,-0.1493826155395145,0.018770799867527225,18.15439846707946
max,-1.2822548995151988,-0.038013695849542076,0.030021340169068385,1570.037401336552
