,X,Y,SPEED,CURVATURE
count,180.0,180.0,180.0,180.0
mean,-0.6801506309753671,0.5642307814096758,0.011843001640903223,87.09166318028458
std,0.12911042458329247,0.19380894657482084,0.005137980010013481,666.0931190176098
min,-0.8876845940017817,0.2536013103831743,0.0003371069286393015,0.004852502095277539
25%,-0.7669904418358156,0.3888468800778412,0.008451794489713078,3.438497749615032
50%,-0.7115146613647798,0.5621579792924423,0.011379257010198675,11.131378470987089
75%,-0.5645881836709628,0.7621897255069773,0.014025788314402196,24.716959752506867
max,-0.42839054428527135,0.8291798171342669,0.025768558217612553,8651.738315218536
