,X,Y,SPEED,CURVATURE
count,180.0,180.0,180.0,180.0
mean,2.24651609288995,-0.7921145545180714,0.01153016598244241,100.22816080645427
std,0.2623073208519671,0.09306722001724121,0.005679374444039887,652.7354401179433
min,1.7546505516883626,-0.9773110198197813,0.0005343243373535552,0.11303392529527105
25%,2.0468133595742346,-0.8499116745549804,0.006850158706086471,3.8547597231254866
50%,2.2517917549541546,-0.806327974517971,0.012266070980478397,10.609979128616814
75%,2.516819183295238,-0.7129183950895649,0.015419649941210912,34.09349667722085
max,2.6119763775654463,-0.6210551638212576,0.0248815426823671,8502.326499045317
