,X,Y,SPEED,CURVATURE
count,180.0,180.0,180.0,180.0
mean,-1.4988243175266733,0.19850405113930752,0.01053159268192354,74.06526524848245
std,0.07795665298930762,0.29489858608868885,0.005478000962987019,317.54827169880394
min,-1.6632454323644061,-0.5016842400942256,0.0003675223388239464,0.012245339693532791
25%,-1.5332365616171137,-0.02868516562186864,0.006335688997584576,4.251497420614099
50%,-1.4865461801959001,0.38063806188513594,0.009650639848467346,15.603809250069402
75%,-1.4670614013461496,0.4329174292183312,0.01337136482615774,34.7659829718294
max,-1.3111032613853169,0.5079533157042446,0.02877536354558322,3278.127775306469
