,X,Y,SPEED,CURVATURE
count,180.0,180.0,180.0,180.0
mean,1.2335256995233672,0.5407898550207751,0.012293427815436473,56.74772271376758
std,0.21836609702794918,0.27745278213572966,0.006697830180095561,304.1287743116039
min,0.8469176398623488,0.0002263846317134744,0.000963950408688516,0.07673580629352936
25%,1.1321165348416637,0.3227171702426648,0.006429515339855539,2.902469723472426
50%,1.1996012273370358,0.6887524555080469,0.012529709052478001,9.215705197344521
75%,1.4206837600676572,0.7378616932083832,0.017104273808387152,32.2429987718783
max,1.6350399817448908,0.8273677497738713,0.02962369306219083,3992.2333851359895
