,X,Y,SPEED,CURVATURE,ARCLENGTH
count,180.0,180.0,180.0,180.0,180.0
mean,0.9617694444444445,-0.2786794444444446,0.005023848004901943,37.448683028163764,0.4865351962417864
std,0.1742970562279969,0.06573162440269532,0.0028116936785878037,73.71080272639092,0.2655666035875006
min,0.6787000000000001,-0.3855,0.0006403124237432577,0.4304606199126874,0.0
25%,0.813925,-0.33580000000000004,0.002678617948504441,3.9849954587929197,0.28607387790293154
50%,0.9571500000000001,-0.29255,0.004799785077095482,10.796978566158622,0.4646166557490667
75%,1.140225,-0.212125,0.00732013444583716,28.90256558099363,0.7299967130368978
max,1.1827,-0.17450000000000002,0.010811336642617348,476.13951795297015,0.9037456542012907
