,X,Y,SPEED,CURVATURE,ARCLENGTH
count,180.0,180.0,180.0,180.0,180.0
mean,5.982136111111111,34.831875555555555,0.09761750343013421,5.349004450842443,10.099949342354503
std,2.3381026363430197,0.45752288371162536,0.06103790318122714,13.884135203927638,4.610097966181451
min,1.3105,33.7839,0.004567548576643101,0.004848859129692164,0.0
25%,4.2578,34.528725,0.053985004185985966,0.2342049479697128,6.912278148164964
50%,6.3529,34.82605,0.08345797341009067,0.926054147911324,10.540383366981363
75%,8.2187,35.203075000000005,0.13580677590800613,3.0050633473153487,14.247933047021304
max,8.5897,35.5469,0.24970806955322808,117.98135283584965,17.406666751090267
