,X,Y,SPEED,CURVATURE
count,180.0,180.0,180.0,180.0
mean,1.0452535780675765,-0.7617965118688116,0.00954759023184816,131.03711891721773
std,0.13273233040194005,0.11200683352228814,0.006064759061242128,502.960506964107
min,0.8699927425776328,-0.9788981663267996,0.0006435063708690184,0.032497149907224736
25%,0.9049480816087005,-0.8514099168045945,0.004741918448618055,5.237080665296121
50%,1.0594877505308489,-0.732151424052481,0.008795278325139712,16.379916788138914
75%,1.1779036097171398,-0.6814180010523138,0.013316864391244581,39.09066206172806
max,1.2578921487042762,-0.5772209756857931,0.029107327892330604,4885.426533046874
