,X,Y,SPEED,CURVATURE
count,180.0,180.0,180.0,180.0
mean,0.4273392432055629,-1.1329554513305642,0.010134973845247976,79.38571308667021
std,0.10807433786541415,0.15213891662204027,0.006313362829575639,298.9694942221722
min,0.23962166136845112,-1.4866523983578197,0.00017587873397334656,0.03295955475432542
25%,0.33500338812341424,-1.1718109024730725,0.005454490385604555,5.495823313024751
50%,0.4429635326844287,-1.13878100634707,0.008937396920221566,13.406564482565093
75%,0.5199569617758708,-1.043071966568263,0.013550499140992501,46.29807689249585
max,0.6016186878454133,-0.891488992315525,0.028042728505442066,3598.839535410046
