,X,Y,SPEED,CURVATURE,ARCLENGTH
count,180.0,180.0,180.0,180.0,180.0
mean,36.45426944444446,30.858377222222234,1.0629429050683876,1.4655434349641203,119.32545426445421
std,24.905228178712882,1.4926780468304104,0.8165532026773079,9.239167945105992,60.4010135824575
min,9.1201,28.451700000000002,0.031972370884874375,1.7966218977063957e-05,0.0
25%,17.7377,29.49625,0.4022329104397755,0.0011257427453416472,67.72042570311591
50%,25.657,30.9173,0.8321336701214439,0.009809037417016305,148.5410791532132
75%,53.125525,32.147775,1.7532565742254635,0.07640567395096973,171.66743611710152
max,90.1149,33.011,3.2915123043974814,99.12670225044053,190.36714460298234
