,X,Y,SPEED,CURVATURE
count,180.0,180.0,180.0,180.0
mean,-1.7130785985674823,1.3136884442906294,0.010650129881845338,45.272646633455984
std,0.1934244118364454,0.32456191366839976,0.004769483435033168,174.98265826832952
min,-2.163656659646783,0.8754318269994057,0.00099945174277869,0.18468555884323917
25%,-1.8657249778494203,0.9934480556789065,0.006939672880934692,5.859998094692322
50%,-1.702751595886124,1.3474149757215002,0.010073496109305441,14.021259118583936
75%,-1.555446732230004,1.6468254266727456,0.014099356638901278,32.163436317670936
max,-1.4147027203871225,1.738756184271498,0.022749084207679498,1960.0900057206559
