,X,Y,SPEED,CURVATURE
count,180.0,180.0,180.0,180.0
mean,-0.3037407995604156,1.0107643279007537,0.010980261983550961,30.873728332040475
std,0.2514190429182238,0.22897674212580185,0.0056563034888884355,64.48536184628851
min,-0.9040341918860318,0.6682321005841831,0.001526008137588502,0.05312228372148666
25%,-0.42880358205245506,0.7796081754565116,0.006470744274300126,5.336440666898778
50%,-0.21156531643641985,1.0481881627930019,0.01036837154346042,10.972255304756377
75%,-0.11255897343935486,1.2494179106736854,0.014770117987220676,24.410743534090233
max,-0.0337661189878303,1.302869035930807,0.025738732169114122,528.0140053287087
