,X,Y,SPEED,CURVATURE
count,180.0,180.0,180.0,180.0
mean,-0.3309949069170587,-0.5408834495731341,0.01303624113064981,27.378198960228808
std,0.2640380896365457,0.20892259330863752,0.005240332620282664,81.45340513452668
min,-0.6818511540306041,-0.9170657533781944,0.001989974677752583,0.09537950497571168
25%,-0.5870178633436705,-0.7160848641906542,0.009427182066291461,2.9715999177782244
50%,-0.3300087112738689,-0.4819451584617952,0.012733603365259893,8.556158620559483
75%,-0.0530603418564665,-0.35655679563122233,0.016828511246548095,19.985052472596557
max,0.05695035253625597,-0.2118756794869074,0.02538529771637049,744.2086551267764
