,X,Y,SPEED,CURVATURE,ARCLENGTH
count,180.0,180.0,180.0,180.0,180.0
mean,52.96888999999998,42.66119277777778,0.8102149996026289,0.41202046510356904,82.15183768567314
std,8.427011616153267,20.547950284138917,0.6091900330528836,1.4004414048815048,43.83766084390998
min,43.0835,13.7695,0.07335574278814005,0.00031328997235676787,0.0
25%,43.714875000000006,23.09355,0.40220867667897703,0.012529398166743675,40.691629476640166
50%,54.03115,39.988150000000005,0.582220126731164,0.04488610697649904,95.48782025286849
75%,60.6884,63.58435,1.012029320438096,0.17624611383255645,119.1153146269112
max,65.9611,74.1717,2.7900186580917326,13.607595728105183,145.00317308600847
