,X,Y,SPEED,CURVATURE
count,180.0,180.0,180.0,180.0
mean,-1.834168879750593,-1.3013955776527824,0.011735962293096685,74.76409155557788
std,0.17887614906561133,0.2727093037220246,0.005570739468464363,447.099363080772
min,-2.1319160208904724,-1.5590715474022967,0.0007309417310921548,0.01759656088486476
25%,-1.9923737946774533,-1.5277556503721552,0.007778439916644937,3.2238361683622534
50%,-1.8208613029124918,-1.4174724272053605,0.011518878121335098,7.822308304248175
75%,-1.702663088259477,-1.1270670103920255,0.015533238067538509,23.711033959422302
max,-1.4978266307814352,-0.747355295674099,0.026957928242660877,5830.107674045674
