,X,Y,SPEED,CURVATURE
count,420.0,420.0,420.0,420.0
mean,1.3280798438579344,-0.15199863690146448,0.009119605735725754,46.24626297089563
std,0.13056007380540025,0.2624258462338797,0.00714264883418938,198.7062516395714
min,1.129654749954884,-0.6442011734551937,0.0004961142900933648,0.02258679513075088
25%,1.2315565008400766,-0.3522263856969429,0.00428016506894978,1.3475630376064085
50%,1.2962266029823837,-0.06259343597030403,0.007634893056198549,3.978031397376471
75%,1.4147014664467428,0.0997233314763926,0.011610388433921408,19.165282890077584
max,1.5961670787290085,0.2169927274054711,0.03036543959634503,2357.6482499299264
