,X,Y,SPEED,CURVATURE
count,180.0,180.0,180.0,180.0
mean,0.49168880518134983,-1.0646451220415791,0.012519072751838865,58.191072590739864
std,0.29243891397551086,0.3845032556969739,0.006619067454136082,221.0721216896449
min,-0.07131729450073507,-1.8017119492872276,0.0008493439937743296,0.026668719508423352
25%,0.28756019472348177,-1.3768462550636258,0.0069046504483543675,3.0489484994701157
50%,0.41851380372503805,-0.9300156346623882,0.0127074148137729,8.836729580580625
75%,0.7756622650125089,-0.8603924225342987,0.017401152572912415,28.185167093039844
max,0.9095441406618073,-0.5002453602452225,0.03092152437725244,2574.8952493358747
