,X,Y,SPEED,CURVATURE
count,420.0,420.0,420.0,420.0
mean,-0.3857072311006716,0.1532436389221738,0.009531787206963759,24.36779871085382
std,0.164486364168277,0.38772955473912346,0.004142650989383275,156.2592564112372
min,-0.7293942162274675,-0.3919584910855629,0.0005913111788553405,0.03173819859648024
25%,-0.500378140708537,-0.19950834065195014,0.006567793912256479,1.9193231015569021
50%,-0.360745000144291,0.04312695131975444,0.009290540829925404,5.311511309075753
75%,-0.2719870221950657,0.4754999664763143,0.011799705640912156,12.22237283475672
max,-0.13378315530316398,0.7576753096611143,0.02063667106418478,3102.911784373682
