,X,Y,SPEED,CURVATURE
count,180.0,180.0,180.0,180.0
mean,-0.6329253142989762,1.3415579105639597,0.011537568655756218,142.00906147783886
std,0.17888196020658817,0.1280407581303197,0.006755853373596628,1214.0945486880144
min,-0.9355066923544005,1.1112939442688703,0.00044912159125941624,0.013080164137128387
25%,-0.7694063095245934,1.238473610053377,0.006627606596903989,3.609863575743381
50%,-0.6430781302476023,1.364205178049562,0.010514666169747416,9.710867290083556
75%,-0.4862014929960223,1.45052439858905,0.015187910558956026,34.51401292847139
max,-0.33424069467916256,1.5504483765970496,0.03216206610372235,16228.42123538641
