,X,Y,SPEED,CURVATURE
count,180.0,180.0,180.0,180.0
mean,0.21985408489057567,-0.2885578454743,0.012375178493850987,231.6967978256378
std,0.08100246470268867,0.23308031767468743,0.008008661195462355,2372.0142794720614
min,0.06137527651778171,-0.6425773075037592,0.00035482283171776126,0.09532551360305663
25%,0.16733998224109609,-0.513264147824973,0.006630366552997882,4.694924631514153
50%,0.23755109025703908,-0.3117873152771126,0.010096221706860947,15.220903674389717
75%,0.28440143711757493,-0.13913727016798028,0.01626628522749192,39.62544084596373
max,0.3798176883641724,0.134482302556319,0.03854834003496057,31767.74563563764
