,X,Y,SPEED,CURVATURE
count,180.0,180.0,180.0,180.0
mean,-0.16902229451552372,0.526755926371375,0.010408049446300787,28.049061802549524
std,0.11871010658038307,0.32289449691334454,0.004257950628911178,45.581351246361635
min,-0.38592298846271267,0.02642224786359729,0.0022206160453552663,0.04450384541502915
25%,-0.2606486382955338,0.3080543886820608,0.0072509015122001344,5.503305289835753
50%,-0.1613464769411603,0.4336426619257892,0.010351896425875251,11.579819740629056
75%,-0.06032332280681831,0.8294791904164444,0.012845384511358412,31.4792240876581
max,-0.0002810396449118186,1.088775661822738,0.02254228541508566,380.1691782569327
