,X,Y,SPEED,CURVATURE
count,180.0,180.0,180.0,180.0
mean,-1.2703818405154643,0.3840535661191067,0.011727551854466875,53.383739350523655
std,0.23846216815380492,0.1981893369445323,0.005809096273991503,143.68970897044096
min,-1.609047675036853,0.10526730969531797,0.0008338427581333683,0.002050272715451981
25%,-1.4971248985572547,0.30396061350696013,0.007133184472524006,3.954218690674834
50%,-1.315576843536027,0.3445324703754354,0.011445262589746222,12.852861377303856
75%,-1.034789301673465,0.38775622281316435,0.015659093655567738,37.84685651370716
max,-0.9212600478134749,0.8817289991267161,0.025833455172523032,1217.8307434216038
