,X,Y,SPEED,CURVATURE
count,180.0,180.0,180.0,180.0
mean,1.3097471316221834,0.5810695761629099,0.011575629598277543,59.679234845848754
std,0.23443708869254343,0.060368161161668786,0.006837684049787021,212.7510134887891
min,1.0312216505290157,0.4972163721699553,0.0007033176050489109,0.08117053923323345
25%,1.0817044561209008,0.5353980304726872,0.0068950815292274405,4.516777943698706
50%,1.2637155138659253,0.563528171824937,0.010784061644150997,9.955780550147333
75%,1.4873876475205021,0.6151466880356812,0.014490942997983987,27.84324973740623
max,1.778151520209296,0.7406979714910835,0.03494960561626544,2319.5659834357493
