,X,Y,SPEED,CURVATURE
count,180.0,180.0,180.0,180.0
mean,0.018286259944532115,0.7324148599466702,0.012569880066317644,23.140296464320382
std,0.26186031435918794,0.30580620754491483,0.006032752880283381,52.52381357167564
min,-0.5444738066143067,0.3100583527854847,0.0010391552365521311,0.19076741762717309
25%,-0.1286455152669193,0.4670868588471064,0.007813909529718404,3.3874300313406716
50%,0.124389583019507,0.7177083567857904,0.012183277888574661,9.120180669424158
75%,0.2076931104619025,0.9049285612111887,0.01723909743206218,20.142158272127062
max,0.3001817830749744,1.2699811406233552,0.02526207915149095,381.75878734310004
