,X,Y,SPEED,CURVATURE
count,180.0,180.0,180.0,180.0
mean,-0.15205929786228978,-0.603969610619379,0.013625682804690595,54.790796182392825
std,0.16156798841988362,0.36318299537903936,0.006032144159162209,295.696457422021
min,-0.4332738962715003,-1.1717395905488128,0.0005930647486222972,0.04007232818482828
25%,-0.2715127814976425,-0.8762585648447665,0.00927577147693589,2.8995764097243217
50%,-0.17514609520422597,-0.7016924145115989,0.013694139957398464,8.0034523860819
75%,0.005856024763544653,-0.20847903564714654,0.01727206440353881,21.832871891014143
max,0.0841434170701815,0.005582924092133857,0.029511540394543585,3501.091884794317
