,X,Y,SPEED,CURVATURE
count,180.0,180.0,180.0,180.0
mean,-1.1794327161829812,-0.19186975222112845,0.01264673431548559,987.5051379882467
std,0.3399304659206742,0.16711710071181396,0.005588674807479479,12879.096987566614
min,-1.722872806031988,-0.45753669948500786,0.00010508765047783763,0.00610812210653979
25%,-1.5393123618241265,-0.34425156371946264,0.00856106900218652,3.422553310439947
50%,-1.0788759612415157,-0.15221914288788874,0.012600909243647731,9.437134402782824
75%,-0.8556429016516156,-0.1017366533824252,0.016484750117482058,22.093660454135676
max,-0.7577067093961615,0.18795303841510233,0.02469688172702617,172816.87428319763
