,X,Y,SPEED,CURVATURE
count,180.0,180.0,180.0,180.0
mean,-0.8733928265222571,-1.5047968829870444,0.010925163140281753,104.12918714695695
std,0.08771739748497942,0.3214693262317934,0.006255821758737656,440.44898881970374
min,-1.0639241394657382,-2.023664238644569,0.0005479528199094478,0.01431123592081973
25%,-0.9302370144490046,-1.8060897073234299,0.005959535140857957,4.137952977006254
50%,-0.8677443898478208,-1.5182699444587366,0.010756953001836038,12.160464552748838
75%,-0.8077322365680422,-1.1968200740461143,0.01487633845891581,37.43055645280097
max,-0.7271258013220007,-1.0701249216425335,0.02694527696412492,4950.308127841701
