,X,Y,SPEED,CURVATURE
count,180.0,180.0,180.0,180.0
mean,0.23102293197074056,-2.0628457496512747,0.015497516702606571,19.568344291592926
std,0.2962166844906593,0.4463075118335704,0.006982249036282771,75.50069941461453
min,-0.5454333645987858,-2.7604133806730005,0.0004176618681840225,0.04699018814526749
25%,0.0279830866291623,-2.5033306954083687,0.010294153789663182,2.4897782889187865
50%,0.24532341442503813,-1.8781902190414965,0.014652259870724042,5.482532952153811
75%,0.47631843382211625,-1.734301793223699,0.020214250503453404,13.776651666757644
max,0.6758084248700127,-1.3580404088396911,0.037931030755160494,956.1950756631198
