,X,Y,SPEED,CURVATURE
count,180.0,180.0,180.0,180.0
mean,-0.6797564189971047,0.2991615381991543,0.012178278759944204,20.847088713674275
std,0.2266414915801416,0.1485647202473279,0.004664985230493327,50.03503722442044
min,-1.058718321916271,0.04154555753909061,0.0022246482066372135,0.03363001408800136
25%,-0.8756776524852352,0.19433118922451853,0.008829732880819272,3.327998446477715
50%,-0.6995398016011979,0.29289940552727595,0.011730757154941707,9.19561975812645
75%,-0.46594297153005004,0.4305592010589229,0.015013499897974743,16.9202276011236
max,-0.31129580510188937,0.5570803222211438,0.024125384831367253,497.2243677688782
