,X,Y,SPEED,CURVATURE
count,180.0,180.0,180.0,180.0
mean,-1.021124507295056,0.3755367806821851,0.012685676500763184,73.75191019518233
std,0.18613293606041678,0.4382352782570415,0.006606969023265938,525.6184321370581
min,-1.2612278366536605,-0.20226669512699574,0.0008525366223796264,0.03708507075311481
25%,-1.159833909211749,-0.05333670302268326,0.007830343785553669,2.903377904864671
50%,-1.1096322731682906,0.3562037587238338,0.011171012403443818,9.439172727638173
75%,-0.8442570387948956,0.7817806954344038,0.017248216255522728,29.229519710880428
max,-0.6848950036825331,1.0588317512271215,0.03125254061652468,6984.49416136726
