,X,Y,SPEED,CURVATURE,ARCLENGTH
count,180.0,180.0,180.0,180.0,180.0
mean,2.1337100000000015,1.8225272222222215,0.006037148268665859,47.750239859039034,0.5331816343651594
std,0.1302095852867931,0.14428278054983054,0.0029380178405188596,269.42557387559225,0.2641101624195652
min,1.8288,1.6503,0.0003640054944639858,0.02385181840258338,0.0
25%,2.06965,1.7270750000000001,0.003637557108214081,2.489266796288878,0.3762599009606712
50%,2.10815,1.77255,0.005934407666487952,6.559833318999274,0.4961521355506512
75%,2.260125,1.894925,0.008618786635857573,18.149040704034633,0.7044023118399114
max,2.3161,2.2172,0.012080149005703466,3187.80176711276,1.0803014528583925
