,X,Y,SPEED,CURVATURE
count,180.0,180.0,180.0,180.0
mean,0.008881635360142826,2.106192330582201,0.015448252316309303,13.179852619770344
std,0.3553067504858686,0.2122019850136431,0.005833838876138657,34.393615774509776
min,-0.6387248437884236,1.7812329943533027,0.0029530112906873645,0.0074951224522164005
25%,-0.25867842508076794,1.8994314690295622,0.011479956643049717,1.791230870105024
50%,0.03412852002183889,2.1483659438784755,0.01478683737252436,4.453262402424522
75%,0.29434970334305915,2.2674193491474437,0.019314028697786846,10.895964371742615
max,0.7469052441090726,2.552665083994524,0.029569270083848135,281.8219142890212
