,X,Y,SPEED,CURVATURE
count,420.0,420.0,420.0,420.0
mean,-2.333069353760624,0.10332989771016544,0.01059494248812653,96.91485122568946
std,0.2459145863489563,0.26243928661863364,0.004015104715635075,1721.811517763011
min,-2.699671464702861,-0.333913893525549,0.00018018485890569736,0.0419173916321321
25%,-2.5707486893383527,-0.13178593464003668,0.007677097168702651,1.2591781587925883
50%,-2.3745101838343188,0.10541316651142217,0.010250588867293247,3.71519388656122
75%,-2.1270558424829704,0.32247956137648215,0.013939668833790862,9.240290971299228
max,-1.8799771815427735,0.5772428568329526,0.018497878429609496,35288.83510387446
