,X,Y,SPEED,CURVATURE
count,180.0,180.0,180.0,180.0
mean,-2.0748931219242452,0.3971783361729005,0.011826230514640728,43.819381205961115
std,0.1580150849883257,0.2759419364528801,0.0052112037914221355,146.12861920735097
min,-2.268803850123074,0.02952778246636179,0.0010508452501981622,0.03018701240548535
25%,-2.204390997788982,0.16733686927308564,0.00835806869663138,4.799644650067412
50%,-2.1392428646894857,0.31974158495029176,0.010954491170282903,10.587683678735406
75%,-1.926078023066377,0.6363655399753587,0.015146203495812825,25.89476883244606
max,-1.801393033126227,0.9139347883895634,0.025485977499575672,1354.661044730073
