,X,Y,SPEED,CURVATURE
count,180.0,180.0,180.0,180.0
mean,-0.7561591087382382,0.3459540198850207,0.012858232531113411,57.582549039427505
std,0.25525634395315305,0.15367876570371758,0.006510054971172607,254.63189819259907
min,-1.437688350128748,0.056175779519964525,0.0009253905273831449,0.013375387165110969
25%,-0.8113928673203896,0.23150219276800804,0.007930596249141605,3.8055758592433966
50%,-0.6704232885659158,0.3428700379308941,0.012090418546264444,9.839943530019152
75%,-0.6339265346787722,0.4473365415984668,0.01820192950852418,26.276246029433956
max,-0.4683243316345849,0.6371102859050448,0.027402684339302864,3130.799286058513
