,X,Y,SPEED,CURVATURE
count,180.0,180.0,180.0,180.0
mean,-1.3483504590648108,-0.946798092797454,0.009987007135118613,59.16939930215885
std,0.12709978830460203,0.20124855086753807,0.005461287455603327,149.35457125025553
min,-1.5084270361460312,-1.3218777407762163,0.0007329132919024703,0.03558860882954315
25%,-1.4478683362837175,-1.0879848838984105,0.006405686984049156,5.57589292096483
50%,-1.4101850863168817,-0.9863816674197408,0.009019126710919074,20.12114305103713
75%,-1.1874933726392767,-0.8052082667783336,0.012258082139509404,45.802080249070386
max,-1.1401686103701634,-0.5839542969052299,0.027341615756105973,1155.9707937503172
