,X,Y,SPEED,CURVATURE
count,420.0,420.0,420.0,420.0
mean,1.4996369166136843,0.3287373647136168,0.009695751651473867,40.40809878246162
std,0.35560981993485496,0.19774489462327982,0.006124347083869651,267.6269459686281
min,0.9157170835613044,-0.026473357647098645,0.00031740485112513996,0.0235007812724527
25%,1.2154103712627402,0.1579031163404822,0.005067183938122811,1.827931716292557
50%,1.5627297185079922,0.3407099259784157,0.007676536915601278,4.267538218122344
75%,1.7166668253020712,0.49987051042040576,0.014601445473028867,12.924793661389549
max,2.147738434213044,0.6442131116274574,0.025555338940267146,5009.657539836937
