,X,Y,SPEED,CURVATURE,ARCLENGTH
count,180.0,180.0,180.0,180.0,180.0
mean,58.25272555555554,28.191596666666676,0.3540079548389789,0.5219373577275127,22.998109151374376
std,16.66461470571911,2.5735559812214013,0.22811454998096445,1.2998138895701046,19.759776631468107
min,21.669700000000002,23.8614,0.035666966509644335,0.00015322870958264697,0.0
25%,44.547725,26.033350000000002,0.1475523372638033,0.022855300303862357,7.0493349572303865
50%,68.18594999999999,28.71955,0.2869053761310785,0.046575153107333886,13.362157988937657
75%,71.0404,29.8799,0.5520666009384334,0.3258815196963866,40.303520493097395
max,72.6572,32.1179,0.7680143781206178,9.240953900594812,63.44472422702092
