,X,Y,SPEED,CURVATURE
count,180.0,180.0,180.0,180.0
mean,0.6762624242441617,0.6433494214337694,0.010549688797970368,83.23096032860407
std,0.1118328077582409,0.20822110675268543,0.004869499782251724,443.7563941801706
min,0.44188727554213175,0.32667133609073784,0.00042061280713991903,0.03783782024542842
25%,0.6013406388623767,0.4525196887946192,0.007265267299314129,5.1822541634145285
50%,0.6770366204135343,0.6198975731524596,0.01004925134872766,12.481115733015265
75%,0.7568739403417742,0.8486073074182792,0.01386254968019213,28.812313094245226
max,0.9016504437074725,0.9900078287660887,0.021158297959557575,4572.650457387802
