,X,Y,SPEED,CURVATURE,ARCLENGTH
count,180.0,180.0,180.0,180.0,180.0
mean,-8.440876111111114,55.712487777777774,0.15188191341107019,0.2650868382543267,13.935506244593313
std,5.955986469394981,4.603701402868909,0.03660867560170079,0.27026092802795776,8.01093621206255
min,-19.4643,48.8104,0.09431337391907803,0.00022167712997628967,0.0
25%,-13.55295,51.760925,0.1228351918129866,0.05768689043489847,7.1451007858671325
50%,-7.94,55.9827,0.14532635506198316,0.16688270598824217,14.35647357138703
75%,-2.83095,59.560050000000004,0.1803013003097372,0.3960878690307402,21.10631387150947
max,-0.9164,64.7684,0.23833724530588996,1.2613353105350875,27.184317413546662
