,X,Y,SPEED,CURVATURE
count,180.0,180.0,180.0,180.0
mean,-0.6180636391824869,-0.2928826983789686,0.011782191778194636,22.175169144679305
std,0.27832609397730923,0.1683365403344866,0.004555768889977273,43.84344821962926
min,-1.1806243098407314,-0.5961368288061513,0.002917605751203854,0.06846393260557343
25%,-0.7992878770042182,-0.4257550616664767,0.008018823572594203,4.11819202103653
50%,-0.6524889637680329,-0.31535639746846933,0.01182392672326439,9.640359410547324
75%,-0.35114071972863786,-0.16571354610861808,0.015077109990125601,21.73160934600986
max,-0.2476428446781638,0.02388109161679229,0.02163714951376475,416.6230966392941
