,X,Y,SPEED,CURVATURE,ARCLENGTH
count,180.0,180.0,180.0,180.0,180.0
mean,92.41506222222225,16.051179444444454,0.35744340671678904,0.3641509811132934,33.23920001922606
std,8.88018357712099,9.376369864007609,0.17508438634280052,0.9605209595650548,19.55481467275859
min,78.67020000000001,1.6088,0.07750020967713742,0.00013293623040287308,0.0
25%,83.340375,6.614850000000001,0.24094363172679426,0.045407690023386404,16.82144168720159
50%,94.83735000000001,16.6151,0.31110732029585875,0.12289607393651159,32.876756481804236
75%,100.242425,24.602600000000002,0.4406680253826952,0.3001751460779695,51.98842793346938
max,103.45450000000001,30.375200000000003,0.7929701271170324,7.784792643233899,63.96688596269842
