,X,Y,SPEED,CURVATURE
count,180.0,180.0,180.0,180.0
mean,-0.6206793205262359,-1.2297549932751215,0.008546841789288544,1092.434726646598
std,0.1132819345896668,0.11670158063043282,0.004613307584055778,13850.866448968585
min,-0.7633908358109747,-1.4517657667768467,8.262957109342537e-05,0.06376411652589703
25%,-0.6988261447675106,-1.311210158279867,0.004858291710758693,6.610738824369819
50%,-0.6453694239030694,-1.1865683987840283,0.007940848361850095,13.472414794238066
75%,-0.6015686124310613,-1.1270855730852767,0.011355854985473566,39.893561209256745
max,-0.2425442827960542,-1.076235692273897,0.02260216957737612,185875.1717128372
