,X,Y,SPEED,CURVATURE
count,180.0,180.0,180.0,180.0
mean,0.13948629613388877,-0.10998310161508108,0.009718385523698463,101.5673920273871
std,0.05349701682023393,0.1369248883314054,0.0058203217007036165,369.70806273138396
min,-0.01009503576494604,-0.4009615891918928,0.0009058569335837287,0.14107524191605567
25%,0.10248095047264455,-0.20562699917405644,0.005414996081558783,5.3913408488556644
50%,0.1317263325347935,-0.14450037190067894,0.007772995124409779,13.795670202569788
75%,0.17748473311438012,-0.048490642606635034,0.01399127498442015,40.82130387757545
max,0.23551390332129724,0.1748444117567145,0.024815561858880696,3700.2309986696
