,X,Y,SPEED,CURVATURE
count,180.0,180.0,180.0,180.0
mean,0.1548962115080997,0.07561395472112685,0.011702056290055558,70.32444254042406
std,0.23048392247620964,0.18806875652831664,0.005961375063886215,339.3990684038101
min,-0.22554115507272626,-0.39585957942500005,0.0009561769864188043,0.09668819656382224
25%,-0.04226692289403529,-0.022432945966551602,0.006764827552084004,3.852551628173406
50%,0.031129538371055605,0.15154805275730493,0.01121347833646546,10.096983194560103
75%,0.3858059018727256,0.20153107903070883,0.015701873988151906,25.342170855198262
max,0.5364315056989625,0.3007118470443052,0.027604782140705168,3486.895535352466
