,X,Y,SPEED,CURVATURE,ARCLENGTH
count,180.0,180.0,180.0,180.0,180.0
mean,41.06726500000001,-14.68502388888889,0.21672001694577528,0.277953444217869,19.96453794800364
std,6.1759681148722745,4.8016511954570325,0.07461241868355911,0.7134131683487133,11.696821115975453
min,28.476100000000002,-22.0321,0.05646939436544105,0.00025468140502491783,0.0
25%,36.00512500000001,-19.457050000000002,0.1673690472885651,0.03252243756691817,10.863745264783477
50%,43.69370000000001,-14.127200000000002,0.22083009641307738,0.0780044981519186,17.758023158517332
75%,46.023125,-9.776325,0.27922990164780925,0.13971546682638286,31.184154100939658
max,47.8494,-8.8225,0.3261517821505828,4.530071411547118,38.85134509383354
