,X,Y,SPEED,CURVATURE,ARCLENGTH
count,180.0,180.0,180.0,180.0,180.0
mean,45.84583000000002,44.0561722222222,0.2579245268501983,0.24701267807652216,19.662327630841418
std,8.85250222745748,9.238402809738181,0.10032972702442017,0.6320812238473487,14.482180987508622
min,27.0729,29.013,0.06802471977156606,0.000821661297648375,0.0
25%,38.308949999999996,35.973775,0.1755981783730492,0.031664015179518286,6.848186726739061
50%,50.5269,45.194900000000004,0.23099911146229007,0.09478893040846065,15.56413463404967
75%,52.786249999999995,52.8097,0.3789278512694374,0.20680065412839713,32.63722537248809
max,54.403400000000005,57.3661,0.4006172893173748,5.7596371532441895,46.24341605436819
