,X,Y,SPEED,CURVATURE
count,180.0,180.0,180.0,180.0
mean,-1.42104504543785,-0.34196727092824153,0.010758308674037346,75.78671670284227
std,0.16365736160942485,0.2245712226440509,0.005554934947196332,378.7657323863955
min,-1.6964918197042818,-0.661390880802135,0.0008159572159887445,0.07622107367717233
25%,-1.5285789116836115,-0.5638771880362666,0.006780806182327669,4.554370904917379
50%,-1.4378152374404425,-0.33277243566807907,0.009949911156334115,9.819812931874434
75%,-1.2846162013038105,-0.13062077640281128,0.014614497590728548,30.178135092659904
max,-1.1284549727856406,0.0034622879253458578,0.024366869699626023,4567.398833143851
