,X,Y,SPEED,CURVATURE,ARCLENGTH
count,180.0,180.0,180.0,180.0,180.0
mean,65.08295444444444,4.4154488888888865,0.9621773192402375,0.5844767492874756,83.63757270928235
std,22.735113540646097,2.3221664503130803,0.6831024395034271,1.9632637162138102,55.74631893480634
min,24.7257,0.5083,0.051329645430294994,0.00012580061589214484,0.0
25%,46.51185,2.08615,0.4582093272455564,0.0054333916202371595,28.088109725154474
50%,70.19155,5.21275,0.8428146078055071,0.01660380711087648,98.13663606481614
75%,85.348675,6.426075000000001,1.2368301765148857,0.11555850727449003,135.85944625812613
max,95.68310000000001,7.7814000000000005,2.9554116143102633,12.491285825946864,172.83637486850967
