,X,Y,SPEED,CURVATURE
count,180.0,180.0,180.0,180.0
mean,0.27842587082665426,-1.263359987296055,0.011721722063122829,36.06938690011378
std,0.23361073178459216,0.1444358095199849,0.005144706176021883,100.89549902467773
min,-0.0010405524652677758,-1.4871989413139897,0.0010940273727955486,0.03263772358047813
25%,0.09553698303976878,-1.3954351544324903,0.00755806036386239,4.657353805997554
50%,0.1856454538831782,-1.2441497370657992,0.011800823695143384,12.940240894677782
75%,0.4529868999170439,-1.1380657309362425,0.015226604446720181,33.77987127663343
max,0.7573576270348953,-1.034099535781573,0.026617412507262572,1139.2895022603868
