,X,Y,SPEED,CURVATURE
count,180.0,180.0,180.0,180.0
mean,1.8918048156703153,0.03716629890870004,0.009856710142020416,45.23925697228144
std,0.10602479195933777,0.15834403496560878,0.0044334682925956095,236.55005472984274
min,1.6812510855748202,-0.3194175777878809,0.0013188134727802727,0.08113548625860675
25%,1.812735438701919,-0.08006633061426471,0.006754155373530164,5.117274035784081
50%,1.8953455642736066,0.09108103816126312,0.008912626538728704,14.546793250802082
75%,1.9835246657953522,0.17912613948914496,0.01217089860179262,32.15249527462006
max,2.0567410440171003,0.22276961053646907,0.021511621912549097,3139.1549690143606
