,X,Y,SPEED,CURVATURE
count,180.0,180.0,180.0,180.0
mean,-2.273984596860309,-0.02898744282486299,0.010379856279360463,81.05304598229813
std,0.18586240387581374,0.1877673923357916,0.005168329906690609,368.35642626337454
min,-2.642393585622902,-0.23586622389020773,0.0007753877781536017,0.010882007281116894
25%,-2.4403823754474416,-0.16985883278879205,0.0060056588952742875,4.59352652653278
50%,-2.2490792577552874,-0.0972430433496831,0.010149353400630588,12.723853353029966
75%,-2.1724472777235584,0.15235830882395485,0.01409354214061566,31.673911026882507
max,-1.9683578766458183,0.3359210211533717,0.02091191677203778,3864.834801908409
