,X,Y,SPEED,CURVATURE
count,180.0,180.0,180.0,180.0
mean,-0.17586088135939432,2.4791762128603057,0.011175868475535972,65.73699209937378
std,0.2084958222441781,0.17169808642928724,0.005375641619940052,341.9152848004176
min,-0.7344750709252518,2.1733276353712907,0.0005151979771039074,0.020693207380766927
25%,-0.23623814688489903,2.36183681778167,0.007062729243894221,4.1715544172051215
50%,-0.14083395666670995,2.4801851938205837,0.01124572019348272,9.399309934583574
75%,-0.030931797756965147,2.6388471466201597,0.014649358133756613,24.338563363360507
max,0.06919776520615077,2.729114706910203,0.024149373256609177,4095.6603183578945
