,X,Y,SPEED,CURVATURE,ARCLENGTH
count,180.0,180.0,180.0,180.0,180.0
mean,14.340983888888893,83.05252055555555,0.4349623709469577,0.4479806512153977,40.21164082886855
std,5.76213987633342,6.869748722138918,0.16084335833621652,0.8031058418769317,21.858909718481172
min,2.6195,73.0112,0.12025992682519053,0.00017823682689485195,0.0
25%,11.213775000000002,78.195025,0.316692210697609,0.06818949098838623,24.88275391067578
50%,15.84645,82.58670000000001,0.44697193433795057,0.17304866786143447,37.62688776508487
75%,18.514225,85.121525,0.5360193671161423,0.38477235695814194,57.52828994799211
max,22.7776,98.35040000000001,0.7739457813697281,5.2636821381800045,78.10558331268327
