,X,Y,SPEED,CURVATURE,ARCLENGTH
count,180.0,180.0,180.0,180.0,180.0
mean,1.3040466666666666,-1.5864916666666669,0.004191862317193643,74.11698281170023,152.64066897697907
std,0.17301362797099873,0.06136722404631678,0.002387256386078921,188.20283500453198,96.44397056468026
min,1.0444,-1.699,0.0004609772228645936,0.0,0.0
25%,1.140075,-1.640975,0.0025050871298569703,3.720779776877965,67.84498752913639
50%,1.3154000000000001,-1.5750000000000002,0.0037646379650321435,11.995602959059532,146.549608419306
75%,1.4774,-1.5220250000000002,0.005686369852991626,35.123736868601384,233.99093532128472
max,1.5874000000000001,-1.5041,0.010324727599312303,1132.6293666232214,330.09290229580535
