,X,Y,SPEED,CURVATURE
count,180.0,180.0,180.0,180.0
mean,-0.06464231633022247,-0.47800433174226276,0.011809547655573772,57.9067905912273
std,0.10408148278452951,0.20478926073151518,0.00665740845030263,313.8748420772682
min,-0.3055519971074927,-0.80711456278987,0.0009589833638069322,0.02187140872395948
25%,-0.1023604342911789,-0.6783884739002095,0.006829394946620435,4.013483113456041
50%,-0.03964048343842416,-0.41912803778846264,0.011095394348927295,9.545285365053607
75%,-0.009500316516298674,-0.3791237433119612,0.015059017371566648,35.04291766848849
max,0.10251672422298988,-0.03896799919891091,0.03602730806131031,4130.898038682302
