,X,Y,SPEED,CURVATURE
count,420.0,420.0,420.0,420.0
mean,-2.1994328778450845,-0.6022233933266251,0.009975928542787326,38.62276888270297
std,0.3100353319265845,0.34063450426704467,0.005951283027210545,426.92334553287833
min,-2.7926807358795585,-1.2009573205763904,0.0003316859551405114,0.009520626189684031
25%,-2.425876364928491,-0.8573035385965806,0.005152097174872944,1.6129628109885514
50%,-2.0764696584087847,-0.5652085648651355,0.008203152698357174,3.9007761896509057
75%,-1.9998463366617993,-0.33541323756249375,0.015036933351364124,8.81058848547472
max,-1.7482853527683955,-0.06034435539809585,0.02335791642913693,8668.41398844538
