,X,Y,SPEED,CURVATURE
count,180.0,180.0,180.0,180.0
mean,0.2958214443690608,0.5293288061938831,0.015610808872130602,11.127602272870252
std,0.21277891082819303,0.3914947635800361,0.005131839060426108,30.396500234490922
min,-0.08258455962866655,-0.05807794230583999,0.00320436557826377,0.061647629668931316
25%,0.1151737211224256,0.10510708306613428,0.012100283941242285,2.1898312339065757
50%,0.3263112345474909,0.5536401659198051,0.01541535939413366,5.856734814621067
75%,0.4517733216744805,0.8648118501764468,0.018823026229460575,11.402731622417205
max,0.7323264478774495,1.124915688370667,0.030137463551206972,390.3383267813736
