,X,Y,SPEED,CURVATURE
count,180.0,180.0,180.0,180.0
mean,-0.0006079258609562936,-0.31525958298473183,0.010279108194551212,39.69415867369707
std,0.1423464029810663,0.09389121730710162,0.004677568295238651,78.58784934450169
min,-0.19291518656609735,-0.44809317684527583,0.00131157047411704,0.247007116406251
25%,-0.1052171353298319,-0.39841163219416914,0.007035031683800185,5.752915856917932
50%,-0.03006940541063063,-0.32534239643280694,0.009709205602402099,15.213318149772007
75%,0.08414039517149395,-0.24846207778125798,0.013557688375240498,33.01522399746936
max,0.3043856451799308,-0.014043145420206751,0.025041239582585414,647.7175260357113
