,X,Y,SPEED,CURVATURE
count,180.0,180.0,180.0,180.0
mean,-1.299156923500039,1.2862952371701821,0.015920511172697698,35.44363874875397
std,0.2544442774912214,0.44389894166410143,0.009195168410388258,125.87691089369088
min,-1.853514770779332,0.1996252508114084,0.0014542637817644636,0.0034955893360666956
25%,-1.452633185390522,1.1427656272302005,0.008779047991922424,1.9669405079669602
50%,-1.221752692290189,1.3631055909647047,0.014414523157236351,5.681575399734957
75%,-1.103445039941374,1.6453896565771755,0.022407138959961628,18.48143549809681
max,-1.0028514624613034,1.8435827284844413,0.03842718337707604,1128.1491474867537
