,X,Y,SPEED,CURVATURE
count,180.0,180.0,180.0,180.0
mean,-0.6518241051627692,0.42604937304025636,0.011791392964085108,35.24919573525255
std,0.20239648382154002,0.12173656158648825,0.005277984907344018,88.89971393117011
min,-1.0263644984034042,0.21937265747482396,0.0013300208961042868,0.07161313640010253
25%,-0.8092181820835154,0.32797722523905104,0.007759587189250104,3.8799059997006955
50%,-0.6156713327556347,0.388230334875561,0.011666691875915527,10.297389966064454
75%,-0.5181635085790102,0.5458375749942024,0.015395895607377478,27.527104120199255
max,-0.2336154086437694,0.6436238404022756,0.026420144083539505,884.7541311005909
