,X,Y,SPEED,CURVATURE
count,180.0,180.0,180.0,180.0
mean,1.1332694485732369,-0.4714222015070658,0.009185987356226881,35.05230276206245
std,0.13671541100641135,0.07241367996934185,0.004205620217370682,62.50998022776174
min,0.9524913073986995,-0.6592627543103923,0.0011639660241640165,0.11689275468624216
25%,1.032079966803567,-0.4998042745674688,0.006214764808700051,7.3037950048244245
50%,1.0916328026223505,-0.45388702062993114,0.008728776626326805,15.168289681403799
75%,1.2631413896199368,-0.41894418220505586,0.011279237949432752,33.51350109679519
max,1.3795334444160265,-0.34015254715568527,0.02156030920930269,453.88796784807874
