,X,Y,SPEED,CURVATURE
count,180.0,180.0,180.0,180.0
mean,0.16777315189229836,-0.06750634206183892,0.012127143225625223,185.90617452616883
std,0.15019551854070998,0.17537907276259726,0.005329421817220265,2142.6103361412897
min,-0.12769029630255935,-0.6138003658648297,0.0003612976615104542,0.006176462943427092
25%,0.07616570347429191,-0.08418243369909832,0.00831582300699563,3.2455748054500617
50%,0.17737603958933784,-0.007899150681441553,0.012331712998333222,7.9734562504377475
75%,0.2941490430134699,0.026725296183039697,0.015561490447185366,19.164678392035494
max,0.3826454987673139,0.12303320328566855,0.02491537075283981,28760.581409952643
