,X,Y,SPEED,CURVATURE
count,180.0,180.0,180.0,180.0
mean,-0.8263844330310977,0.20728236488550789,0.014512361143149046,25.15760660067649
std,0.24801169635498754,0.2076274991493542,0.005822959346345344,129.7726122443451
min,-1.2248767652633488,-0.1056737102131122,0.001788095985832254,0.009483063533975709
25%,-1.0451284530102076,0.031328989471689994,0.01014501028875414,2.65293509152171
50%,-0.7937414559489511,0.12013747015332676,0.014414406800331986,6.153204862256844
75%,-0.6227211044122698,0.37529197722268004,0.01875629348160255,13.268216833196849
max,-0.4378351154768433,0.5987881344794365,0.027649265811218744,1541.7574087160924
