,X,Y,SPEED,CURVATURE
count,180.0,180.0,180.0,180.0
mean,0.9201485022800336,1.0403830838543353,0.011029563110022103,171.1899553639596
std,0.20306186603886706,0.17234151773112294,0.00507058189238389,1504.000120758734
min,0.6029506425586126,0.8091639010379529,0.00046292854753755266,0.020217816776104576
25%,0.6762063667549703,0.8980842538974791,0.007048733874827737,3.255330519854533
50%,0.9842158842284073,0.9710118240875184,0.01176358649706963,8.956398784498486
75%,1.0381517951692236,1.2069747659155916,0.014177035564004563,30.58942516656529
max,1.2608846118251125,1.3713637272773085,0.022400440547857368,20050.46485745026
