,X,Y,SPEED,CURVATURE
count,180.0,180.0,180.0,180.0
mean,-1.0204586588385702,-0.06545817433651968,0.015220448324762994,13.254318508545119
std,0.349828843534644,0.2414011409288608,0.005318316911026533,30.909895905823028
min,-1.432702004417521,-0.44395153458920966,0.003647373425569384,0.004624964626144046
25%,-1.3656559282665075,-0.2498851061962879,0.011397443516649557,3.655138030499566
50%,-1.091824544707634,-0.083657212223548,0.016482045080009444,7.040203784766064
75%,-0.7445589404282009,0.10046077185984356,0.01968962906838415,11.975007924084952
max,-0.21145624135670316,0.3898445429274438,0.024292633991011385,329.7552708338632
