,X,Y,SPEED,CURVATURE
count,180.0,180.0,180.0,180.0
mean,0.677518669866285,-0.005575090190538555,0.00860861736907303,62.01986676948089
std,0.07629397147082537,0.07692245662375645,0.0045662835251067254,150.08396227119573
min,0.500833826966542,-0.23666179239382557,0.001364961262237656,0.20375733703528737
25%,0.6403385590596661,-0.03960198468705285,0.0052408538395941826,7.7195112230626615
50%,0.6726161369893618,-0.007569337041948805,0.008308463125770292,20.821679783657324
75%,0.7389834555186658,0.03258881470004791,0.011276791569391278,44.666916641759954
max,0.8197937312300555,0.13953988244804788,0.028806578819577718,1275.187797690572
