,X,Y,SPEED,CURVATURE,ARCLENGTH
count,180.0,180.0,180.0,180.0,180.0
mean,1.207204444444444,-52.112656111111086,0.10831287643880669,7.305089292154004,11.452240624533475
std,0.1860796254812512,3.628866064841006,0.07584774686331842,41.44998996386074,5.590387206864024
min,0.9486,-56.9087,0.0034441980198604448,0.00014637776011148303,0.0
25%,1.0255750000000001,-55.121275000000004,0.045315796739210545,0.02527435263554172,7.577199062805154
50%,1.2333,-53.10815,0.0880674143950608,0.19858575127715322,12.271748940740629
75%,1.349425,-49.22335,0.15537372281088763,1.5141100698327001,16.135735375333176
max,1.5787,-44.9043,0.326750015302219,502.0278263762102,19.465141193629197
