,X,Y,SPEED,CURVATURE
count,180.0,180.0,180.0,180.0
mean,-0.3443455778816383,-0.10520411455211155,0.009394768265637676,82.94115410448362
std,0.13158837864174458,0.10289666271303037,0.0049000366531532025,242.42400803349724
min,-0.5439360769718982,-0.2697611423586875,0.0008688203852583313,0.026160363567529592
25%,-0.4434165697332938,-0.18124947823610832,0.005746498259575631,5.1631831886814
50%,-0.38464918108562296,-0.1412959024580003,0.008759922662853012,16.827164479122118
75%,-0.2560214904200496,-0.0027507313500262087,0.012682393456769081,46.564488767665914
max,-0.07970809675412022,0.0705588239916919,0.024217073374200496,2162.6466859955717
