,X,Y,SPEED,CURVATURE
count,180.0,180.0,180.0,180.0
mean,0.061312556095088996,1.3556256197632883,0.01159094101474186,35.06870793067844
std,0.23219200088196212,0.20181302191648223,0.00526657283932776,124.95969486780555
min,-0.21707506246545627,0.8947676870444435,0.001416620064159548,0.04333793973158862
25%,-0.07702883774339246,1.2011681535950833,0.00808730447950412,2.9133875122806976
50%,-0.02562394965285158,1.4067935625152728,0.010915570076159974,9.376056005945275
75%,0.15144995401362366,1.4788045753788295,0.01541204621696734,24.794262392244573
max,0.5974082539871732,1.6740287872335864,0.023605354390873818,1513.0933077206507
