,X,Y,SPEED,CURVATURE,ARCLENGTH
count,180.0,180.0,180.0,180.0,180.0
mean,0.38161222222222235,0.8513944444444445,0.004259516452211637,58.98448904864166,0.40360964610208633
std,0.10317539043088166,0.052130356292429736,0.0016185310030476078,325.98207795571585,0.21571597951542676
min,0.23870000000000002,0.6940000000000001,0.0002692582403567522,0.0,0.0
25%,0.2806,0.8432999999999999,0.003187103074571572,7.900886149913168,0.23825684641611522
50%,0.38825,0.85755,0.004367346889165064,17.634376931840492,0.4038536394673754
75%,0.478975,0.8897750000000001,0.005352627056477556,45.53036298750702,0.5800757676299819
max,0.5229,0.9262,0.008052484088776554,4354.235515874318,0.7628066768910571
