,X,Y,SPEED,CURVATURE
count,180.0,180.0,180.0,180.0
mean,-0.0972383518682087,1.188833364506376,0.0101391468555957,24.830544970491857
std,0.21777881224035486,0.12139955273525053,0.00459789569151678,46.936070218154
min,-0.4355842850180532,0.9738543792323354,0.0014626933172944912,0.021255091156188288
25%,-0.2512798069173617,1.093134969252928,0.006958907746743375,4.647932441442033
50%,-0.13563290062328914,1.1848874569636327,0.009194386729372851,10.895273395720512
75%,-0.009093656106972268,1.2661885609666281,0.013142663701577819,23.835917349402806
max,0.28371989212783827,1.4456458607652185,0.02519359586903449,349.1410277096358
