,X,Y,SPEED,CURVATURE
count,180.0,180.0,180.0,180.0
mean,-1.5433178947861534,0.6753815116064726,0.012589486294826896,34.066752268439714
std,0.19126565364697207,0.3356443396232493,0.006092306228319453,109.76253643366762
min,-1.8518290238351918,0.106514946444964,0.0015218644079867789,0.009772990045993564
25%,-1.707224429081506,0.35536165881264375,0.007477337475885148,3.871682818978223
50%,-1.5577728218370281,0.7221061786278614,0.01189175631489451,9.837027026212436
75%,-1.317669644709735,0.9855460559994342,0.017035218843662117,20.955334600146767
max,-1.2244488714830035,1.1393632089661274,0.025685013642354093,878.352556492784
