,X,Y,SPEED,CURVATURE
count,180.0,180.0,180.0,180.0
mean,-1.7430024446802121,1.4366072154620588,0.010755531665935911,26.65701537114077
std,0.3100341050209902,0.23050119726352536,0.004574882335518639,45.22229449973691
min,-2.4716231849206904,0.8826450674955261,0.002352298850749529,0.004373015028755119
25%,-1.8887491054547672,1.2805115534525102,0.007360056139011294,5.114550344775497
50%,-1.6613055638745777,1.4572870396158917,0.01085608530670552,11.953141951107568
75%,-1.4872092598232587,1.652087394125843,0.013534181611266257,31.0236915383853
max,-1.382984295210479,1.70964780580165,0.023084744301716455,338.28144343964146
