,X,Y,SPEED,CURVATURE
count,180.0,180.0,180.0,180.0
mean,0.4696885268826269,-0.18546803352386057,0.015841893516976225,66.28350888602561
std,0.30579646590811305,0.2586707383617168,0.0066456522813507675,632.4861139091009
min,-0.05452683175827115,-0.6000989835523673,0.00045187472183987715,0.21968284956012754
25%,0.21693764598806325,-0.4072327449693251,0.012030796338444436,2.020875382331104
50%,0.5005455146275155,-0.16650826712097955,0.015880027890715263,5.516561785153434
75%,0.7295170421952281,0.04658331033959176,0.02007855662062098,15.807024074072405
max,0.9586797999089569,0.149588554850318,0.03189824262691505,8483.01674978207
