,X,Y,SPEED,CURVATURE,ARCLENGTH
count,180.0,180.0,180.0,180.0,180.0
mean,38.762792222222224,18.03435388888891,0.5343602999410894,87.99755876434152,34.17567208836326
std,19.151708316201915,6.92725029819074,0.3296784668128814,1170.4176842678742,25.44227001053463
min,17.572100000000002,2.9938000000000002,0.0015999999999998238,0.00038300808350025923,0.0
25%,24.946675000000003,12.439850000000002,0.2840261915969992,0.004320438183688716,16.050582238946777
50%,32.540800000000004,21.17745,0.4946439143518331,0.008217168195051451,27.608631359098144
75%,49.57462500000001,24.132700000000003,0.7146934917977811,0.04365298280363797,52.15574717667558
max,91.68730000000001,24.4309,1.5326662813541625,15703.125000003638,95.38863153464393
