,X,Y,SPEED,CURVATURE
count,180.0,180.0,180.0,180.0
mean,-0.030088294305233212,-0.4755838930507411,0.012036907235460144,94.08140022056743
std,0.18369001091180176,0.15978768111426964,0.006072416209272156,423.58083989345204
min,-0.28036921231956213,-0.8663538985630647,0.00045867478477957136,0.007213644501532272
25%,-0.16072723069808903,-0.584217874372793,0.0077363589739816675,3.8140395320360727
50%,-0.08347081363833228,-0.4219152324568745,0.012365961399625685,9.112393613340693
75%,0.053265117083835446,-0.35818851953913294,0.015263337305259068,21.85152739546915
max,0.4444200042325875,-0.24757610356622028,0.034871612898286684,3595.6672045354503
