,X,Y,SPEED,CURVATURE
count,180.0,180.0,180.0,180.0
mean,0.9040482520104045,1.3103494038120207,0.011498821359040392,31.639972192272904
std,0.2201877562355328,0.22652822640704057,0.005476672630053295,79.2919456811179
min,0.5742197971607957,0.9884886482621816,0.002302026380280108,0.026772859871654214
25%,0.7004395753633695,1.0686443266789423,0.007409258912766859,3.1602788583180113
50%,0.9019674121343847,1.3700168614044537,0.0106554182770464,10.049463566987068
75%,1.1267903759516136,1.449704169355606,0.01442418548816064,30.03461252142555
max,1.33879728034739,1.6862350450400094,0.02358692231930855,898.5405210240538
