,X,Y,SPEED,CURVATURE
count,180.0,180.0,180.0,180.0
mean,0.34538809115300856,0.2987758579801029,0.014297830891072652,104.78951020071212
std,0.18696624512709514,0.2858943290335574,0.005955106552763491,1063.206325091475
min,0.04135295399694521,-0.28226551945112505,0.0004175679916834134,0.08807720447735773
25%,0.1941545186538574,0.08960275284349078,0.010416916295481003,2.770882926229328
50%,0.30073636564715955,0.35700270363700276,0.014963205929668742,7.415458586029276
75%,0.4985803711290107,0.5542665668016766,0.01786868198303844,16.90747577312832
max,0.6663310414315026,0.6832145543619208,0.030365084762647664,14248.347255756276
