,X,Y,SPEED,CURVATURE,ARCLENGTH
count,180.0,180.0,180.0,180.0,180.0
mean,63.378179444444456,50.511012777777765,0.7667937146230019,0.5490203917390627,73.09991981624836
std,17.464173701631236,11.87621308324597,0.44357563861326416,3.243841572834604,32.94208759100202
min,16.1922,35.1619,0.03010734960105157,0.0006047570357893376,0.0
25%,54.126625000000004,37.1319,0.43514224243467053,0.012337901444556789,56.003176807022214
50%,69.9954,51.851600000000005,0.6411594740971731,0.04808181326057946,72.92842511099239
75%,77.76135000000001,59.975750000000005,1.1519907754120113,0.13697617468687198,96.87917046468701
max,80.4791,75.09830000000001,1.717388407582861,32.34505345872794,136.77049662945285
