,X,Y,SPEED,CURVATURE
count,180.0,180.0,180.0,180.0
mean,1.4795913960174905,0.4157748378486001,0.011979707394497363,92.12345656480106
std,0.2795742993805794,0.20718889477124564,0.006953631563752289,620.6330118171912
min,1.1622762215791498,0.012685878005123111,0.0005829942776798709,0.008455282087104408
25%,1.2380861907462675,0.27106295692005766,0.006483791181010258,3.269363647651125
50%,1.3716112471597954,0.48755940752232935,0.01079510203316376,9.98855436236476
75%,1.7617753655236972,0.5694749781830347,0.016294544026904494,26.27564521338274
max,1.9960907677870663,0.7243578569131057,0.03049160231904407,8188.792021771309
