,X,Y,SPEED,CURVATURE
count,180.0,180.0,180.0,180.0
mean,0.4729935001257607,0.4759948365935411,0.009283329296732565,87.44906999934366
std,0.0663643676581653,0.1486433476422793,0.005730198353005479,300.4946890967566
min,0.29338398285240136,0.25824746153008066,0.00042639927578934616,0.10195115362024207
25%,0.4365488867198142,0.3355082076534526,0.00487768956045353,5.302003495735056
50%,0.46458934099207927,0.46421176991554514,0.007697451271221047,15.504983800727022
75%,0.508984278796556,0.6323220896003883,0.013840239083257632,56.04874373517355
max,0.6337785206831329,0.7092467136313131,0.02533835526036657,3415.1789535198645
