,X,Y,SPEED,CURVATURE
count,180.0,180.0,180.0,180.0
mean,0.43888380102109464,-0.6936685305847865,0.010198896894840187,90.55716050532162
std,0.19841755572793485,0.0591351471332937,0.004870634654146745,538.6416269391675
min,0.2059631091408306,-0.7925032676932227,0.00043854817189527365,0.07562999179002769
25%,0.244361115744116,-0.7345820566586411,0.00659847146294326,5.242041188537651
50%,0.4166757250959393,-0.6999129578985763,0.01022526740701334,13.922261338710975
75%,0.609974152554534,-0.6533242037914382,0.01403155985558836,31.802044234418492
max,0.789806276033371,-0.49351430759144915,0.022680791447800962,7059.133627726064
