,X,Y,SPEED,CURVATURE,ARCLENGTH
count,180.0,180.0,180.0,180.0,180.0
mean,18.51964000000001,21.98837722222222,0.6630351012489777,1.7778731533772512,62.85584578154669
std,1.1060182473769258,19.773051311495156,0.4779822874988798,10.108721912029196,31.753551465797454
min,16.9494,0.31420000000000003,0.02765872375942144,2.7130557616020137e-05,0.0
25%,17.476275,4.9815000000000005,0.29925084149554476,0.002412289312503789,38.2334653179669
50%,18.5177,12.572750000000001,0.6012249126740492,0.012456534415354716,56.88224700807548
75%,19.624575,43.253750000000004,0.8989751122362881,0.08770363634802064,94.3185746214987
max,20.2543,58.0261,2.0248118387889784,92.47666957952491,118.69674027558277
