,X,Y,SPEED,CURVATURE
count,180.0,180.0,180.0,180.0
mean,-0.17035831401447493,0.33294553603553806,0.014908154481590729,14.00537589030368
std,0.40535477514545765,0.14919582158968847,0.0050255498082061294,31.97726368855883
min,-0.7165812670431485,0.13815420178227095,0.003005127650295738,0.2870173069282043
25%,-0.466228797666311,0.2249176378685807,0.011312818445296377,2.202120942006535
50%,-0.3287835707077066,0.31351109527237847,0.014835397948306043,5.795423415454036
75%,0.13322738549226637,0.36458392374631265,0.018600396532908153,15.251080371678041
max,0.7178930300207252,0.7101138809326001,0.026921471522981567,357.52657559122105
