,X,Y,SPEED,CURVATURE
count,420.0,420.0,420.0,420.0
mean,-0.4211517731541398,0.7622673300962826,0.010753704818612202,28.758105460270915
std,0.3863664073864523,0.24187784699237908,0.005178764229811745,110.9105065177808
min,-1.078853051619063,0.1601722226646216,0.0008484238903646965,0.019417097995429445
25%,-0.7761368720573507,0.6423226134221821,0.007684626239900932,2.371143533664079
50%,-0.27463780660427395,0.8403021023354573,0.011116342236222067,4.550191821137
75%,-0.06444064523568308,0.9565283022332601,0.014905373346749866,7.986158473348808
max,0.06591405627898556,1.033500905845271,0.02024398128806842,1394.220733236529
