,X,Y,SPEED,CURVATURE
count,180.0,180.0,180.0,180.0
mean,0.3793705226356534,0.48390821609555246,0.01140238614759726,67.44133294179726
std,0.15727742015738108,0.23073512712452837,0.00644827828405605,278.60853849086016
min,0.09320165508005197,0.24616797694050313,0.000796847598402952,0.04825310623260241
25%,0.2851316608884686,0.326579553304966,0.006207297561079622,3.498511726883536
50%,0.3972817389285259,0.3501406446510762,0.01013445608809433,9.62290163526307
75%,0.4667716737546085,0.6957121992615916,0.01535903497091707,37.48483321902353
max,0.7511902826523397,0.9313455416120223,0.029181983920508324,3415.0286234700425
