,X,Y,SPEED,CURVATURE
count,180.0,180.0,180.0,180.0
mean,-1.2210599368323496,2.247505329805308,0.013460037414496312,22.952922343586952
std,0.3157348288756607,0.2541840735796273,0.007236794832132373,44.23390725023373
min,-1.6972820663871389,1.9109736963574082,0.0014768790800167826,0.16858724577095582
25%,-1.5192037677594685,1.9889745398880228,0.007595477398677733,2.9929158228626243
50%,-1.1438798194375794,2.2650157818413925,0.011894703984177503,6.831108880746817
75%,-0.9250791494423939,2.432323137861765,0.017913626763997263,18.20261224007587
max,-0.7996310498807138,2.901977143126873,0.03634746996791613,332.51036486975255
