,X,Y,SPEED,CURVATURE,ARCLENGTH
count,180.0,180.0,180.0,180.0,180.0
mean,-0.5795688888888887,0.4317233333333334,0.0061369256142359465,5.859881465549156,0.618808192938741
std,0.14714573450534024,0.16063685131376304,0.0027757563979541764,6.14932731394312,0.3171381975431485
min,-0.8118000000000001,0.2437,0.0017117242768623457,8.9640760962258e-12,0.0
25%,-0.71645,0.30652500000000005,0.004009123956922678,1.1741126154651091,0.38146272417680904
50%,-0.5967,0.38370000000000004,0.006063909476323219,3.558511900413502,0.6987761234899832
75%,-0.41385,0.524675,0.00781684045410475,8.973729851677975,0.8698073101430728
max,-0.3996,0.8044,0.01150880098011953,33.264797728657506,1.0990520940413984
