,X,Y,SPEED,CURVATURE,ARCLENGTH
count,180.0,180.0,180.0,180.0,180.0
mean,6.0560399999999985,12.313936111111108,0.1859808883646126,0.6707012261282839,20.40679724105346
std,6.369113854034454,0.37340820755685805,0.10517018030806995,2.5501012423046077,8.817049660562942
min,-10.617700000000001,11.8489,0.017200654057331545,0.00023371878764135952,0.0
25%,3.35165,11.929075000000001,0.10918563900643279,0.006212362357022503,14.916883977340012
50%,7.7203,12.28485,0.1595220779238578,0.01667030383588282,23.093108727308163
75%,11.3587,12.650749999999999,0.31233521081713617,0.08538346109747434,26.27920402613492
max,12.8017,13.0617,0.3518390327976704,18.33552313523557,33.286311189605605
