,X,Y,SPEED,CURVATURE
count,180.0,180.0,180.0,180.0
mean,-0.8246245240273489,-0.5464407372802356,0.009946032465933334,86.91753144946266
std,0.24630476017776373,0.17190613427758797,0.005014502750397749,313.65595994209355
min,-1.1256089222361674,-0.7794942926243291,0.00010554792524027937,0.5755148955599487
25%,-1.0317139221512501,-0.6649423372059959,0.005961695812434838,5.436959103037768
50%,-0.9437941122599621,-0.6110504650129978,0.01005917664845931,11.774448742844505
75%,-0.674994642879634,-0.39196396774200326,0.013284082820121196,33.61495146947511
max,-0.312306790067288,-0.20169098850937614,0.021668238096415344,3313.411553403445
