,X,Y,SPEED,CURVATURE
count,420.0,420.0,420.0,420.0
mean,-0.37591958896383537,-1.175843247628279,0.008907837102941149,17.786976676636318
std,0.27611009519384283,0.27441694018557466,0.0047977758714385825,69.11951733836847
min,-0.8632033454857494,-1.5248732125814966,0.0007747408407999311,0.012188024817488754
25%,-0.5572429626778574,-1.4414817127527726,0.005814663769358885,1.3268610696746712
50%,-0.3643315075814564,-1.2090761786097284,0.007567169547726236,4.479517157149845
75%,-0.1375459540729616,-0.9307045811872251,0.0119762034031325,9.932517383943177
max,0.1368011052833143,-0.7055518388773716,0.01975107912428472,1067.7370152455906
