,X,Y,SPEED,CURVATURE
count,180.0,180.0,180.0,180.0
mean,-0.23133596872835038,0.3555764580145499,0.009496370504830424,73.3792756002331
std,0.045291150911141935,0.13227461515191433,0.0046997047175239195,275.4128416461945
min,-0.37310054535511816,0.1679675499413186,0.0006523560993948179,0.17888379618197386
25%,-0.26552278917521943,0.24079074340457218,0.005589709640777225,4.148682588698989
50%,-0.2283316178973016,0.33605044808952433,0.008729118966581816,12.438381140807087
75%,-0.20654276811071426,0.45620242198443206,0.013128389119411452,43.46124421202139
max,-0.14793964410547875,0.6020570869849261,0.02232523288549719,3073.908912847725
