,X,Y,SPEED,CURVATURE
count,180.0,180.0,180.0,180.0
mean,-0.27839029312877756,1.4529037459386058,0.009125117647376184,201.95498864498225
std,0.09753532173101172,0.07583764646384139,0.003989914006618375,1937.112319137216
min,-0.4365248838544887,1.2150337171897854,0.00018852132847070556,0.20620400491851212
25%,-0.3547595926764593,1.4250878914215024,0.006010499546909352,7.638582806408131
50%,-0.29778271340039975,1.4729241576097163,0.009011206884616433,18.367177349892096
75%,-0.20709577258036516,1.5038914916549662,0.01192326074078063,40.764401909352664
max,-0.0010712720523525711,1.5532734653360232,0.017504552096532386,25860.733617252365
