,X,Y,SPEED,CURVATURE
count,180.0,180.0,180.0,180.0
mean,-0.5190171879472637,0.6577920688628213,0.00786786917278476,116.44311599384444
std,0.07138876878573584,0.13260875830778893,0.004068543098013671,424.89234450522434
min,-0.6510302517141916,0.45720872942137053,0.00038133560355321756,0.2359911114682841
25%,-0.5882760451799361,0.5346400261717028,0.004549701119481091,7.559795800356294
50%,-0.5112653388608229,0.6825971368615273,0.007267375229493773,21.373020897549758
75%,-0.46023963143264224,0.764628772578329,0.01045334433507696,58.61634492520878
max,-0.3990376112014329,0.8651996549424068,0.018852209296885584,3770.670632762723
