,X,Y,SPEED,CURVATURE
count,180.0,180.0,180.0,180.0
mean,-1.0809598171350188,-2.2733022224314214,0.015096762166051976,47.995790256007076
std,0.48400005039851524,0.34568552250538553,0.0059672850809217555,324.5322747457953
min,-1.8311507949986723,-2.995235670346075,0.0008173679581524611,0.07753320487919019
25%,-1.4989229877399428,-2.4935198614049057,0.011365571493773385,2.381567296269828
50%,-1.0401460495519457,-2.1416424274148085,0.014686677767729882,5.913146392718843
75%,-0.8047784016782915,-1.9857159944642429,0.019347201242793474,14.95658649101187
max,-0.10770444276858321,-1.8783951535374948,0.028921387850874204,3843.664916110578
