,X,Y,SPEED,CURVATURE
count,180.0,180.0,180.0,180.0
mean,-1.8919530046002575,1.6096175729960924,0.011631364911556849,46.899092311893135
std,0.30268654045400495,0.13435149695097384,0.005981256578049945,113.47383326728885
min,-2.32653321428217,1.3749290861194225,0.0013904390105579463,0.13279789617001686
25%,-2.0928192645194157,1.5129291170975296,0.007276349190406153,4.078973301600131
50%,-1.9499803491399574,1.6164145474093228,0.011019347800796891,10.495084138390105
75%,-1.616028880418734,1.7204588892635382,0.01614815673329778,26.576809102500626
max,-1.3342683574910166,1.8382577960100954,0.023839919708799878,664.7488521845271
