,X,Y,SPEED,CURVATURE
count,180.0,180.0,180.0,180.0
mean,-1.4106187045726455,2.1273597192776004,0.012709637047413153,24.89473100186183
std,0.09086484863441198,0.30883229322324557,0.005443575830672434,79.16081996559082
min,-1.6216682111459888,1.648207295154737,0.0016731156340095677,0.15740252834155663
25%,-1.478627828633552,1.801480641792271,0.008615822025778885,3.4268784744344374
50%,-1.3882714043025919,2.1833664612604533,0.012019142278738213,8.403369997121455
75%,-1.3425116801753212,2.455891403310103,0.01626170094778024,19.91356533214698
max,-1.266800006201578,2.562111176680836,0.0269770549278446,754.0976931270721
