,X,Y,SPEED,CURVATURE
count,180.0,180.0,180.0,180.0
mean,-0.053735131173974764,0.055836697676799454,0.011945883208377656,52.23429159015249
std,0.16705611284974942,0.30872525712546656,0.006420210259631617,133.90821435354545
min,-0.34024048026872367,-0.5765355787716138,0.0016096473752021186,0.006698047864964579
25%,-0.17293140674382293,-0.1572427748899207,0.006517316283384071,3.9300110831145076
50%,-0.10798344245280267,0.13715476096473517,0.010920439602620291,10.770675699480485
75%,0.13471815409304,0.27352326210142236,0.017524105720150847,39.974406120402804
max,0.20343301100704506,0.44253096244918555,0.025018051405793,1220.50412200612
