,X,Y,SPEED,CURVATURE
count,180.0,180.0,180.0,180.0
mean,2.11914948843527,0.5802956357832396,0.012638577367659201,25.998920646394065
std,0.23895600985004462,0.29174504631786463,0.005507950735329057,77.48895481935106
min,1.6842591214405676,0.030349057013082863,0.002611083735973905,0.026877636252333626
25%,1.9438343709367703,0.38717885278349695,0.008432434442785752,3.4130886815733694
50%,2.0473389932486166,0.6729555686288801,0.012014060044872404,10.69646515414072
75%,2.32188112998778,0.8012303061208826,0.016183672115722997,24.8508669164042
max,2.5304303215320827,0.9781790798365465,0.028806102125996148,924.8234308292843
