,X,Y,SPEED,CURVATURE
count,420.0,420.0,420.0,420.0
mean,-0.5931674448948465,1.4803473260783644,0.009145414395263958,29.155673689187804
std,0.25835742850109844,0.23804503943183766,0.00463381458312248,117.55383638935412
min,-0.9756278914586596,0.9519694598177362,0.0005822836539550983,0.016664446179192303
25%,-0.7916242520549082,1.2582535016957113,0.005338857480764166,1.97491727594426
50%,-0.6420694173747161,1.5656040732987013,0.009158834408269582,4.616742742954707
75%,-0.418370727653113,1.6877394188387151,0.012624700745765357,14.575889193419107
max,0.010654483053159906,1.7939747090524738,0.021890666946232967,1635.0757195721653
