,X,Y,SPEED,CURVATURE
count,180.0,180.0,180.0,180.0
mean,1.1428305829615713,-0.1796222189867823,0.012094866034563107,22.9262434038176
std,0.17349640067134284,0.15308511956666843,0.00494651084896249,61.149031046832974
min,0.7145357151282449,-0.4267831272848174,0.0014738690329581495,0.2975899378280391
25%,0.9623745446249943,-0.2866110184182748,0.008750015975874534,3.321657492397657
50%,1.214848865582626,-0.18698453687007954,0.011676124360601777,6.992101599098636
75%,1.3011096965912101,-0.09207580658595581,0.015613664083331978,17.596671822071006
max,1.3625991404716793,0.23940692039560954,0.024368758529495906,720.336151490308
