,X,Y,SPEED,CURVATURE
count,180.0,180.0,180.0,180.0
mean,-1.206364164289712,1.1621647673844258,0.013919113853691127,28.303134405919895
std,0.35098446872600325,0.17196724858915088,0.00538752189599672,147.69372334878554
min,-1.7719768694285962,0.9430546484526144,0.0015575364354411918,0.026268942381939726
25%,-1.5237359003535362,1.0256204680986194,0.01050170963478199,2.7942840469078325
50%,-1.1918588909227286,1.126614791068677,0.014215628152886179,6.17553400247534
75%,-0.9134605233034425,1.287981888919468,0.017217683692857172,17.607359289105773
max,-0.6878784165095129,1.4895819848629905,0.027182273437253573,1929.3578919259337
