,X,Y,SPEED,CURVATURE
count,180.0,180.0,180.0,180.0
mean,0.0673865788700975,-0.22711085283297988,0.0114921328213748,40.601470922274366
std,0.1925247620080546,0.1310336887827889,0.0049626603554839424,104.9987864162543
min,-0.28911347584516073,-0.39929984901732957,0.0009785039216634033,0.01606110443707468
25%,-0.0038162097374533875,-0.3494925800509047,0.007088757750292696,3.2524405185208494
50%,0.05653532392834322,-0.2530523747562686,0.011470005489726242,9.543670757006968
75%,0.22007664547552544,-0.10392063498419489,0.015420170521049903,36.77164443135962
max,0.39897202191891895,0.002223790976578805,0.020523277072460135,1012.4893137059881
