,X,Y,SPEED,CURVATURE
count,180.0,180.0,180.0,180.0
mean,1.3034577196096504,1.1390232841416283,0.01029816232295188,59.91201856054444
std,0.09618141890557176,0.19376788429067773,0.005724308188507477,184.0086295829564
min,1.1424703798455034,0.8896690444413,0.0010912206709815485,0.03536375032013204
25%,1.226481660628493,0.9808082546002096,0.005710021450505482,5.4087428261675505
50%,1.302002296474082,1.041717837874752,0.009489155052021248,19.659495212208668
75%,1.3776376424749972,1.349301146070906,0.014019737509230001,45.330204964066155
max,1.4901427613940326,1.462480166224231,0.025410440461193402,1673.2714284253777
