,X,Y,SPEED,CURVATURE,ARCLENGTH
count,180.0,180.0,180.0,180.0,180.0
mean,-0.44291166666666676,-1.432062222222223,0.004946049223831942,19.16286191563217,47.34598844516289
std,0.1233513260555589,0.17716022390362235,0.0019271001365232855,34.043440437603955,32.21618402581776
min,-0.6864,-1.6092000000000002,0.001702938636592694,0.16008218808475888,0.0
25%,-0.553175,-1.5710500000000003,0.003544005654128406,3.8587277028926827,19.644074112250532
50%,-0.42860000000000004,-1.5336,0.00450208207862819,10.300565191399164,42.30118455777128
75%,-0.31657500000000005,-1.2907250000000001,0.006327850384360625,25.30856438576766,73.27728149927461
max,-0.29550000000000004,-1.0569,0.010019231507456027,319.3643095374888,112.0530908387226
