,X,Y,SPEED,CURVATURE,ARCLENGTH
count,180.0,180.0,180.0,180.0,180.0
mean,0.16850611111111108,0.3816049999999999,0.004783276450167063,28.24380033773264,19.69376532043015
std,0.045649199377277884,0.13959245240397644,0.002148720487436166,58.21073046325887,11.497826918572118
min,0.07390000000000001,0.1024,0.0006184658438426416,8.932650404459208e-14,0.0
25%,0.14745,0.290875,0.003067624136901235,2.9956030055308656,10.623436710917852
50%,0.167,0.42390000000000005,0.004576915175544698,8.874535511243508,18.222923434861254
75%,0.19337500000000002,0.500275,0.006719699259356417,22.640633866449832,28.26739302653803
max,0.2556,0.5611,0.008811498170004919,443.85604581815255,42.629245211113094
