,X,Y,SPEED,CURVATURE
count,180.0,180.0,180.0,180.0
mean,0.44502621364524136,-1.4449589740140028,0.010753441150317556,41.65991623578411
std,0.18469700880073975,0.19249732094726682,0.005269607037586959,83.46491392254083
min,0.12263679156939619,-1.7869309493974992,0.0014909645068939088,0.011673237053921672
25%,0.28849332166139907,-1.6047593166037064,0.006591589986489874,4.566201838065075
50%,0.4727135630331931,-1.4648408614831099,0.010683426485915155,12.321125377828007
75%,0.6153424695284442,-1.2437333734301366,0.014251676089396325,26.78926602683147
max,0.6956716118816455,-1.1594005190105492,0.02243728065659418,460.3897762964029
