,X,Y,SPEED,CURVATURE,ARCLENGTH
count,180.0,180.0,180.0,180.0,180.0
mean,0.21008611111111108,0.17116888888888887,0.007167545898086389,37.58522214360858,23.312225523751582
std,0.09640851150669902,0.1736859367170632,0.0037394163077732875,134.41950528587324,17.769623375996463
min,-0.09480000000000001,-0.0981,0.0006403124237432924,0.021584498751381475,0.0
25%,0.16442500000000002,-0.0036250000000000006,0.00440234250593558,0.9406168192490747,7.177681622999724
50%,0.21815,0.18645,0.007047734124983875,2.7800548141114447,19.90759240294387
75%,0.293725,0.35507500000000003,0.009955808729809818,15.51024543968618,39.35881579791054
max,0.3235,0.3915,0.013323756977669623,1131.3708498984672,54.863420845217334
