,X,Y,SPEED,CURVATURE
count,180.0,180.0,180.0,180.0
mean,0.24095275517735107,-0.04681923002629685,0.011422065819052788,104.50803587513627
std,0.11157220925730502,0.3577680018173703,0.006269824983943964,443.40172393552996
min,0.026352185824044267,-0.739473038641667,0.00036413704853184353,0.031078841973043003
25%,0.1897863111787969,-0.32823666112191485,0.00668321415282705,3.342731652918056
50%,0.22473454857848857,0.06997745283650728,0.011273812481776349,9.422904005413214
75%,0.2996130808886541,0.25732572530836767,0.015604759884825774,32.81120093270482
max,0.543023638988268,0.35580358328749645,0.029415528788994078,4849.778062481577
