,X,Y,SPEED,CURVATURE
count,180.0,180.0,180.0,180.0
mean,-1.4546729672630425,-0.2569469724254333,0.009699358086866802,593.1262595036363
std,0.1889887983372055,0.2050547177936964,0.006741270156124405,6494.780143195634
min,-1.8520565448514512,-0.5518915798506748,0.00013667936605855143,0.30398214557189634
25%,-1.5742781615532193,-0.4541429618518871,0.00513021755002809,7.519449272935883
50%,-1.387357155377567,-0.3325895614083757,0.007986316428476418,19.56718777676211
75%,-1.296557925861791,-0.0988668845729456,0.012451313532995598,56.29644082979624
max,-1.2016205327003187,0.0890028785603315,0.0314476844334147,87106.07195216365
