,X,Y,SPEED,CURVATURE
count,180.0,180.0,180.0,180.0
mean,-1.151786554357999,0.4643388083784301,0.010633961404931088,47.467623483620585
std,0.11049843433137012,0.345784733955774,0.004964595853526139,159.6338665137041
min,-1.3789103927958688,-0.29093384782501036,0.0010744775078007673,0.031579852195967206
25%,-1.2418863608323747,0.24718942361657625,0.006304583184569703,4.811936088880663
50%,-1.1356880106009548,0.5725183635936826,0.010187661040820795,11.708134653748946
75%,-1.064092105696795,0.7713051151968906,0.014793166763982598,40.480900108696005
max,-0.942792433770004,0.8640237142717281,0.0214007915264381,1992.0751682691384
