,X,Y,SPEED,CURVATURE
count,180.0,180.0,180.0,180.0
mean,0.05133444460250053,0.0034999075484376894,0.00894858334352446,91.196364154389
std,0.15054000876285906,0.21119246188400662,0.0049586875272990185,266.0260589108447
min,-0.1696137249937501,-0.3898003770988935,0.000804240560604801,0.2210850582932441
25%,-0.08031431084349294,-0.0995031985024748,0.004786428286377808,7.137473985226833
50%,0.0069555658786943746,0.03329518441053492,0.008784070800554072,15.40446091328415
75%,0.20918681590222654,0.1426482526902218,0.012680258965057664,60.671960115212784
max,0.26540508518749545,0.2938199620449579,0.020066147832021753,2430.6893840329767
