,X,Y,SPEED,CURVATURE
count,180.0,180.0,180.0,180.0
mean,0.3167071137356809,-0.7518469973775346,0.01408200359266199,37.49137914805347
std,0.17297754940320612,0.4900538050998317,0.00730399593605546,150.86162337495514
min,0.12180070641589776,-1.5098489864539058,0.001642529294354994,0.0042820250384505085
25%,0.16962439150576158,-1.1600769584872985,0.008182749800285504,3.2467578225083678
50%,0.265223931982949,-0.8411559036912237,0.013078632796348983,7.683005593210021
75%,0.43703368542815224,-0.3832706110365813,0.020144257421376325,18.879319665671808
max,0.7414732222452,0.1113964044017677,0.03153013905196678,1569.7847838415385
