,X,Y,SPEED,CURVATURE
count,180.0,180.0,180.0,180.0
mean,0.423055032606992,1.5308968907988443,0.010500380709497362,122.41559981090676
std,0.1892048633098525,0.18298918368491648,0.005970212258238738,546.6047906570174
min,0.005730245284440238,1.2287550786478911,0.0006496230523693736,0.05918019669506548
25%,0.29298023114846933,1.3280898902504639,0.005288924500041326,4.3365498644053595
50%,0.3889508212023609,1.5744949279081268,0.010423400740712602,11.093795450471788
75%,0.5964232203005015,1.7042500191518404,0.01462563158691456,36.408130410887125
max,0.7191170795464333,1.7593605311485392,0.028577640857728466,5420.382893221597
