,X,Y,SPEED,CURVATURE
count,180.0,180.0,180.0,180.0
mean,0.05132885956093612,-1.1057799763698177,0.010992538209716879,52.33553800032446
std,0.15148814107984923,0.26413944921582055,0.005795364556188969,253.58961225384977
min,-0.19592556742954326,-1.474493925530804,0.0007305180679548153,0.0002344116298753894
25%,-0.11634924180425492,-1.3786670617823722,0.006763563368058722,3.8850887334107957
50%,0.09488590450094692,-1.126209517922444,0.009950928128272694,10.022820801009125
75%,0.1794095080864871,-0.8253761918782374,0.01424048553609119,26.70871074244471
max,0.2595553171578844,-0.7389874944667905,0.030451069884755332,2944.295715408114
