,X,Y,SPEED,CURVATURE,ARCLENGTH
count,180.0,180.0,180.0,180.0,180.0
mean,54.46431888888887,36.99112499999999,0.5334824718511795,0.9255067928539118,44.638611223365515
std,11.331510506812844,6.765398487339825,0.27829053626595956,3.8983339649558357,28.62075943269245
min,33.4437,25.634800000000002,0.028390359279166184,0.00027544954818448737,0.0
25%,46.053450000000005,30.357075000000002,0.26905375353477623,0.0397189979491587,19.59550634704876
50%,56.071000000000005,38.1023,0.5376889529843336,0.11029773083949171,48.21937199516097
75%,61.060475,43.431400000000004,0.7639033703233087,0.4360740877396939,67.03465074390226
max,74.9942,46.4714,1.0669868462169536,41.854571100067275,95.81387672467577
