,X,Y,SPEED,CURVATURE
count,180.0,180.0,180.0,180.0
mean,0.5710597281058831,-0.21092844140811728,0.007782351274204273,181.6950472635787
std,0.1989854429714571,0.13934101352279488,0.00411700826807028,966.0449649224927
min,0.12621074869067053,-0.45170435855697366,0.000461184741151663,0.38786090725039957
25%,0.52850703992732,-0.3413670273414246,0.004840835901036693,6.916444155560879
50%,0.586365744648343,-0.22623343900842735,0.007543706529710479,21.932634892669867
75%,0.71930953918931,-0.07769485344191161,0.010547509358935581,60.70349409708739
max,0.8359232000720063,-0.011676648554579607,0.019373074078922182,11936.276509066765
