,X,Y,SPEED,CURVATURE
count,180.0,180.0,180.0,180.0
mean,-1.322457598769132,-1.9346833054267178,0.013620655983347725,32.051635044997084
std,0.2741716556350847,0.3344269664248837,0.004664237670739336,195.625856553404
min,-1.7080961183078935,-2.3420147506688043,0.0012608609874961688,0.03523358539279645
25%,-1.589718873164564,-2.2653870679459227,0.010116824229439965,3.0721362437966224
50%,-1.3199649839549652,-1.9526711796628953,0.014457709877037407,6.52543035741486
75%,-1.0754234033551584,-1.7065509553281153,0.017410451518795687,16.029767271087447
max,-0.8580827866603765,-1.2962695273234495,0.023167515650357358,2583.098970665354
