,X,Y,SPEED,CURVATURE
count,180.0,180.0,180.0,180.0
mean,0.18563374438168717,-0.15891480153198304,0.012159210278080241,33.84764823691445
std,0.2176329532996193,0.21878421106851817,0.0056868994296990875,86.66844746161043
min,-0.09937458136659029,-0.6293207051417147,0.0014016445378299991,0.05728865759125629
25%,-0.04457522512500148,-0.25022259914233685,0.00768327627436787,3.617224995773583
50%,0.18443420616261474,-0.1763749079343161,0.013176881511249974,8.447475544026457
75%,0.42898481233932306,0.030924487451503065,0.016002907908063267,20.875512537487175
max,0.4845338458260323,0.16111474486048846,0.024375655305971775,773.4013663491967
