,X,Y,SPEED,CURVATURE
count,180.0,180.0,180.0,180.0
mean,0.19709042570331345,-0.08872764880633269,0.009746510557403736,50.3849912066584
std,0.10691498742128747,0.21678518004128808,0.004843091535621696,118.9517692020688
min,-0.023652435460753324,-0.558479410022788,0.001138098479740522,0.03563624740046862
25%,0.1465206257984072,-0.19956379768844928,0.005381073037070657,4.514292600162817
50%,0.19391807880123613,-0.13419441506093333,0.009996864384788804,14.425226266476088
75%,0.28242108525361875,0.14827891908049642,0.01273396803801009,35.12323377829321
max,0.3922051536260129,0.2192097664840243,0.020491808851325115,882.4611493272907
