,X,Y,SPEED,CURVATURE
count,180.0,180.0,180.0,180.0
mean,-2.4271883150588818,0.810853173286648,0.011064619343748559,38.87695763309401
std,0.16326850440247137,0.10903706165010785,0.005276932246519365,94.34102936214138
min,-2.729923797527032,0.6308602586277625,0.0014954800209891737,0.014364781223394282
25%,-2.544417446095627,0.7109112389460329,0.006925454805372887,3.6338594297258275
50%,-2.418452155853238,0.8437969834323082,0.01032669421123251,9.282503236586745
75%,-2.27982018896337,0.8875435470715629,0.01500586511284949,28.253400581681397
max,-2.187612367079074,1.0848904235876158,0.02241586592153143,871.6099791031711
