,X,Y,SPEED,CURVATURE
count,180.0,180.0,180.0,180.0
mean,-0.3305703537730489,-1.302270746565615,0.016517071009411022,14.135374453494467
std,0.3058246161691919,0.306354519361731,0.006529947350473434,48.923511381899765
min,-0.7565450086904616,-1.8427886342435928,0.0018931928738407239,0.07395537885479235
25%,-0.6195471146376224,-1.5378954484896705,0.012086989071279253,2.4453986857073913
50%,-0.39220243904601493,-1.3375067114690755,0.01669991925665104,4.839205078452836
75%,-0.08331593422298153,-0.9960031381416229,0.019281307300617553,11.6437993375051
max,0.20405740483201038,-0.8206337129206858,0.03286896502035512,623.314545483265
