,X,Y,SPEED,CURVATURE,ARCLENGTH
count,180.0,180.0,180.0,180.0,180.0
mean,10.976628333333329,-36.97963833333332,0.34103193238227303,0.4003346978717097,28.458459853133242
std,6.149057036908928,4.259319255786338,0.11454140665787045,0.5597228939095604,17.31664034455006
min,0.0064,-43.591100000000004,0.13116578250443214,0.0030560158294858203,0.0
25%,5.864850000000001,-41.0626,0.26046267778526666,0.07180107723040556,13.553239181950032
50%,10.3604,-37.095150000000004,0.32991168511719005,0.16749826540494464,27.296741614879593
75%,16.334675,-32.7401,0.41630343298887673,0.5020034501104552,43.848160756900036
max,21.0381,-30.323600000000003,0.7247545791507626,3.9659782885814745,60.8599429254333
