,X,Y,SPEED,CURVATURE
count,180.0,180.0,180.0,180.0
mean,0.6279701119484029,-0.6743853648641699,0.011936074765605478,72.59291032292568
std,0.20442020397241337,0.2693345661932211,0.006943864724245473,235.82344201990202
min,0.18646534109560026,-0.9510674299020169,0.00032020245246488794,0.18423306842077672
25%,0.6035955366301722,-0.8365356013489865,0.0062393761680938145,3.1730443098010697
50%,0.6816752117334315,-0.7687947452522383,0.011667473018792507,9.139365348611204
75%,0.789010143936752,-0.6442757868231059,0.017328182643834598,36.987334417930825
max,0.8770859624482444,-0.023451016358448012,0.026651192577529435,2535.435412074129
