,X,Y,SPEED,CURVATURE
count,180.0,180.0,180.0,180.0
mean,-1.1614217175918522,0.13027360211387032,0.008972476186183088,95.56877778989565
std,0.23710708987544735,0.08330278493430314,0.004422655882121547,338.1107785510958
min,-1.5966534890293844,0.02307805027968099,0.0007246523313889585,0.13752776362288174
25%,-1.4165226818606065,0.050338209385857556,0.005784805586961845,5.7425524933936405
50%,-1.034145847538703,0.12587009485270975,0.008591671084829968,20.097648182546187
75%,-0.9587983076124873,0.19050526560926048,0.01155880180719165,46.91444426664576
max,-0.8898269079514292,0.3548027715843058,0.0193423123609057,3033.1721160230377
