,X,Y,SPEED,CURVATURE
count,180.0,180.0,180.0,180.0
mean,0.6024492906678267,0.47209410397049073,0.011154789896324867,66.92856735531647
std,0.1910292469815563,0.24212645048756545,0.005049678617510079,297.40225322262404
min,0.1690391420307735,0.03187456017717036,0.0006688154450899683,0.2670833825126731
25%,0.5348776153797924,0.2809090774303875,0.007650270025459378,4.082049338085761
50%,0.6880419399176242,0.5566106076686613,0.011222323785613265,8.434666909021276
75%,0.7380783002311557,0.6356809405662174,0.015086127977258569,23.901623064446873
max,0.8105844235580945,0.8323358398430412,0.023064519783099334,3411.750764401351
