,X,Y,SPEED,CURVATURE
count,180.0,180.0,180.0,180.0
mean,0.704403886558577,1.600138817225152,0.01192561662531936,125.10931723230647
std,0.12683088226320668,0.299607242167579,0.008887596318853481,976.7459677120426
min,0.4156246609099434,1.3178050581292007,0.0003947760881166786,0.07268574538161135
25%,0.6346040031132982,1.411262008863754,0.006565395613634814,3.6803304231829115
50%,0.6941306769021907,1.4804735595624847,0.009403202116035797,12.513307385199308
75%,0.7952925803872619,1.6691319207049422,0.013404516469172532,31.095411725788026
max,0.9786747908275252,2.6025831777316615,0.042868473479855805,12900.741611370931
