,X,Y,SPEED,CURVATURE
count,180.0,180.0,180.0,180.0
mean,1.7217315434733373,0.3756646841743769,0.01303949445045105,185.81308848769893
std,0.32149923217978327,0.2327828343204181,0.00638931842759315,1993.3025500991748
min,1.1656755980560876,0.0197511013070077,0.0003904928804874027,0.04388152390868066
25%,1.4586398652487262,0.2373606017491422,0.0076047581330675506,2.0921362911837456
50%,1.737661170364766,0.2910156864704318,0.01327037539186807,7.395365748205018
75%,1.9432139422397723,0.36303729035973653,0.017921160176910807,20.06694989244591
max,2.2676671086563,0.9363962603322966,0.027632155047731283,26695.05405202165
