,X,Y,SPEED,CURVATURE
count,180.0,180.0,180.0,180.0
mean,-0.026639850134121415,0.24721019186112778,0.008737413417757734,807.7603092805875
std,0.14982214894257068,0.3391206710437373,0.005196556255298,9890.126240884
min,-0.29538469141692203,-0.2604577504669905,5.399142193275716e-05,0.1671063842239702
25%,-0.20854575459831148,-0.09241769146084416,0.004547222027888372,7.067394136725609
50%,0.03938853584666498,0.19489318047000792,0.008213844387996806,17.58902564257765
75%,0.10236074651397278,0.6229980789349132,0.011868521703335268,51.46128679808919
max,0.119094660658678,0.723019200848137,0.025218910877263495,132735.06009659186
