,X,Y,SPEED,CURVATURE
count,180.0,180.0,180.0,180.0
mean,-0.05597169382436145,0.5802700284965432,0.012630693367011399,46.291279745636906
std,0.13163449551105208,0.26660068974428164,0.005700593578840379,195.7740826036327
min,-0.3669459187646916,0.131926627820211,0.001029176718447178,0.013686151029990075
25%,-0.09277362315245391,0.3487971857187995,0.008203940380158266,2.8441201934540814
50%,-0.045988257315925166,0.6072159843561379,0.013114404580923802,8.341234154690198
75%,0.015405324954226009,0.8592627317505038,0.016768772806736124,24.291458325614713
max,0.17763916648755,0.9136243967671549,0.025986612565680526,2283.448518248443
