,X,Y,SPEED,CURVATURE
count,180.0,180.0,180.0,180.0
mean,0.37972173539958365,0.8159074109749963,0.010555253545971303,125.88910484590633
std,0.13878109598398472,0.13931129602290557,0.004967184376179304,1161.9005467413863
min,0.08801287040964346,0.6238469425704992,0.00035749825695784946,0.0727890594593567
25%,0.2923824206534449,0.7207697755671617,0.006399574014236577,4.751293765833171
50%,0.39819156386137927,0.7547018136296444,0.01051692792887785,11.111228626453808
75%,0.5004564658664963,0.9268562799495704,0.014469211390199414,38.34862539039977
max,0.5728080425462738,1.1022060457025977,0.02473480655786707,15582.035836660361
