,X,Y,SPEED,CURVATURE,ARCLENGTH
count,180.0,180.0,180.0,180.0,180.0
mean,-1.1500827777777778,-1.4794355555555556,0.005567025746462843,19.05889514047959,131.12278072256808
std,0.20679455673723976,0.14635760392253833,0.002184637679942206,29.66261854204982,86.38927157952672
min,-1.4149,-1.7086000000000001,0.0016530275254815828,0.15627931873806308,0.0
25%,-1.3359,-1.596825,0.004055166086321314,2.4715539941159936,54.029039615509944
50%,-1.1699000000000002,-1.5346000000000002,0.004995536564447053,8.225427691155904,123.78818292479808
75%,-1.010825,-1.319175,0.007110010981166248,22.62878827850338,203.6602161055919
max,-0.7716000000000001,-1.1934,0.010775087006609197,217.51654838009546,291.2909837701078
