,X,Y,SPEED,CURVATURE
count,180.0,180.0,180.0,180.0
mean,1.2810971428913205,-2.067071524253968,0.013123162524347302,21.585417153892124
std,0.2856417460884822,0.21594828922477413,0.005921812183180057,35.82776327484839
min,0.6932730348574615,-2.439622154663501,0.0028396701358557536,0.06514806939728288
25%,1.0465658197611405,-2.258074098702613,0.008148408796112512,3.408992038746488
50%,1.2424155265454675,-2.0397610623170475,0.012074486825758426,9.333778391690016
75%,1.5255614014674093,-1.9084641692745103,0.017945254622903008,25.452406246451645
max,1.7912703250151842,-1.6924502900327756,0.02603132816225778,346.3144277957413
