,X,Y,SPEED,CURVATURE
count,180.0,180.0,180.0,180.0
mean,-0.8516123032051003,-0.8420264197618391,0.011327966672471068,74.78988559377153
std,0.26309813004981686,0.07567934936737022,0.006108821234755689,468.15656438849675
min,-1.1306184705110442,-0.9806821245853691,0.00050652371274378,0.16492554382319474
25%,-1.036948867270582,-0.8873555237931883,0.006454110731189913,3.988681893860085
50%,-0.9359662746455266,-0.8456205583964775,0.010628951802929637,10.379461183466264
75%,-0.786328888243757,-0.7898234940423422,0.015421993033159817,25.50288854854604
max,-0.08954429767365266,-0.6712008656978888,0.03230801752347807,6137.875386547994
