,X,Y,SPEED,CURVATURE,ARCLENGTH
count,180.0,180.0,180.0,180.0,180.0
mean,41.78014833333334,-61.57510499999999,0.35351003614736215,4.706682438665368,28.676950346723494
std,3.891649190360713,10.137320024610622,0.24155874760258947,29.064264537195335,17.30424374066977
min,37.5103,-81.33760000000001,0.003688156721181959,0.0001270469726139282,0.0
25%,38.055925,-68.855575,0.1784756155693869,0.014221380449705997,17.237847166030697
50%,40.458400000000005,-56.9059,0.26588770129548867,0.05591184256975378,22.90574103255378
75%,45.774975,-54.30992500000001,0.5768259574852344,0.3504315742031545,41.36294200553564
max,48.0533,-49.394600000000004,0.8003336304317069,361.60889626463177,63.11414119955801
