,X,Y,SPEED,CURVATURE
count,180.0,180.0,180.0,180.0
mean,-0.5228359786722093,-0.11945074574177236,0.010881161506340848,70.33374727263143
std,0.19566607037148637,0.21175192747574145,0.005451819809796687,264.4582320626548
min,-0.7826173147362928,-0.4936949606715672,0.0006958463652107211,0.012725519221890443
25%,-0.7125515948135137,-0.277834650879189,0.007025759594641824,3.6854381054743093
50%,-0.5195842109867368,-0.04859454102683543,0.010296247000723074,11.470700581562674
75%,-0.35293939567959026,0.053644441577291216,0.014597097530176264,34.14708806737218
max,-0.1811111009991152,0.17023886439924488,0.026048494176826247,2321.9529560054393
