,X,Y,SPEED,CURVATURE
count,180.0,180.0,180.0,180.0
mean,0.23517687067706292,0.21419881290175785,0.009118910815837905,75.57966293886484
std,0.06674495781180687,0.21363092717965873,0.004465848204064167,334.0778180722379
min,0.09212811087825433,-0.1651680691153781,0.0004960919361201009,0.08557772241184497
25%,0.2035716683411192,0.038785361788589844,0.0058035749372286555,7.280508354579313
50%,0.2346607054256825,0.25110547284051743,0.009378522852800684,15.392275851185687
75%,0.2800806541143361,0.4205667017689408,0.012145414550711251,38.297373347953894
max,0.3581119673401683,0.4816135248798454,0.019358348201222033,4050.0850936097695
