,X,Y,SPEED,CURVATURE
count,180.0,180.0,180.0,180.0
mean,0.982283889152831,-1.2826673598574039,0.013336360427284798,426.5280307228329
std,0.17295576390985495,0.3140767838468647,0.006077927586395522,5458.879510012072
min,0.7306869506789309,-2.0363665364485564,0.0001972202742870482,0.19891348487432736
25%,0.8520404195363198,-1.440990551853535,0.009122900094949076,2.982776987204253
50%,0.9656203010108142,-1.2206056787808852,0.013230484411348688,7.767434554259736
75%,1.076268683063599,-1.0725706050075225,0.01793417837936157,20.765121169509406
max,1.5045239204299334,-0.8130778846542598,0.02715644741953988,73256.82908877826
