,X,Y,SPEED,CURVATURE
count,420.0,420.0,420.0,420.0
mean,-2.174485715598096,0.3410295282546646,0.013849926135362033,12.660125579561134
std,0.24923273254720998,0.5141289920357031,0.006437339792656934,42.336252152972435
min,-2.6317394759281765,-0.6616570452795867,0.0013812304090451404,0.011039309850818777
25%,-2.3436820777767964,-0.01852078504368159,0.009272230807156554,0.6420473658566747
50%,-2.144803704098949,0.5655218998172089,0.01336055492303224,2.657257736125043
75%,-2.010699078657212,0.6296363490943039,0.018789515828857798,7.100021599136005
max,-1.723248348337647,1.0463930293707482,0.026615236447628303,601.5053062847963
