,X,Y,SPEED,CURVATURE
count,180.0,180.0,180.0,180.0
mean,0.6574232780613108,1.809590367323628,0.012424410398828092,24.88840428572409
std,0.22338498658952866,0.24181207637154264,0.006055393234910408,64.0098673445761
min,0.32110216073683573,1.487124966728622,0.002060299410526593,0.015198855978400561
25%,0.4592504188215515,1.5989213670005908,0.007895858483116318,4.156535287538742
50%,0.6673408062641275,1.6937023979981627,0.01143162883741381,9.777652697318484
75%,0.8306080776897462,2.058266060654246,0.015889124794247922,26.844780502934903
max,1.0916275892700298,2.2141224634040992,0.026694732305523185,762.3355156890635
