,X,Y,SPEED,CURVATURE
count,180.0,180.0,180.0,180.0
mean,0.37611266536422117,-0.48212199508676157,0.012729733874696775,47.70660525331689
std,0.20883600916589215,0.19801602639165508,0.0051572952107170975,303.65435364575364
min,0.013634846155585021,-0.8039726710994247,0.0008221081929747033,0.0039631942485037945
25%,0.2347238252364252,-0.6814689019921685,0.009427843598177554,4.396401444476878
50%,0.38242264905677387,-0.45288326630552533,0.012172998663222585,10.162548929792543
75%,0.5142556085127818,-0.28012750781338025,0.01652339773901316,23.198847444910665
max,0.7888087849505778,-0.19661543511543714,0.025869372768603384,3781.2057324855327
