,X,Y,SPEED,CURVATURE
count,180.0,180.0,180.0,180.0
mean,0.6059738374914895,-1.823751882008805,0.011361312611408854,55.26141170635324
std,0.30359421535835285,0.129707926789689,0.005039170231158093,309.9612920173945
min,0.13806424780022886,-2.057236194215498,0.0002205882864610572,0.11832555036866044
25%,0.34444985161216574,-1.9185445188048333,0.007475558581879179,3.7534961209379945
50%,0.6407051074468535,-1.8039117828096116,0.011057374298796038,10.401307033305956
75%,0.9010707543293472,-1.738071825855704,0.015486566568033544,24.25971729939966
max,1.0267341875194753,-1.5268697061062724,0.024170542074150227,4054.2873952809964
