,X,Y,SPEED,CURVATURE
count,180.0,180.0,180.0,180.0
mean,-1.8724131664874328,0.4835431545722727,0.012827818496610207,51.86024529628819
std,0.3769796327612323,0.3019936961949991,0.005998252688115459,378.4042151300125
min,-2.331945376919521,-0.2402825806872825,0.0008205657577737491,0.12812202488568583
25%,-2.2848791274790194,0.371762573353085,0.007984398309846477,3.235453839535952
50%,-1.9004489965568643,0.6169804727086332,0.012753742195146626,8.599172827083303
75%,-1.4544038566573134,0.6636807999063067,0.016417773583969224,21.867487128068788
max,-1.3846390401456574,0.8032769292126059,0.030687325862643118,5058.10558056474
