,X,Y,SPEED,CURVATURE
count,180.0,180.0,180.0,180.0
mean,-0.5254497944836551,-0.34282829898070816,0.01343708390024198,34.04228226436073
std,0.5361442511880142,0.11706972095548075,0.006260184243268133,180.55818801260537
min,-1.352106576238033,-0.5554840543960933,0.0015711716353957008,0.012256187087658087
25%,-0.8990499779587395,-0.42916058425749387,0.008607735067769469,3.169852276403016
50%,-0.6071524790354536,-0.33341750750487786,0.012188592036998288,8.77796683222298
75%,0.051629648593882166,-0.25631927344673283,0.017138070423997023,23.50716847489032
max,0.3136678018609846,-0.1400477985154673,0.0282591761115746,2405.957749273878
