,X,Y,SPEED,CURVATURE
count,180.0,180.0,180.0,180.0
mean,1.075556246202094,-1.9895970941437169,0.009780841264896934,206.04859042939674
std,0.06557292233514256,0.2097606413762091,0.005690124687770456,1104.6819377687966
min,0.9284655555693666,-2.311516093663179,0.0004427336337427907,0.2218023698585093
25%,1.0349708965196063,-2.2270529214710773,0.00500895980988575,5.002600146061388
50%,1.0818928783497852,-1.9595594951312858,0.009657506594944246,14.272272267260831
75%,1.1306598823732477,-1.791105624676951,0.014905789265590892,42.272094065612926
max,1.17672437432626,-1.7146810856897108,0.024259835144524986,11491.568048710738
