,X,Y,SPEED,CURVATURE
count,420.0,420.0,420.0,420.0
mean,1.8504969901142523,-1.1898477215713286,0.011384200825005143,571.0652610888034
std,0.32955807389201447,0.3321546699789936,0.005225424338123277,8200.112958266427
min,1.3267443490146857,-1.8645832919277756,6.894180958621864e-05,0.004830478171409072
25%,1.550568023376389,-1.449877831499199,0.007611848883629726,1.4087503046555707
50%,1.8797071235488283,-1.2179379901204634,0.010707004880135079,3.0908670514979115
75%,2.1509040542404048,-0.8364114715079869,0.014506005761740602,9.758256666544478
max,2.4350313994029045,-0.7101058750143227,0.02232913849286152,133017.66190567322
