,X,Y,SPEED,CURVATURE,ARCLENGTH
count,180.0,180.0,180.0,180.0,180.0
mean,0.06541333333333334,0.20454111111111103,0.0043228094110472565,398.2155969658769,0.3693674219506003
std,0.09047746742549685,0.06984517658003282,0.0017906217253611575,5216.902804773313,0.203950555954218
min,-0.0609,0.0813,4.999999999999449e-05,0.0,0.0
25%,-0.024500000000000004,0.147075,0.003261803617860127,1.156330528395698,0.21585324440624
50%,0.0658,0.1985,0.004264659213963223,3.0190164834133606,0.38776286063794
75%,0.155025,0.24115000000000003,0.005516735704632021,8.6381473379055,0.5013790092447714
max,0.19310000000000002,0.3799,0.007666159403508383,70000.0000000188,0.7734520502163295
