,X,Y,SPEED,CURVATURE
count,180.0,180.0,180.0,180.0
mean,-0.43399578562121355,-2.6671344123880796,0.01355163346799233,22.689916236136067
std,0.2662328166070801,0.1750821078235023,0.0061776373706695165,73.54746786660985
min,-0.8443165293249454,-3.009662965128879,0.001745612859046501,0.018260428206318697
25%,-0.6578446791524641,-2.8012695001429346,0.00861968905979284,3.053109558419897
50%,-0.47356815343131897,-2.6288600274430256,0.013130968705480243,7.426992500457976
75%,-0.16320796851490854,-2.5213540934676684,0.017200973625880057,20.64762011237671
max,-0.0001223092736595504,-2.4191756452650317,0.028418856171102236,926.142332218129
