,X,Y,SPEED,CURVATURE
count,180.0,180.0,180.0,180.0
mean,1.4978846128675654,0.9598705051003208,0.015345050972677033,18.311043645801316
std,0.44010492725876765,0.2473242762378442,0.0057151426391436055,48.61089527735176
min,0.8235625530843952,0.5457799015580421,0.0022826351304164666,0.14309631553703384
25%,1.0328784234438861,0.7575958414220741,0.011717857391074353,2.8454294199949803
50%,1.648807886334704,0.961184734356052,0.015441376000284517,6.2757689633069855
75%,1.8776047347371083,1.0655343919964513,0.018755715519916012,16.809791993176574
max,2.028929599259557,1.4377390046201068,0.029757811685128154,518.9232234162093
