,X,Y,SPEED,CURVATURE
count,180.0,180.0,180.0,180.0
mean,2.0088710335029494,-1.3212516110815318,0.010346818617386577,124.81946075836225
std,0.13059097501581068,0.17138341731342668,0.0065575338688113405,873.3790964237394
min,1.6561636668192272,-1.7695737096450987,0.0004848970364251744,0.08579064355425899
25%,1.9372358940664984,-1.4418782287755623,0.004910729264484864,6.4101583681218415
50%,2.011114798402971,-1.255977596938787,0.008055944462075436,19.525176435463564
75%,2.1249919684756633,-1.2157956401799932,0.015430171463452987,48.54730432973342
max,2.2027146561460342,-1.0388321883606553,0.026759428948264524,11124.98021822695
