,X,Y,SPEED,CURVATURE
count,180.0,180.0,180.0,180.0
mean,-0.38971200994210375,1.8419071626410803,0.015421858653018285,259.8383392395157
std,0.114483476988046,0.38499638324946345,0.007793917373444591,3235.4517373969006
min,-0.5705566846284577,1.1639468283919525,0.00038950335549578464,0.05964924873728212
25%,-0.47805425379029476,1.4887818731406974,0.009625432300362715,1.945256058017462
50%,-0.4196446224845466,1.985273595412056,0.012636596792965657,6.320864692852903
75%,-0.320602568158734,2.1749892906405277,0.020660365463625402,18.457642875764513
max,-0.16043521276372005,2.2885357359328835,0.037347838161279685,43424.002583282105
