,X,Y,SPEED,CURVATURE
count,180.0,180.0,180.0,180.0
mean,-0.05798552396301116,0.13199189405343867,0.013089398362274447,28.1845415300245
std,0.3761928160860366,0.1593825449975124,0.006187929755309138,70.12603431108995
min,-0.648228274228593,-0.10786938239289279,0.0023723444637110506,0.013128156824709173
25%,-0.3537355647027267,-0.00435608989113372,0.007625653661419226,2.898290795593948
50%,-0.07338482978735189,0.09903005236236953,0.013043448517160054,7.217268503407324
75%,0.3291908066070786,0.28536411934051764,0.018133706788626715,21.55828247107945
max,0.5028182050632023,0.4045109561882374,0.03300116035520989,699.0972231653104
