,X,Y,SPEED,CURVATURE
count,180.0,180.0,180.0,180.0
mean,-0.23804103046032715,0.813273654839503,0.011112628141281809,86.87074229736595
std,0.2701646407192395,0.07197098675231793,0.004973601631498346,505.67966122101507
min,-0.6057701797993175,0.6751397025985891,0.0009168284116535169,0.04644520586640563
25%,-0.4869150714351609,0.7575916148406759,0.008006904233050147,2.5833772154015153
50%,-0.27951902976371223,0.8117597167590715,0.010830682824009705,8.754888679163638
75%,0.006849320321939283,0.8594301157053605,0.014271799716879509,27.966064972699286
max,0.22272066978069366,0.9600362110121856,0.023009894766537784,4828.108290928419
