,X,Y,SPEED,CURVATURE
count,180.0,180.0,180.0,180.0
mean,-0.21805856597455392,1.313431729257292,0.012033724196798145,100.98294108895752
std,0.36623055411257377,0.42307194725825387,0.0065067689251344625,433.2547911944885
min,-0.5846498055421898,0.6771726179976946,0.0007655499770237857,0.04572829238821109
25%,-0.4984801332264832,0.8259336613170849,0.005784257957755046,2.1541056400348744
50%,-0.4547327338859951,1.2744756782630882,0.012620802301153467,6.301960198334408
75%,0.15322392850942076,1.7141180839650756,0.016716061399154818,26.619672429435266
max,0.49857462000317,1.8865944743772052,0.02533962900277004,4349.266172372139
