,X,Y,SPEED,CURVATURE,ARCLENGTH
count,180.0,180.0,180.0,180.0,180.0
mean,47.2960216666667,8.077081111111108,0.6790775411745382,0.537213847702923,59.58554494886359
std,27.315545054366492,2.412384028874696,0.369731045427127,2.16803787995732,35.84776294158717
min,6.9137,5.0804,0.06383243689535958,7.343484394555343e-05,0.0
25%,31.080025,6.208475,0.36995185886782117,0.013502684923375937,28.594568511285537
50%,39.88935,7.19065,0.6519701894250037,0.043061422162156436,65.0330786915377
75%,69.9251,8.96565,0.94012270001549,0.20344589465249732,82.86693199665467
max,97.67710000000001,13.5509,1.5885371863761957,22.94836976609421,121.6310348659687
