,X,Y,SPEED,CURVATURE
count,420.0,420.0,420.0,420.0
mean,1.9075342441400382,1.7288261478518245,0.009721801496034087,34.048973242118535
std,0.26152830485489686,0.21171288972553287,0.004777790977201534,294.9212874879418
min,1.4199521897748058,1.4082811301416993,0.00031210836106939754,0.006881278106213353
25%,1.7114181535315276,1.5054426133274594,0.006048032172568241,1.5684178646062823
50%,1.935946639819899,1.7354605830266754,0.010179510234053115,3.6553718606993324
75%,2.1248394072080368,1.9154182801026247,0.012271993232754201,10.935800345533178
max,2.342453542530457,2.1251705151295543,0.021379832686770045,5938.339707133529
