,X,Y,SPEED,CURVATURE,ARCLENGTH
count,180.0,180.0,180.0,180.0,180.0
mean,49.08656888888886,9.113908333333331,0.24457111040764362,1.7586466700254164,20.43446287256189
std,8.73749041542805,0.3418462908650792,0.2061670000485584,10.618894964373403,15.274131912057648
min,35.8121,8.4502,0.008452810183603736,2.395897936644438e-06,0.0
25%,41.407925000000006,8.838075,0.07306807499835911,0.004856402109153923,6.375880259685405
50%,48.738200000000006,9.103950000000001,0.18135848250942183,0.03586035716854092,15.952131439684916
75%,58.26805,9.451075,0.35163615259623504,0.2087261876761903,38.20489820625487
max,63.984300000000005,9.584200000000001,0.7232753037398694,115.96795450020552,43.983667222869435
