,X,Y,SPEED,CURVATURE
count,420.0,420.0,420.0,420.0
mean,-0.14204114030954387,-0.04159116251281924,0.00888831058807452,38.80406741704542
std,0.24471454273552876,0.24278514695815356,0.004400338181772863,207.83797077065853
min,-0.6383345523908055,-0.3533998993621916,0.0007215312459451898,0.0006569135381918319
25%,-0.34199665729330475,-0.22622004732657333,0.006298803184980246,2.282508959852794
50%,-0.14020657336831993,-0.14328120075045334,0.008619737027583238,5.400427152620604
75%,0.05777673233433785,0.2200508192829832,0.010485706750231064,10.245748813938741
max,0.2912443153866587,0.3491900691593536,0.023526396141045923,2715.1661430896925
