,X,Y,SPEED,CURVATURE
count,180.0,180.0,180.0,180.0
mean,0.920506885076047,2.091876423823576,0.012393140282499621,33.353581631553
std,0.4249913346348546,0.2526079784338511,0.00681317394633052,75.32372340535872
min,0.2563510738714292,1.8137976976870538,0.0015391441398962468,0.0005945283207501921
25%,0.45322887138799484,1.9365139254811092,0.007004026170630777,3.6015962740133287
50%,1.1236990616714841,1.9824165320761435,0.010898043289716358,10.515718900213034
75%,1.2956496397989388,2.2332390920178318,0.017194605059948243,28.622060480427475
max,1.532791825426944,2.6667487248092403,0.030726501672308084,646.4954247692809
