,X,Y,SPEED,CURVATURE
count,180.0,180.0,180.0,180.0
mean,0.5127354168966748,0.0570230679153082,0.012241443477539131,29.17368024963815
std,0.5125114399156179,0.11040298106896365,0.005120509624614157,110.79052756834693
min,-0.14276276863101567,-0.057081777472524874,0.0014426528672082095,0.02546563888917252
25%,-0.0032991002643522923,-0.01793977210628092,0.008531562749950813,3.916051652912535
50%,0.45390495165791694,0.012203134254404807,0.011596108459880856,9.901021559081752
75%,1.0156690701633577,0.10839792856585267,0.01568220624589818,19.237028246109677
max,1.497702207088602,0.36595967120019557,0.027111870576818128,1322.350202251031
