,X,Y,SPEED,CURVATURE
count,180.0,180.0,180.0,180.0
mean,2.004524844882822,1.018406021608508,0.013490369130805709,169.69328900128681
std,0.286861922473454,0.12227137625620839,0.0067098040204781,1721.5187207713707
min,1.5908093177939193,0.8043167399186273,0.00023415082811149127,0.07330692955215395
25%,1.7215704301152486,0.9409356232903912,0.00896980980475233,2.388902475889297
50%,1.950444031566786,1.0036591503303343,0.012483267988514214,6.201021808991033
75%,2.3198536126471256,1.081064667055832,0.016512121239548237,18.33305553177617
max,2.424085362293044,1.3020913035355661,0.03370220998441338,22599.439465170766
