,X,Y,SPEED,CURVATURE,ARCLENGTH
count,180.0,180.0,180.0,180.0,180.0
mean,-147.2190883333334,-47.236071666666675,0.630179075760927,0.7454054453444815,64.86657435624005
std,22.242044000255568,4.276300973074887,0.33823453486229416,3.425859149935968,35.15476551132828
min,-177.5112,-55.1325,0.03868261883586017,0.0008697327982862406,0.0
25%,-172.63462500000003,-49.941325,0.34036614825951267,0.021398454359713482,36.405506683144935
50%,-145.70065,-46.5915,0.5732837066077786,0.05204483957059175,62.05316919145531
75%,-126.95815,-43.645375,0.9394894975912884,0.16015701556514536,101.47277379557553
max,-114.2501,-41.799600000000005,1.2708559644979354,29.07729005273805,113.03611839892795
