,X,Y,SPEED,CURVATURE
count,180.0,180.0,180.0,180.0
mean,0.7168890990803771,-0.6633976003175731,0.00984636482484554,57.11436636208172
std,0.1761895060712794,0.08917055331804606,0.004844834575713218,152.69108814218185
min,0.376686450900529,-0.8222667559440718,0.001247410143178426,0.2890801789747326
25%,0.6193944274802837,-0.7199981932710603,0.00670467855282134,4.010281483119462
50%,0.7456080821007975,-0.6838868209280309,0.009046978150166113,14.805058768536327
75%,0.8091381884330047,-0.6165955620166301,0.012633774191347152,40.068913407291596
max,1.1368862253429033,-0.45384270198777926,0.024928704362647512,1306.1759836530775
