,X,Y,SPEED,CURVATURE
count,180.0,180.0,180.0,180.0
mean,0.011518354737521445,-0.7205004182686835,0.011686707834153978,33.78257899931341
std,0.2177140052927114,0.18950042890907862,0.005611074668277682,102.39693814329037
min,-0.3589041827434861,-1.0987080027848666,0.0013515953503134624,0.049515821536773016
25%,-0.2044388856190159,-0.9049753986364977,0.007910752798018164,3.3122104350250963
50%,0.0825317296390099,-0.6208750699492323,0.011144624842223871,9.893562883161945
75%,0.21336761220790537,-0.5819129663233158,0.014689179082325778,27.996628165816066
max,0.30056040479014345,-0.5233746557746531,0.02745981542326897,1223.6293997171445
