,X,Y,SPEED,CURVATURE,ARCLENGTH
count,180.0,180.0,180.0,180.0,180.0
mean,0.6738144444444446,-0.17000000000000015,0.005877148510905075,15.423705580248393,0.47477872376265223
std,0.2496913697455079,0.053641661245985385,0.0025229727395170067,51.43262098424972,0.3196794529218721
min,0.18630000000000002,-0.2676,0.0007999999999999952,0.0,0.0
25%,0.4526,-0.21994999999999998,0.004624844522502319,0.5986780936000968,0.23043272371025986
50%,0.75765,-0.14815,0.0057066845495989515,1.5054324226697036,0.3665914389628526
75%,0.892775,-0.127925,0.008072122867659726,5.983931480422185,0.7742703500584769
max,0.9497000000000001,-0.11280000000000001,0.009899747471526747,321.00303313627546,1.0525329612114416
