,X,Y,SPEED,CURVATURE
count,180.0,180.0,180.0,180.0
mean,0.5315106136238943,1.3632008921177188,0.010238101857399599,32.41447080534897
std,0.12466213634614218,0.16467114537682456,0.0039803437003547775,98.95444530086725
min,0.3159608100106806,1.1557923474088165,0.0018164960010989561,0.27061925789738805
25%,0.41570730533029815,1.2375247709812847,0.007458438973067807,4.510309176625807
50%,0.5631480295638774,1.302999809119698,0.010100236991104818,11.410873006000312
75%,0.6409539625875768,1.4599676941672866,0.013569714090758453,28.803606394986573
max,0.6915439048787791,1.7161048030087886,0.01867113883761452,1211.8572149473155
