,X,Y,SPEED,CURVATURE
count,180.0,180.0,180.0,180.0
mean,-0.8817308512341421,0.5047153744233145,0.013927744609102325,100.72174410528514
std,0.15304725874296393,0.4349840517661439,0.007244076513071724,964.6298063197546
min,-1.0568851183410075,-0.49280963657653704,0.0005045877675506593,0.23614726940481245
25%,-1.0028654316716323,0.25215676452969116,0.007641065012531919,3.018965725630207
50%,-0.9338453609545361,0.6880406007696919,0.014129158434605944,8.070317031371747
75%,-0.7252416423599344,0.8364792570323983,0.01820179620314027,20.114212495272728
max,-0.5998705752135013,0.9708894755742198,0.03184771260458841,12915.224680827394
