,X,Y,SPEED,CURVATURE
count,180.0,180.0,180.0,180.0
mean,-2.240071209271839,-0.28749754160545005,0.011739019313954937,45.270205102918496
std,0.14562919485166814,0.16512236194118968,0.005516256145234124,215.3024744918922
min,-2.4362847635222953,-0.48860494605416893,0.001061140348254954,0.002077434427066515
25%,-2.3553333360477207,-0.4447890618161053,0.008013711491735503,3.5441869492543288
50%,-2.289330820627116,-0.29486665712307186,0.011511660682799189,9.336454989173394
75%,-2.1318815043862145,-0.19454082015053475,0.01484501801090765,27.590265822340314
max,-1.9635667803151617,0.16975716221130605,0.025223436842995293,2811.409017861663
