,X,Y,SPEED,CURVATURE
count,180.0,180.0,180.0,180.0
mean,-0.21796115225771473,-0.5448878650429753,0.013357055034665449,41.972517550834745
std,0.18403637959435565,0.09209192905240904,0.006356925852583512,178.84627504497772
min,-0.7407376545499822,-0.8066523427792484,0.000905476280409544,0.20491773837879415
25%,-0.3291598573203793,-0.5883578494914874,0.00939361610270401,3.720444299695627
50%,-0.20513405070142562,-0.55069141498812,0.0128792935046791,7.3252297104830975
75%,-0.06891931106956674,-0.5005874868566662,0.01694711135208834,19.65254827810532
max,0.07724199452372287,-0.3070117962681074,0.03283359676812879,2191.925474733449
