,X,Y,SPEED,CURVATURE
count,420.0,420.0,420.0,420.0
mean,0.8995498908347302,0.32184599964048094,0.011246828494533291,17.460027931577688
std,0.18982042384605288,0.349571394917122,0.005299334786589199,108.31366125027674
min,0.5844760595174221,-0.2807374143921374,0.0005576408618999459,0.030314863945329486
25%,0.767818655557286,-0.040454272003075234,0.0076178556390332,1.288048937275158
50%,0.8751082599455755,0.4508616836214766,0.011619515739825361,4.392493221572707
75%,1.0672675699706695,0.6112873526054634,0.014012614716850256,6.060338518222016
max,1.2451235638851323,0.7366516674181987,0.026155604649527698,1996.0177928881162
