,X,Y,SPEED,CURVATURE
count,180.0,180.0,180.0,180.0
mean,-0.67667593720589,-0.8766706376365987,0.01162042891726125,132.14514470414952
std,0.28606601250479363,0.1397268927297994,0.005901444124878174,1119.8022011894661
min,-1.1358751279596069,-1.1240200098017181,0.00032268043198578774,0.25510291163605847
25%,-0.954296612596284,-0.9534122422612042,0.006400737858285774,4.185301847887833
50%,-0.580090407899965,-0.890826944589671,0.012072509672026822,9.349286410198143
75%,-0.41120887307894216,-0.8006908647971638,0.016840893341474344,20.856730871263093
max,-0.3325099562712189,-0.5294134300107827,0.02378467094696331,14575.742026399494
