,X,Y,SPEED,CURVATURE
count,420.0,420.0,420.0,420.0
mean,-0.6442747262793124,-1.8179128145604744,0.00878595688160201,25.58817829069363
std,0.1642067134750108,0.2594457581022093,0.004947117658970184,96.94788129836215
min,-0.9277568018729315,-2.083243897597151,0.0008833803091676036,0.020876978141382722
25%,-0.7630068773359537,-2.031843576429583,0.0052410054049366155,1.7493810245432198
50%,-0.6723318957194526,-1.9175054848516786,0.007541015967711579,4.8642021544776926
75%,-0.5474535718666402,-1.6142395285994844,0.011053208148618331,15.763374763008734
max,-0.2850857794080012,-1.1959524742154346,0.022020926615540587,1650.8045398369718
