,X,Y,SPEED,CURVATURE
count,180.0,180.0,180.0,180.0
mean,1.649383914868359,0.16646691515727088,0.008435211649846806,84.31452106764397
std,0.09393549837506662,0.07250295000900715,0.0038487889843724235,360.88105213092206
min,1.5239195171160176,0.011468753736271231,0.0009427179584615326,0.4335004623709219
25%,1.5684020786384603,0.11272735372848816,0.005701986912194725,8.582206855893661
50%,1.619085122103471,0.1819264968939504,0.008188424658839163,20.131145853048224
75%,1.7534156565545194,0.22880815715788597,0.010793063406056132,49.68322945183241
max,1.8170803140152105,0.27466448708030644,0.018824556996880924,4252.245404473743
