,X,Y,SPEED,CURVATURE
count,180.0,180.0,180.0,180.0
mean,-0.2750130111919488,1.0352460584989436,0.01077377132500404,36.77038456893793
std,0.15582783708994907,0.15449435430023903,0.005018942477952492,113.42938023411797
min,-0.5158034766187539,0.7855015699127711,0.0006568561159565629,0.2096970487964116
25%,-0.3829262415004345,0.9123000409073554,0.007176581073663241,4.777909167489828
50%,-0.31048965025252057,1.0013770467309513,0.010490433187486058,10.79773765092982
75%,-0.18731480448536908,1.1699860040549521,0.01412260698558022,26.861391998935332
max,0.03928263353775182,1.300358715757668,0.023241725927228365,1180.4785862661104
