,X,Y,SPEED,CURVATURE
count,420.0,420.0,420.0,420.0
mean,0.20923005356379648,-0.16692126851074232,0.010452557274379446,13.715362727771527
std,0.25471647292025584,0.1946635941292363,0.004789624994483016,58.48386973146349
min,-0.11597790042540071,-0.6170657985057871,0.000980831979981218,0.0191386403362246
25%,-0.03789519943110908,-0.2636386400312619,0.006266486628057559,1.6283866094102906
50%,0.1701497994396472,-0.1328268037455243,0.00998344977749072,3.2986438210528846
75%,0.43272137283098,-0.06751554077358475,0.014530256798110812,9.911538748049542
max,0.6558191815911844,0.28100305298531053,0.02276136024151397,1056.1690652233883
