,X,Y,SPEED,CURVATURE,ARCLENGTH
count,180.0,180.0,180.0,180.0,180.0
mean,48.863657777777775,72.63934611111114,0.3229948577471603,0.7450825086266833,31.20824112013527
std,13.558103425676316,4.327378536768837,0.12209703683739444,4.798299683424106,17.65738529884075
min,34.5696,62.854800000000004,0.019740820651634457,0.0006522419556167801,0.0
25%,36.103325000000005,70.51465,0.2583147401779401,0.037004138481914126,14.227477476803166
50%,43.8479,73.7262,0.31852557502217527,0.08315857233620136,34.75518051494552
75%,62.408125,76.34635,0.3744035795474961,0.13344677178351916,45.67092706074553
max,73.2816,78.781,0.5777811545040219,56.07111957767099,57.81706655218588
