,X,Y,SPEED,CURVATURE
count,180.0,180.0,180.0,180.0
mean,1.2443784755863843,0.37719188092710226,0.011452762576995821,702.9852295615839
std,0.18704430197411706,0.23639739959751938,0.005721798425729678,8490.155653284315
min,0.7501894356576086,-0.10028338276131396,0.00011216724698867925,0.029963094963979402
25%,1.1434162803821257,0.20963409932025737,0.006907867433977281,3.8805537061419253
50%,1.264279011855928,0.32371730046174596,0.011538541479311243,10.438184181467236
75%,1.3864786687091573,0.609072259360549,0.01592755234670412,29.318038875492128
max,1.5276163929159856,0.7924790638243149,0.02408707107536277,113911.79007952231
