,X,Y,SPEED,CURVATURE
count,180.0,180.0,180.0,180.0
mean,1.5445122278361043,1.3180686677136315,0.010903921378501845,133.07730444193865
std,0.15316893338473872,0.11409273185443071,0.005445619747035776,1153.0101747604522
min,1.345273453523303,1.107523831058421,0.00026135336181011684,0.15374557307033926
25%,1.4114915038896738,1.2158552483661509,0.00660135453822072,4.465608820314926
50%,1.5102226284462505,1.3657200369419884,0.010491750143156309,11.048275752703391
75%,1.6476791795178614,1.3935377985537496,0.014414173659259195,31.09472388172312
max,1.9006053230483149,1.5334486640952039,0.026985146631414374,15237.693417329005
