,X,Y,SPEED,CURVATURE
count,180.0,180.0,180.0,180.0
mean,0.6371013631100679,-1.3049288480493892,0.013276030460686665,32.18944398524368
std,0.15824656324767047,0.3321475756840825,0.005905323488816448,144.24281030367285
min,0.3554586596265336,-1.777173014482049,0.001149005704420896,0.39434913666513766
25%,0.5739930997738816,-1.636512742315596,0.008922686118457375,3.1508077457512718
50%,0.6085246465380021,-1.2584931341222365,0.013001529467355062,8.670032423606134
75%,0.6881877097210755,-1.0780913565508423,0.017144240592223386,18.0140418396643
max,1.0172875465417266,-0.6999371131409535,0.027902094166189745,1814.2553173338385
