,X,Y,SPEED,CURVATURE
count,180.0,180.0,180.0,180.0
mean,1.217608946367942,0.37564377769209384,0.011141277279844064,67.87171098116264
std,0.22739886103259255,0.2948978159126824,0.00917091057920828,148.52190305995214
min,0.7110830611803717,-0.06321586270411345,0.0011785917511855342,0.11421880819148966
25%,1.200427121181864,0.21630857618293722,0.005150162184787924,3.751895074372325
50%,1.3225047371199907,0.23954930779016598,0.008395437080861075,14.920788101132533
75%,1.3688787487316496,0.47579937459756094,0.014619401091016056,55.478707799762184
max,1.413453345285434,0.9277040349967883,0.04238261475374848,1360.3564853637902
