,X,Y,SPEED,CURVATURE
count,180.0,180.0,180.0,180.0
mean,0.3669240483964128,-0.20450411870278126,0.011522469656229868,28.830728205434905
std,0.06756446444992484,0.3894232907458526,0.004555752058879022,64.45857906780479
min,0.22046082447649165,-0.7894704337718365,0.00281983132453335,0.08270934540867013
25%,0.31594364032339933,-0.5748072900684602,0.007961217396322563,5.026548587185856
50%,0.36408695302201805,-0.22848624575711224,0.011259049076824424,10.971463572675347
75%,0.42171937819768346,0.1962180807233483,0.014240364883353649,23.3671020373625
max,0.49659290361467745,0.366541114112256,0.02410919228481344,551.6978213474497
