,X,Y,SPEED,CURVATURE
count,180.0,180.0,180.0,180.0
mean,0.16185589412291163,-1.4979935072126094,0.012161040627543926,26.09997380099708
std,0.3707791404177199,0.1120987344622211,0.005190937483501788,57.92653044417167
min,-0.34306054093131055,-1.7430449944744943,0.001168297551680721,0.03509092529777527
25%,-0.12756432863023026,-1.547965213302197,0.008854915292545035,4.236233016254587
50%,-0.009140911876729194,-1.473646466612856,0.011817398857823999,11.037352776247342
75%,0.5435307489480363,-1.4236941276764274,0.015385292488898897,19.80643817244416
max,0.8536806593702021,-1.3152029873639604,0.023964869160808307,496.27227765257214
