,X,Y,SPEED,CURVATURE
count,180.0,180.0,180.0,180.0
mean,-0.7329279823641914,0.024079869842208414,0.009552012991005839,109.92179650613816
std,0.22214639356248506,0.23272040360583746,0.005218196192598474,458.1585535850128
min,-0.9907311176458576,-0.5104937929579249,0.0005324397315099961,0.22745778590943772
25%,-0.943765583975011,-0.10448598254510086,0.00524650884510494,4.797796969446112
50%,-0.7772729264747071,0.058596889883078304,0.009607447704362065,13.197362052274798
75%,-0.5912703868038501,0.20564329304833917,0.01363343579889229,36.864057897800514
max,-0.26201983177547244,0.3211191354238225,0.022397331840233865,4304.499198823776
