,X,Y,SPEED,CURVATURE
count,180.0,180.0,180.0,180.0
mean,-1.5972034881841368,-0.4453198355121935,0.0104999513769125,40.029115375290374
std,0.2572112924678049,0.24895258875316165,0.004935948758336476,88.41266822403296
min,-1.8493620118603318,-0.7618718434352811,0.0016837819656292106,0.0493126570902493
25%,-1.7763016905386886,-0.6771788066513795,0.006768199658449431,6.0468693367543445
50%,-1.7370247760756055,-0.4605253887394595,0.009525562189214767,12.054845429502993
75%,-1.4857845943159629,-0.15331931514501732,0.014476632684141628,32.79698939941603
max,-1.0155683965171398,-0.08792232545246091,0.021603287923593707,849.1020090572655
