,X,Y,SPEED,CURVATURE
count,180.0,180.0,180.0,180.0
mean,0.9938664410865243,1.3713281695524278,0.009502550352733058,59.73197970489426
std,0.24744004380471998,0.22918941006002794,0.005096476582681086,131.31830042681494
min,0.6831075010683393,1.1296845859485425,0.000864985668428879,0.03454761607522313
25%,0.7224320933301389,1.202863844733858,0.005599812673926621,6.464985826133225
50%,1.014065945452121,1.2738325475430818,0.0091555923425518,15.090190370682713
75%,1.1932726375037457,1.517052617769531,0.01356052640172784,45.21638903293676
max,1.4105463675891237,1.9146806387554183,0.020408420793245646,953.5847579125426
