,X,Y,SPEED,CURVATURE
count,180.0,180.0,180.0,180.0
mean,-0.09385993361487396,0.2476960064404574,0.010414641072446225,132.27388933221303
std,0.29419354696793426,0.2066482693606756,0.005988441874214563,712.1260698962146
min,-0.5439075808328722,0.0136381846606203,0.0006517770657030325,0.18102017299252807
25%,-0.42333228968329584,0.09327234158799064,0.006029303558738017,4.91771329763979
50%,0.013359938231846813,0.1372899057974899,0.009704678253208792,14.203345592440101
75%,0.20015262401077516,0.43983173887246385,0.014299295868923721,54.21498422431844
max,0.2761299420795537,0.6428448857851184,0.02525016435820742,7445.671740944416
