,X,Y,SPEED,CURVATURE
count,420.0,420.0,420.0,420.0
mean,0.17038529574488032,0.18704598382128157,0.008482694328846536,24.44325156636162
std,0.20848117048793005,0.19389584629392104,0.00427049243219281,160.8654491957034
min,-0.11189683468968029,-0.2481103087098857,0.0004099298928549611,0.00036060440189686083
25%,-0.0008283307127643826,0.051609790340433004,0.00504764410451429,1.268824842961263
50%,0.13495684017166187,0.19897236085007441,0.007434722457332346,4.584627421761434
75%,0.27715587392861474,0.33873027876284584,0.011969221858059721,15.516202029703207
max,0.5940332360277081,0.4787684445356389,0.019321739018793818,3177.106317471921
