,X,Y,SPEED,CURVATURE
count,420.0,420.0,420.0,420.0
mean,0.5292908229505365,-0.045231203966202595,0.00958764826450148,32.05272918321096
std,0.23238461302894747,0.18121501322554234,0.005145507372713816,158.7111796351817
min,0.17488159137074333,-0.38269597028250135,0.000513331135247257,0.028407906466758885
25%,0.28181709672790817,-0.2042507760750162,0.0055129947848488355,1.7465459620510644
50%,0.5641183538730806,-0.05541588170686915,0.008766330801078082,5.846770721467953
75%,0.7563530019096606,0.134768204642429,0.012984258595439113,12.662758179968831
max,0.871467306291429,0.3125073125315215,0.020668273729389463,2544.580108099867
