,X,Y,SPEED,CURVATURE
count,180.0,180.0,180.0,180.0
mean,-0.9247249125604995,-0.19234110634413396,0.009179730184764532,93.31630359068446
std,0.08133499987965749,0.1674447164779891,0.004905131831145157,449.06273318005157
min,-1.0577025992376359,-0.45548292550567937,0.0006289163372958215,0.0845431502710385
25%,-0.9876451747472321,-0.3058021887852793,0.005467664411667085,5.569578569814882
50%,-0.9220442213550131,-0.21947202464169935,0.008608366190422077,12.836081044110696
75%,-0.8551851866749209,-0.14169309404990404,0.011937760920263357,36.51649846942102
max,-0.7802615900674306,0.1842892471908399,0.022199078642546166,5109.3098910370645
