,X,Y,SPEED,CURVATURE
count,180.0,180.0,180.0,180.0
mean,0.004479430456829415,0.805573898134323,0.010937766533597982,42.179163702006505
std,0.18531603013097667,0.27639363512673454,0.0051533976975688695,128.1892433555713
min,-0.31332815638281486,0.343992455092381,0.0009903599239914815,0.06314227483857016
25%,-0.16040860206601448,0.5219710062253544,0.006534178838981258,4.235436559443537
50%,-0.023776784371952332,0.8915602794658861,0.010582756651793099,8.902467274938346
75%,0.19228515002931582,1.0839526605930443,0.014410499808296135,24.228239043367747
max,0.3249602514161825,1.1452490699799789,0.023628174080891132,1308.0245887747758
