,X,Y,SPEED,CURVATURE,ARCLENGTH
count,180.0,180.0,180.0,180.0,180.0
mean,122.81012722222228,-2.995198888888887,0.4190275414621661,0.8788167110509079,39.25631514738992
std,10.066680635923614,2.5362416519735382,0.20549263921777763,3.714505358626325,22.98511375501996
min,105.4821,-7.5732,0.027903628796271972,0.0019905642592273408,0.0
25%,114.6319,-4.435175,0.2694346800912231,0.03748029885875423,17.9108874065396
50%,123.85300000000001,-3.05145,0.388023737486734,0.12165810624160706,38.96189154205881
75%,132.11675,-0.49219999999999997,0.5433159722394144,0.3619011794594003,61.25955419214891
max,138.1672,0.2666,1.0290182627145175,44.34991191651864,75.35254509282382
