,X,Y,SPEED,CURVATURE,ARCLENGTH
count,180.0,180.0,180.0,180.0,180.0
mean,-22.653990555555563,-1.8616049999999995,0.12672071998303566,0.8382793682338401,12.500196108270986
std,3.7373186887685517,2.243879267539432,0.05803478502537834,1.7064732548357247,7.288278265470045
min,-28.9193,-5.8824000000000005,0.03712832476694831,0.0012785907247679189,0.0
25%,-26.815325,-3.5444250000000004,0.07999536184966509,0.10801200905423358,4.806076337062896
50%,-21.1209,-1.7062500000000003,0.11600869924937257,0.2747079670417015,13.65458784407724
75%,-19.301425000000002,0.207725,0.16536891448985747,0.790355584620112,19.205405164462015
max,-18.4343,1.3892,0.2776159397441009,14.78734366095705,22.718082077622828
