,X,Y,SPEED,CURVATURE
count,180.0,180.0,180.0,180.0
mean,-2.542225045443485,0.08652320575403455,0.01110386405647522,28.771833925212086
std,0.2444412364584511,0.33255676097152487,0.004514880568434202,65.58502779969778
min,-3.0641564042776106,-0.30144301443075366,0.0017631236591837194,0.649327949049853
25%,-2.778853722170537,-0.20866051498221652,0.007877199707593114,5.4562269232833955
50%,-2.383104593571548,0.007733862275163878,0.0104570093296941,12.264864764585795
75%,-2.345788793035808,0.43267562882408517,0.014376491210965469,24.7428410268767
max,-2.2844940695947873,0.67160753357246,0.023102451798793534,525.9367399991698
