,X,Y,SPEED,CURVATURE
count,420.0,420.0,420.0,420.0
mean,0.9051474750092255,-0.8742178271036103,0.007191149458295119,17.941035755082172
std,0.24253203403576074,0.23327348083793942,0.0035205677172283115,69.71737901675881
min,0.5602276392132444,-1.4258185392098865,0.00031570566075744865,0.011693881758122974
25%,0.7037363967354977,-1.0467549158856717,0.004568413245421347,1.7979316072454086
50%,0.8783726780000525,-0.7503055989666318,0.006823612053268108,4.1032606718398625
75%,1.1060441900949072,-0.7150740422095395,0.008827796259976095,13.040095625300626
max,1.3321636803083532,-0.6101351389647713,0.017934319720929397,1208.6922336150594
