,X,Y,SPEED,CURVATURE,ARCLENGTH
count,180.0,180.0,180.0,179.0,180.0
mean,-0.0870833333333333,0.0010755555555555132,0.0042412146970213106,102.39260121009454,10.389023806749497
std,0.07501304579275624,0.1562234174472813,0.002233030509488271,454.3033197446717,7.6880210009887335
min,-0.18030000000000002,-0.1988,0.0,0.16621181684218767,0.0
25%,-0.14905000000000002,-0.1748,0.002330118903881457,5.211579495760207,2.157591405788656
50%,-0.10400000000000001,-0.02735,0.004223881966216749,13.184148923752709,10.932895010004792
75%,-0.043975,0.167275,0.006284301689575391,26.408440811812437,16.236056783091794
max,0.055200000000000006,0.215,0.008488963423174825,4685.212856658041,25.786233912219423
