,X,Y,SPEED,CURVATURE
count,180.0,180.0,180.0,180.0
mean,-1.936520431589087,-0.48823016630678695,0.013048374615276864,98.30832708601385
std,0.12329598161374518,0.4882715415333777,0.005972657280482291,945.623795996504
min,-2.135555836021427,-0.9297857464497505,0.00017307678007768583,0.046140684295502186
25%,-2.027444352465035,-0.8776635048328976,0.008726047900237371,4.103682669273782
50%,-1.9457269220848148,-0.7843309850813274,0.013050437938762656,8.853495730777192
75%,-1.8298644850723536,-0.030384241000682283,0.01684915989442539,19.86860677823813
max,-1.7129875622386106,0.45644420203133895,0.029541149584987752,12670.679171714422
