,X,Y,SPEED,CURVATURE,ARCLENGTH
count,180.0,180.0,180.0,180.0,180.0
mean,0.4713772222222221,0.5530372222222225,0.003671833959027583,79.35065063661293,0.3784351284668694
std,0.06682487061733057,0.06169958669089634,0.0018223118534355447,266.8295032250204,0.17626533017544233
min,0.2619,0.4733,0.00039051248379530745,6.569367009616637e-11,0.0
25%,0.465075,0.5075000000000001,0.002424958953297371,7.937725057557111,0.25716945669562485
50%,0.4887,0.53815,0.0033708294526886068,19.523931747811808,0.40421248519536496
75%,0.504575,0.58455,0.004698669934237908,45.32104350246641,0.5269452937674648
max,0.5587,0.6722,0.008818871809931258,2896.572037826492,0.6582710953628473
