,X,Y,SPEED,CURVATURE
count,180.0,180.0,180.0,180.0
mean,-0.21729931253973842,0.6122234382741905,0.00895411789659147,77.70091553016644
std,0.2154214960328684,0.09977695499020099,0.0046396625454964875,277.9683978678021
min,-0.5665643304991932,0.39622709479475626,0.000932891118353615,0.06575627866222972
25%,-0.3833492662842824,0.5574559611354939,0.005225557777992377,6.786561757407299
50%,-0.24835214014423906,0.6292645444023022,0.008638260610504076,16.430080737431194
75%,-0.10755768922270023,0.6747043687238143,0.011992509922645903,44.24175970868871
max,0.16082008787966248,0.7627276328589874,0.023760292922606226,2567.4302172877633
