,X,Y,SPEED,CURVATURE
count,180.0,180.0,180.0,180.0
mean,0.5207825120586345,-0.7707854418153207,0.014206043828379544,33.30725278889612
std,0.12462083194252828,0.2756130086849712,0.006485583115982863,217.9357819680318
min,0.23176945475653687,-1.4006787739352191,0.0005225964207733222,0.18184087076108282
25%,0.4374752077529828,-0.9520086990193739,0.009108873185485209,2.6644827839969025
50%,0.5564695035801162,-0.7854688930417875,0.013847263998490324,6.701922654099153
75%,0.608317513980709,-0.5437597073768328,0.01888568617309971,18.585465163919352
max,0.6863883723154435,-0.3354501590984194,0.030053804390009747,2906.736694424668
