,X,Y,SPEED,CURVATURE
count,180.0,180.0,180.0,180.0
mean,-0.7962458436787115,1.7288672300951096,0.010644240568433274,89.56559420156303
std,0.2928715956347331,0.1326284858035206,0.00500145668687421,531.247513492815
min,-1.3132965721714116,1.4362474429152485,0.0006513832457583747,0.06222591930451166
25%,-1.0155057307769466,1.6545990996079083,0.00642661145877099,4.708969789950685
50%,-0.7475186198159256,1.771164302094463,0.01039955708326655,10.516018358535327
75%,-0.4932696085959006,1.8200478537860465,0.014630726923210866,28.91309000803706
max,-0.4102938453325766,1.9155289019834596,0.020370599071053416,6645.75621934881
