,X,Y,SPEED,CURVATURE
count,180.0,180.0,180.0,180.0
mean,-0.5646836250480131,0.049837854726891694,0.013406056290055519,47.63739514951207
std,0.24547845825979284,0.40349391187979805,0.007647080634085618,213.85861997407886
min,-0.8203029347838792,-0.5635618500450442,0.0013817367058177586,0.13931801305137462
25%,-0.6961008227863645,-0.41423126760105317,0.007132951526843362,2.7027558021499005
50%,-0.6393355196878915,0.10350439068807721,0.011321356577196476,8.3517201086921
75%,-0.5542476651853278,0.4556413534250071,0.01981830761492103,27.52483270743297
max,0.17480059264238593,0.5941591282745745,0.030538357747445007,2667.475790296453
