,X,Y,SPEED,CURVATURE
count,420.0,420.0,420.0,420.0
mean,-0.11685057807650082,-1.2827458940813605,0.007941107294698314,78.41889476233021
std,0.27482318475919487,0.2229135654738841,0.004877589673995629,819.4591316011534
min,-0.6039561647163749,-1.5712918313439923,0.00023104914429082036,0.1383928649743131
25%,-0.39228230856432705,-1.5076584721623814,0.00497480649634993,3.725988046369678
50%,-0.04537657402645502,-1.3380756205345814,0.007471597047172316,6.938502575038351
75%,0.09146916545526032,-1.0553014771567288,0.009471960076079793,11.63458926370118
max,0.28870112633903966,-0.9099326479668154,0.026348930695144664,15337.641741994266
