,X,Y,SPEED,CURVATURE
count,420.0,420.0,420.0,420.0
mean,0.3785143496740326,1.6535048120781757,0.010862695214516847,19.227453217808087
std,0.21290860308369763,0.3212185863449356,0.005238381773569319,68.33750570370056
min,0.12156667791690645,1.0596963829695483,0.0012904393024259359,0.017236794578290422
25%,0.23587713631229829,1.3682013418959513,0.005914889706482083,1.1593203659425755
50%,0.3407562691251791,1.7616922108056356,0.011358154403854934,2.524866591193656
75%,0.43649765395778917,1.933783318217014,0.014679939280354149,8.399469756103255
max,0.9702501043824928,2.0622497178846375,0.020920984570946745,723.3774782273845
