,X,Y,SPEED,CURVATURE
count,180.0,180.0,180.0,180.0
mean,1.0030995458216827,0.7879138799792665,0.010563576931153812,54.57427751930132
std,0.12477547142359924,0.07592043863738117,0.00481983567441412,169.00164384304537
min,0.7382588092136317,0.6235738539619384,0.0009418959609198166,0.08068757126527051
25%,0.8998720197828651,0.7444154546900308,0.006464064305306117,5.266833254854945
50%,0.9915478988659538,0.7792282250126947,0.010867879161959325,12.215239544067938
75%,1.0772739765183577,0.8469190781134704,0.014451220235946406,30.169264997290867
max,1.2234981625791133,0.9508688390726303,0.020786740240949595,1538.9649549767382
