,X,Y,SPEED,CURVATURE
count,180.0,180.0,180.0,180.0
mean,0.6253291930933866,-0.6284242902489073,0.012519899275162968,36.804517044071034
std,0.4218192062054622,0.2782866257245976,0.005264909835600207,162.84196387329655
min,-0.21559850616611828,-0.9710634652958715,0.0007820568251372355,0.02425020338479102
25%,0.3090593130292123,-0.8912927668546063,0.008650284575252647,2.3768636559165666
50%,0.7511293792349023,-0.6951828720551176,0.013084799834604118,5.889845287007838
75%,0.8092919387251274,-0.34062422726044,0.016152539994608778,17.3077748550903
max,1.4492515799742145,-0.19278204035189075,0.025231430885292713,1839.9605994331787
