,X,Y,SPEED,CURVATURE
count,180.0,180.0,180.0,180.0
mean,2.7569640214883546,0.42210588039829716,0.008621059846239105,139.27131619976325
std,0.19208648857352215,0.12968083580187453,0.005259901625794695,627.6014217506371
min,2.4654101333719045,0.2328391290782378,0.0004335331678664764,0.17616825357391908
25%,2.6056954697493313,0.3410042094556655,0.004421182580761899,7.059100427210237
50%,2.7388674849890395,0.38416814798154847,0.007724036727437216,20.793281065387642
75%,2.9662690893214028,0.5048683540125904,0.012201722634150081,80.41905997846152
max,3.0437880148914673,0.6961997095262623,0.022547318468604197,7562.93456341839
