,X,Y,SPEED,CURVATURE
count,180.0,180.0,180.0,180.0
mean,1.9424161015703647,-0.38198900500870087,0.011510694619448775,48.27170701230888
std,0.151246505520025,0.25559948825357565,0.006508681882866524,140.14081446202204
min,1.556333757349299,-0.8494868249646618,0.0011683844981909095,0.08375148601144951
25%,1.853884726246918,-0.4982695270884453,0.007021537237881862,4.494377062003962
50%,1.9655050880483302,-0.3439065275484051,0.010665297104119283,11.241515825981898
75%,2.0316489247495584,-0.27199019815002967,0.01414250832638357,35.64605941221705
max,2.181617894491799,0.23845452760298785,0.030188754182963552,1241.6561354957223
