,X,Y,SPEED,CURVATURE
count,180.0,180.0,180.0,180.0
mean,0.7107750516149948,-1.405516370067119,0.013590835948452024,30.12172775515088
std,0.25952625964514303,0.13552073040913531,0.005355198630159665,168.2940030946184
min,0.31132914707869574,-1.6497109583816971,0.001127966612380865,0.09195126894973843
25%,0.4288770653479492,-1.553417200284633,0.010194119060182185,3.466209479325608
50%,0.7421452485631941,-1.3844996890160184,0.01285604710849677,8.256005560258181
75%,0.9560462599023274,-1.2741464144596184,0.01670097775357945,17.56083064833811
max,1.0971405844978508,-1.1908376168204804,0.030339817652608334,2241.5865257128467
