,X,Y,SPEED,CURVATURE
count,180.0,180.0,180.0,180.0
mean,-0.7276209896662569,0.06967145579570756,0.010054237306549934,115.60220462535155
std,0.13468104187098973,0.19390166121922978,0.004577498068493796,659.7617309578882
min,-0.9915355659262071,-0.3846186150945547,0.0004104969324720631,0.026420773776937426
25%,-0.8443459697405318,0.033914777116676995,0.006313066747815213,3.959660946797749
50%,-0.7049478372404041,0.09145149468080899,0.01037314067386982,10.618085927623522
75%,-0.5955827153186501,0.2297493815244101,0.01351702215861195,31.550145086334314
max,-0.5440525333575126,0.34356142150025937,0.019565275929293725,6170.153542643984
