,X,Y,SPEED,CURVATURE
count,180.0,180.0,180.0,180.0
mean,-0.5731473652475866,0.8350386818133557,0.011134646846174927,44.86042116839116
std,0.20861824397408946,0.10625172309694075,0.005037754855710047,121.34249652133994
min,-0.9647179701328583,0.6695441343390603,0.001253775029035533,0.14128495382348477
25%,-0.6854545725069437,0.7678491088673702,0.0077747103877979385,4.475914350659416
50%,-0.4896165736457412,0.8240679756585684,0.01093019440997097,11.48845556645951
75%,-0.4289791063979357,0.9176919646844027,0.014084027024979648,29.479533673145433
max,-0.3126189457722499,1.121803729184325,0.023651546003413664,1048.9587009228412
