,X,Y,SPEED,CURVATURE
count,180.0,180.0,180.0,180.0
mean,0.9706327032117771,-1.2256239328049616,0.01117676859081021,67.38207279112581
std,0.20561834591293962,0.11085917518424832,0.006427775256020058,426.01816192651853
min,0.5434085653059028,-1.4295735837664394,0.0003172576351316729,0.005438344623095409
25%,0.827303684722219,-1.3106128477917278,0.005862185563934531,4.199532116446295
50%,0.982622922471954,-1.1988895041803727,0.009285907197992743,11.383235679016236
75%,1.1562741072890466,-1.1500712094472094,0.016946042265871812,32.639291351165426
max,1.2895539058167318,-1.037849317236873,0.02648935278006569,5601.579503053752
