,X,Y,SPEED,CURVATURE
count,180.0,180.0,180.0,180.0
mean,-0.5359846810018718,0.10527435288730386,0.010152494804499208,131.2779521057703
std,0.08394243434082026,0.13473088884409853,0.005504293383578328,1200.1852226154017
min,-0.839437564888459,-0.11187147253343745,0.00048709853903620135,0.053371840062606264
25%,-0.5641407715060325,0.01247985048599048,0.005930530705341899,5.655552007793754
50%,-0.5411712312255875,0.10064375758091526,0.009427363298416331,14.27548639643156
75%,-0.4760275498269551,0.17893855202052303,0.013767729164539435,36.8870571785073
max,-0.414380957721163,0.487708490912889,0.027259756140365517,16075.689691813312
