,X,Y,SPEED,CURVATURE
count,180.0,180.0,180.0,180.0
mean,0.07970292616330071,-1.0540963855991001,0.01026798628962705,352.2729291189015
std,0.1054122343127648,0.10288602287608963,0.005290448832610326,3938.068850860686
min,-0.13399739679818357,-1.262960545578693,0.000216961911336817,0.0463312514454432
25%,0.006134014603005782,-1.1121297265856853,0.00638259072778149,5.276340456066956
50%,0.061189500716160514,-1.0301576375640162,0.01038431755674631,13.487259573163394
75%,0.1735065211955863,-0.9944721133507188,0.01349998993076891,32.88955045386882
max,0.30647159709965005,-0.8908863412266058,0.02632498663122995,52831.99807749306
