,X,Y,SPEED,CURVATURE
count,180.0,180.0,180.0,180.0
mean,0.7882052462379618,1.2576924384044301,0.011803164737714408,43.240901358006795
std,0.11123155280302621,0.19293799000382675,0.005532360141288999,187.1747858822126
min,0.6181449892285575,0.964939294466026,0.0006376029247250215,0.03821889029547585
25%,0.6946101334801822,1.1434205696949775,0.007650411367561347,2.883456108623231
50%,0.7901519313438028,1.2405251648559088,0.01136878570587517,8.00537275553306
75%,0.8688862672220479,1.3937889174653781,0.016266660872302476,20.606448420138562
max,1.0936177947913253,1.6278118181056582,0.024592997430742114,2176.767248953619
