,X,Y,SPEED,CURVATURE,ARCLENGTH
count,180.0,180.0,180.0,180.0,180.0
mean,195.33867666666674,59.323808888888884,0.5231631719469895,0.39103457380182305,47.95907755204857
std,7.14127687286185,5.268358404137449,0.18788920719530133,1.7668563920093234,26.579307953429932
min,181.5128,48.3572,0.022622389352137805,0.00451788195264444,0.0
25%,190.38935000000004,55.410849999999996,0.4001802440495178,0.06742582268650966,24.245887393373337
50%,196.34795000000003,60.993,0.4957613377935381,0.12333555039392409,51.47106178327827
75%,201.306375,63.3678,0.6289851546746266,0.3518168063495387,69.30704337333582
max,206.2321,66.8773,0.9729432473171391,23.436588842719832,93.74819410888736
