,X,Y,SPEED,CURVATURE,ARCLENGTH
count,180.0,180.0,180.0,180.0,180.0
mean,-49.925737222222196,28.08624055555559,0.28270731288768014,2.760757576533556,27.82345333107847
std,8.500459226122759,0.4785247315835619,0.17683994784712798,15.527648860399703,13.247956627351
min,-60.6111,26.9798,0.005922203981627181,0.0006451103127132603,0.0
25%,-57.656425000000006,27.832175000000003,0.12183505238357167,0.014735777612224842,21.236191688156858
50%,-51.84725,27.96895,0.2690918108053997,0.04078297690530201,27.18948736008045
75%,-43.173325000000006,28.442,0.43662435840920283,0.1598427445494079,38.55154157489538
max,-34.069900000000004,28.939700000000002,0.6581912810877996,163.67446439969572,50.69578605072117
