,X,Y,SPEED,CURVATURE
count,180.0,180.0,180.0,180.0
mean,0.5651240931322212,1.3802915640644093,0.010946185210343294,38.53876195233448
std,0.23977776161588074,0.305941432954944,0.005331819400485378,112.72034661615315
min,0.24937421300552998,0.941906421803767,0.0016602047245151874,0.037782803999998414
25%,0.33884505027636397,1.0560878318430333,0.0065186337785573655,5.0737184495203325
50%,0.48966267361011373,1.3510583796959883,0.010137936956821235,11.617193753306475
75%,0.8116784852521429,1.7247653477626583,0.014668058340255143,32.29307267470555
max,0.9681468429373089,1.9285843417062338,0.02616576495263302,1044.2560188169798
