,X,Y,SPEED,CURVATURE
count,180.0,180.0,180.0,180.0
mean,-0.1448251695959462,0.3457978306820693,0.011857433553617942,39.42018880849473
std,0.1320261366116771,0.14351257429775702,0.005896635732008712,108.56754895064103
min,-0.35382227357726825,0.03747475469512252,0.0014522480527651635,0.04679157959092501
25%,-0.25642288582568107,0.22861463963444195,0.006906033919928707,4.142536525226414
50%,-0.14534841054647166,0.3484036456815826,0.011814134521033812,11.566691349770936
75%,-0.05015096521011691,0.4926487945609418,0.016395090451680788,29.054241238407414
max,0.2174906807962912,0.578339255581946,0.024692539137063936,988.8639911121023
