,X,Y,SPEED,CURVATURE
count,180.0,180.0,180.0,180.0
mean,-2.07379404738314,0.32077515044353355,0.012228033970647886,160.9638148820705
std,0.14425753600711827,0.41551782743603305,0.007335648589198304,1095.2130334542514
min,-2.32392469031588,-0.17869648958473652,0.00045938377184886195,0.013575301321129128
25%,-2.227416927714895,-0.0005541795439510293,0.007084932694839533,4.055913729248532
50%,-2.0470736968724506,0.17744461956590518,0.011149824863556632,12.28668656231877
75%,-1.9413387049904176,0.6442380898063834,0.015194190444290111,31.132432811349723
max,-1.8649603829408363,1.0758238565950526,0.03832369671601827,13454.995958665046
