,X,Y,SPEED,CURVATURE
count,420.0,420.0,420.0,420.0
mean,0.6687637022426305,0.5086153184922103,0.010387136680385036,36.30886141228964
std,0.368899930067602,0.29072919097212035,0.006221609799164219,210.27150386781736
min,0.0999049157542456,0.1357362814132631,0.00028397387550257373,0.0006103692830822543
25%,0.2920518781718602,0.23700594823769133,0.0061790512748710474,1.3631523961101009
50%,0.8272710519630987,0.4510532312269069,0.009393408664349779,3.6484147702527085
75%,0.991199045350966,0.6751248140637179,0.01400819898868956,10.91161856825085
max,1.1595018844742828,1.1057215160918057,0.026877322021751134,3260.2371815613146
