,X,Y,SPEED,CURVATURE
count,180.0,180.0,180.0,180.0
mean,-1.8057088997400785,2.3857818649591827,0.015611401459695189,22.814154186842078
std,0.14603549365764212,0.3950926472492578,0.006061422492492725,134.50034289872346
min,-2.104011224237621,1.7316504484679336,0.0008267515559514934,0.010991995417597348
25%,-1.9128295236886,2.010139246081889,0.01156384134231051,1.6080246979088817
50%,-1.7599243923275076,2.3406571741842805,0.016059677994610236,4.692531361751591
75%,-1.6874137589295726,2.7510639961798917,0.019836820570207258,13.286298112528725
max,-1.6019923075120588,3.0358219508325437,0.033268684129029086,1772.789061680623
