,X,Y,SPEED,CURVATURE
count,180.0,180.0,180.0,180.0
mean,-1.911573122522627,0.2094395651645684,0.009308716639978894,62.456187526783886
std,0.20493445453766798,0.11131587764869989,0.004431689256166432,153.11027207987786
min,-2.2444992973927778,0.05379823115292838,0.0006213322553517006,0.033938648850416066
25%,-2.1140064082530077,0.08732518549335072,0.006107503615705369,4.750933941012008
50%,-1.8529035167016674,0.2341399458663824,0.008892671603765499,12.031633672942384
75%,-1.7509575663735457,0.28394274864411484,0.012224463295860744,44.9282738201835
max,-1.6162259787487814,0.3880272735419046,0.0208743089957108,956.1230623864398
