,X,Y,SPEED,CURVATURE
count,180.0,180.0,180.0,180.0
mean,1.248022219884248,0.4324400697086117,0.013677268282115016,23.596471558516768
std,0.253195994541489,0.2676354661582237,0.0068076869057492675,53.25642990196206
min,0.8998272768326729,0.01952416824302307,0.0016608900854597638,0.034274744017997516
25%,0.9677957010788536,0.24713122724459846,0.007716495284600614,3.671057564698242
50%,1.2268153582838646,0.376881595952952,0.012369465084534775,7.94127273553055
75%,1.4803493300681596,0.6047763662015169,0.019223894298334376,20.651654006967625
max,1.6484406443847834,0.9222292488122285,0.031213093832034144,508.421833456395
