,X,Y,SPEED,CURVATURE
count,180.0,180.0,180.0,180.0
mean,-0.352664562180767,0.43833155553441605,0.013932136096127088,215.59632440848583
std,0.327357274813621,0.20502391309456125,0.005810647433365862,2665.900856232976
min,-0.7465156721709151,0.1381358763664006,0.00021016674190002014,0.012229846339007977
25%,-0.6357705809185723,0.2665234026332032,0.009069488390879543,3.1733337836491056
50%,-0.42682515045996516,0.4469294291863933,0.01465567452040953,6.710059742844253
75%,-0.08618194509122401,0.6371972289646235,0.01804514434577754,16.476571595619028
max,0.37318873522708434,0.739603928174465,0.0280328589505201,35780.01186525331
