,X,Y,SPEED,CURVATURE
count,420.0,420.0,420.0,420.0
mean,0.834037181839377,0.672397913255773,0.01203100260859307,10.783997970063114
std,0.2295888871788477,0.36637748514934365,0.00625178111309283,24.208289485582196
min,0.4160658231092507,0.08181268438323411,0.0022723354122447703,0.006858957499580971
25%,0.6172409022827172,0.3051588685160891,0.007182814056469528,0.7676637292377825
50%,0.8685462945050695,0.7798223170818207,0.010366431442066686,2.161241764808466
75%,1.0174485858900557,0.9562361315240301,0.01605504752863584,8.61129788784183
max,1.194890888516328,1.33578645438869,0.028182731026380064,203.9305439339963
