,X,Y,SPEED,CURVATURE
count,180.0,180.0,180.0,180.0
mean,-0.9632541661406991,0.6327157639847881,0.01023466293269863,573.429854268344
std,0.07229247959335801,0.22623903302818704,0.005573188505545969,4562.671322339921
min,-1.1180759368334172,0.19681835398517342,0.00011231787656554022,0.2002248961174036
25%,-1.0151813641168812,0.46337133138674574,0.006397314818099025,5.4108489346314625
50%,-0.9694177570775013,0.7244770309029535,0.009128686057998964,13.346052049764301
75%,-0.9049279827866951,0.7886175240161645,0.01367428027095145,46.60321037826288
max,-0.8375268720833334,0.9479949726772344,0.027927384959276068,52584.19981027138
