,X,Y,SPEED,CURVATURE
count,180.0,180.0,180.0,180.0
mean,-1.3118155721773133,1.3709659395795273,0.009582647206114939,147.37304128764953
std,0.059315343039801405,0.10580924517456139,0.004038074987698324,1496.8022208345774
min,-1.408129084809521,1.1950655026980728,0.0003114122270107567,0.019989254847109398
25%,-1.3529521249146936,1.2668643659917316,0.006521958134095253,6.761181275831188
50%,-1.3207944088793457,1.3727752958267443,0.00928683423912563,17.162826640465383
75%,-1.2564199809727834,1.4519581687983194,0.012445980602452382,34.71368213169934
max,-1.1891032180430374,1.6140822468750853,0.018973205253542413,20096.510623689333
