,X,Y,SPEED,CURVATURE
count,180.0,180.0,180.0,180.0
mean,0.6842763568509351,-0.34573797817846535,0.011965454221798622,45.9618385150746
std,0.2794954806392336,0.15410562839061004,0.0060924282932421575,174.47427732772655
min,0.02716361639306989,-0.5509061119681055,0.000852574413601354,0.12846837473304976
25%,0.5871780233034014,-0.4731556466013932,0.0077726623939196,3.9228975192309523
50%,0.7961865002382775,-0.3876639935302103,0.011483809495730343,8.862612169146477
75%,0.8863611502244282,-0.2224574885697063,0.015457782614736819,22.31334795062998
max,0.9855280795930029,-0.03179457588285646,0.03383155944293966,1977.6312204037083
