,X,Y,SPEED,CURVATURE
count,180.0,180.0,180.0,180.0
mean,-1.2656513702043333,-1.3620669956243001,0.01191534167561956,38.13141482912368
std,0.2132821264388867,0.14912083923078467,0.0061372678705189304,113.15688464680969
min,-1.5443247677011103,-1.6726036468935723,0.001327530105319034,0.17837775328079591
25%,-1.3986423348796029,-1.451038062323899,0.00773401194697715,4.085135075299781
50%,-1.3378697594669493,-1.3607387300132143,0.010796735411888799,10.425683822417444
75%,-1.253280539052608,-1.231471273430484,0.015665919447915407,28.697266470145266
max,-0.8114944711553711,-1.1368186989455085,0.03355204572660529,1089.8619962698845
