,X,Y,SPEED,CURVATURE,ARCLENGTH
count,180.0,180.0,180.0,180.0,180.0
mean,-1.3944916666666671,-0.17605555555555552,0.005128433121097843,21.638166705797296,0.4809258210986134
std,0.11897548917798012,0.1715830161218684,0.001558529908300103,61.56722381870059,0.2803905391206638
min,-1.6131,-0.4526,0.0009552486587271391,0.07699809426783286,0.0
25%,-1.506475,-0.348575,0.00409386051425953,4.09709193193952,0.22162835004866116
50%,-1.3547,-0.1236,0.005391312425005804,7.2620213314854825,0.4957499838251601
75%,-1.2861,-0.023225000000000003,0.006289326260805031,15.562443712427125,0.7334977828860216
max,-1.262,0.0575,0.007901423922306569,652.4873555575937,0.9210427905845117
