,X,Y,SPEED,CURVATURE
count,180.0,180.0,180.0,180.0
mean,-0.28899808231909635,0.276803073511062,0.008797325479181248,96.21771593466829
std,0.0454621567133545,0.11802361282730388,0.00512106050654666,343.2265050882891
min,-0.3582589587417954,0.10169356427618181,0.0006127376552194736,0.05352852201447465
25%,-0.32223560370208265,0.19203344389994792,0.0046947908295612885,6.644762398992261
50%,-0.2983386580718337,0.25122858991444597,0.007974168474541883,19.280083225532938
75%,-0.2697755386466198,0.38298742327824725,0.012409241503859966,51.34215948071319
max,-0.16099804839931384,0.5091185999881116,0.024013460363363333,3968.871296805254
