,X,Y,SPEED,CURVATURE
count,180.0,180.0,180.0,180.0
mean,0.1237636180403385,-0.43137530450520734,0.011599622059528738,57.50522896167892
std,0.21569603279688762,0.29018338488902307,0.00557539121987023,248.19692297364497
min,-0.3150488784398966,-1.0197957908944708,0.0008686089525702364,0.09424494935524669
25%,0.02328866961853164,-0.5652643729770184,0.007271754639984018,3.1103898649912365
50%,0.09285888885949442,-0.40671528119335243,0.011413683348510003,10.350498493954742
75%,0.20642522822442388,-0.22627032204469444,0.014742174128982348,24.83625883329826
max,0.580775437874715,0.0006359434209383878,0.023114759975218304,2375.779371167739
