,X,Y,SPEED,CURVATURE,ARCLENGTH
count,180.0,180.0,180.0,180.0,180.0
mean,1.1015838888888885,0.2502066666666667,0.005560877781125576,4.33229736312762,0.44458758564423995
std,0.29576616616212975,0.08851643384961075,0.001749085786118468,5.457138555348766,0.3216519872102136
min,0.6204000000000001,0.0374,0.002593260495978001,0.3934692768578845,0.0
25%,0.819725,0.19585000000000002,0.004057386567329537,0.9023349318287125,0.13792432387481526
50%,1.1342500000000002,0.28090000000000004,0.00590645821496694,1.7615651139728747,0.4032521510654945
75%,1.3970250000000002,0.32384999999999997,0.007233253255440045,4.987987838972142,0.7405111470281501
max,1.4732,0.3392,0.0077073017327726175,21.90487027764952,0.9974023703698168
