,X,Y,SPEED,CURVATURE
count,180.0,180.0,180.0,180.0
mean,2.471746789495694,2.3901964190313567,0.010717046082563658,77.69063343093636
std,0.13610452513448607,0.2788309993421736,0.005133807662713121,443.59458545454055
min,2.052057388622743,1.8266798013956507,0.0005751737843151791,0.29950049393804
25%,2.398591261622764,2.2345643165614746,0.006962728815759768,4.140850741806021
50%,2.515151075537987,2.4319964484557968,0.010766938495434027,8.163790341443995
75%,2.569542498618895,2.65421514621658,0.014161497339008402,30.87094687937388
max,2.6171490741081027,2.7484499828873106,0.02419452246550713,5241.884725301483
