,X,Y,SPEED,CURVATURE,ARCLENGTH
count,180.0,180.0,180.0,180.0,180.0
mean,1.1896111111111112,2.0318827777777786,0.004586482289577523,67.48924832447845,144.6041751718562
std,0.11115504692482066,0.03839815642477969,0.002179551921213487,356.465514151076,89.83262101434943
min,1.0038,1.9855,0.0002915475947422329,0.0,0.0
25%,1.105475,1.998675,0.002955277027016395,4.073752019254024,64.99977063173081
50%,1.2133500000000002,2.0178000000000003,0.004566937363965132,9.148289671495146,140.31162233962124
75%,1.2752750000000002,2.068175,0.00642003555491846,25.716470630717613,222.9381941884301
max,1.349,2.1036,0.009128526715741091,4438.786909571641,301.3222664008708
