,X,Y,SPEED,CURVATURE
count,420.0,420.0,420.0,420.0
mean,-0.5387229781690781,0.6555771465658514,0.01026421269784798,34.04285794794521
std,0.3396882795709631,0.16757161580467214,0.004267809001099587,393.2709141383902
min,-1.0053458362745653,0.3312489270500983,0.0002944114516261832,0.019784109875200472
25%,-0.9323744490649757,0.523115499376582,0.007011260215563316,1.168194800532123
50%,-0.49375324496268724,0.6404618039721354,0.010080845830889132,2.8759791832232073
75%,-0.21638667935235031,0.7975237729532536,0.013252308297615534,11.613777999686182
max,-0.015388981393481114,0.923179624441316,0.02054939288487555,7957.411380525533
