,X,Y,SPEED,CURVATURE
count,180.0,180.0,180.0,180.0
mean,0.8347521558951004,-1.3030853161192635,0.01025650611672077,844.9926180480421
std,0.2975996805096691,0.2879961049661018,0.008146088035307168,8630.27523132365
min,0.4820395016491577,-1.7224597835648314,7.078966080166209e-05,0.07129959569731616
25%,0.5648483875151732,-1.6496294880723577,0.003898008968943881,3.88297187425771
50%,0.6940587088846222,-1.1112768874000705,0.006822358169011133,16.146585558411925
75%,1.158670424810218,-1.0437991205294561,0.015236842081291712,68.91182291044731
max,1.250033632890173,-1.0153133497799915,0.032917206085314066,114041.45684402314
