,X,Y,SPEED,CURVATURE
count,180.0,180.0,180.0,180.0
mean,0.6651049451736929,1.3587221704845758,0.012069007504971373,54.2568825910406
std,0.3988149324075053,0.16453517060590794,0.0063964865644765,213.41871983644373
min,0.1376486248259128,0.9893136948292768,0.0007175575323771043,0.06121333620204681
25%,0.34649123239636825,1.256148360431653,0.007078141480655264,3.0420006742216663
50%,0.5169529376647428,1.3493304864546798,0.011752825491627534,8.521393743114825
75%,1.1701699512062922,1.5186981460828528,0.015785754074333466,23.77945934992509
max,1.193740542395692,1.6103093489340414,0.02950323564967588,2111.7481653982536
