,X,Y,SPEED,CURVATURE
count,180.0,180.0,180.0,180.0
mean,0.056267751964637805,0.7048720011018199,0.010136022923146212,54.82726105862561
std,0.09453898343302727,0.14293782843608735,0.005260599660643152,182.22081724351978
min,-0.1674710970703103,0.45034035873597184,0.0005360551265192197,0.17119952207766317
25%,-0.019882544424820396,0.6091792413562218,0.006502960554295558,5.260601535407582
50%,0.058440296757441924,0.6705576613465698,0.009301288291108871,13.000862536211354
75%,0.11847796011511988,0.815409821378621,0.012464434335215328,34.236711230730464
max,0.24528974821788654,0.98381709818354,0.028116847838144818,1933.546876740901
