,X,Y,SPEED,CURVATURE
count,180.0,180.0,180.0,180.0
mean,-0.7407789618114589,-0.08524759519652605,0.012929543246507028,26.24445249954708
std,0.32115868271999803,0.15600623936196958,0.006005660612778557,62.67773706969937
min,-1.1791573798057622,-0.3899577064443511,0.0021750949666573343,0.0285794907248504
25%,-1.0343637489184716,-0.1897839807699221,0.007871403324586839,4.0005084249242575
50%,-0.7704037847388558,-0.03229823646646224,0.012934423822189942,8.845150044212328
75%,-0.5316215646971334,0.0314427422937489,0.01685627940196088,20.373593801981045
max,-0.04140180617962208,0.11007019562045665,0.028840898813566468,574.4671471830208
