,X,Y,SPEED,CURVATURE,ARCLENGTH
count,180.0,180.0,180.0,180.0,180.0
mean,0.8287366666666665,1.0104127777777774,0.006545208076422398,13.838014630604173,0.603481865534976
std,0.21577929182876404,0.08695745124735645,0.0027061849525543925,26.604871043358493,0.3553656897810284
min,0.4272,0.8755000000000001,0.0018357559750686277,8.50743175971556e-13,0.0
25%,0.6708500000000002,0.9229,0.0040307398475892976,2.445339029735833,0.30269693286765575
50%,0.8576,1.0091999999999999,0.006421433977359397,5.145157760137474,0.6565097220482001
75%,1.018575,1.09325,0.009129653341235692,13.553487068616647,0.8705538114930801
max,1.1002,1.1366,0.010798379508055813,183.46406428714877,1.173787311682946
