,X,Y,SPEED,CURVATURE
count,180.0,180.0,180.0,180.0
mean,0.48145817520041256,0.7087600117127629,0.011998055981150505,24.733637192372626
std,0.09085638762384637,0.17562397287833706,0.005127141483745948,54.21817232492604
min,0.22895225039400893,0.416062077692232,0.0025319953797579716,0.3364653991154515
25%,0.4129415735665433,0.5726777154155557,0.007973186510039861,3.7674863917602233
50%,0.501914870221962,0.6868238834191314,0.011423316785107534,9.612475650194682
75%,0.5254284664227031,0.8753147824262972,0.015850468124747566,18.527819746952698
max,0.6733539198286433,0.9746259807498502,0.025051034670717533,437.92378009551044
