,X,Y,SPEED,CURVATURE
count,420.0,420.0,420.0,420.0
mean,1.4173217349484344,-0.06495900900716453,0.009114326057380938,63.20945012147703
std,0.1740058098384189,0.19481688407161926,0.004708413907752422,475.3691083853238
min,1.1166875380954937,-0.31471198061762484,0.0003338611282686873,0.022425094223204867
25%,1.2646247908548196,-0.2453465416205935,0.005318762634349961,1.8039923608944723
50%,1.423444297609037,-0.12290182619672917,0.008893851948420144,4.686025904649943
75%,1.5706565822534,0.13134196240151608,0.01285033967859452,9.767036118655405
max,1.7224870897387603,0.33911020989797885,0.01875329816841788,6104.925170719284
