,X,Y,SPEED,CURVATURE,ARCLENGTH
count,180.0,180.0,180.0,180.0,180.0
mean,-0.8626449999999996,-2.160822222222222,0.005397460981742164,31.831806373055016,0.46117699638460297
std,0.10535781823447414,0.11504922267226422,0.0019048448830566462,190.37729073342794,0.28544766941136923
min,-1.0226,-2.3034,0.0005315072906367888,0.03654177274642851,0.0
25%,-0.9580250000000001,-2.2664999999999997,0.004195895721066333,2.3525619319377125,0.2210515375223976
50%,-0.8769,-2.1772,0.005240821787518547,7.395459158954853,0.4487241541087301
75%,-0.764475,-2.0898250000000003,0.006252644698609343,16.988614511893896,0.6889719185121659
max,-0.6872,-1.9071,0.011252777434926926,2497.489031106826,0.967617363320055
