,X,Y,SPEED,CURVATURE
count,420.0,420.0,420.0,420.0
mean,0.2717733707699366,1.5226104179377122,0.013157396484788409,4.445424138186924
std,0.4471560673412207,0.5337423463839845,0.006327708663690804,11.15280289300647
min,-0.49099491154982844,0.9685997454492644,0.0029146994162239518,0.009650962203627999
25%,-0.09995219963022217,1.1004324811083845,0.00922923789204119,0.9180776375224016
50%,0.2798701129611786,1.2661119668548708,0.012430373116241969,1.5142544271924723
75%,0.7086231802661693,1.9623615518512803,0.015602157891616814,3.047419791815271
max,0.8720116856225184,2.602883720715711,0.033226594689226056,88.82778995526895
