,X,Y,SPEED,CURVATURE
count,180.0,180.0,180.0,180.0
mean,1.1063325144716676,-0.09490777331224574,0.013272265334366283,28.50225575167906
std,0.09887535856955601,0.41399294202312514,0.006929363734997767,65.6975346652472
min,0.9881340272932119,-0.5813162982317681,0.0015063367696086384,0.11822694078556706
25%,1.0297594723968517,-0.404275056814805,0.008133254643751328,3.764069760038801
50%,1.074847562294503,-0.28041434902959694,0.011231256075505763,10.338552038579689
75%,1.1534215032722999,0.08638912132669635,0.017674197014900722,22.32708154731506
max,1.3614092654497347,0.8933230559721069,0.03812219527069738,634.9606970293784
