,X,Y,SPEED,CURVATURE,ARCLENGTH
count,180.0,180.0,180.0,180.0,180.0
mean,-0.2412166666666668,-0.7193766666666667,0.003758365040084689,34.08756419504099,34.55182866602168
std,0.060349272512081116,0.06892875205844942,0.0016001171405870028,92.54138405491267,17.40507220504927
min,-0.36460000000000004,-0.8114,0.0006499999999999925,0.0,0.0
25%,-0.26432500000000003,-0.775925,0.002462595166015978,4.3874763169536655,21.001843533432687
50%,-0.2293,-0.7352000000000001,0.003994370598036531,8.439368922271825,35.73711645669226
75%,-0.19932500000000003,-0.6571,0.00508428865433609,21.17535703231477,49.969039810622064
max,-0.16340000000000002,-0.6011000000000001,0.006768308503607136,755.5757851615866,61.035176229645245
