,X,Y,SPEED,CURVATURE,ARCLENGTH
count,180.0,180.0,180.0,180.0,180.0
mean,1.4510905555555556,-2.319917777777778,0.004896466118409387,25.111943179581452,173.6519733040655
std,0.14542249935317914,0.06882867496783181,0.0021777333293564595,44.79481334657888,107.94371204560294
min,1.2177,-2.4602,0.0010404326023342807,0.03302747703618984,0.0
25%,1.2801750000000003,-2.376825,0.0036830689497011934,5.262788913183418,78.92238597067745
50%,1.51255,-2.3091500000000003,0.004508462708090601,10.651052304430344,167.90933127810928
75%,1.5749,-2.2658000000000005,0.0060660709173822845,24.10637762460285,266.4218434536734
max,1.6228,-2.2069,0.010157878715558783,255.43982474379098,367.38148038626514
