,X,Y,SPEED,CURVATURE
count,180.0,180.0,180.0,180.0
mean,0.9383105259654149,0.399233097098084,0.01193216159946381,37.23154136253561
std,0.20942637283443405,0.25466006728639085,0.005454436774756389,95.32504449739298
min,0.5266898332949947,0.07253562732452183,0.0016649339634641125,0.21061031252399395
25%,0.7506470463159702,0.15184772147944792,0.007537262582132404,4.443194137789275
50%,0.9675790868474217,0.35287022880220487,0.010843340977225422,11.634757622990765
75%,1.0992654896789043,0.6704994113836474,0.01578703040919271,29.517197084933212
max,1.2866251617387272,0.805535018210576,0.02423905509602587,817.4814823038479
