,X,Y,SPEED,CURVATURE,ARCLENGTH
count,180.0,180.0,180.0,180.0,180.0
mean,-1.466448888888889,-1.1264266666666665,0.006102147466461837,17.143501560602793,0.5971625886580538
std,0.05882834653719612,0.12591091539070445,0.002880155890372439,38.99094561864946,0.26862260366974955
min,-1.6682000000000001,-1.3109,0.0014713938969562728,0.08653744705006632,0.0
25%,-1.495675,-1.2234000000000003,0.00429759992060621,2.857082228654395,0.4105002480974067
50%,-1.46575,-1.1347500000000001,0.005327574801697075,6.044512692083472,0.606858334795006
75%,-1.415475,-1.048725,0.006701722334643862,14.906328921113174,0.8088078869439753
max,-1.3955,-0.8012,0.015356594674601546,345.6997539104318,1.087748669835364
