,X,Y,SPEED,CURVATURE
count,180.0,180.0,180.0,180.0
mean,-0.05214773657677856,-0.8401167636221472,0.00967403971436265,36.852868737824025
std,0.1624073302782425,0.21604287609755943,0.004512584527366515,81.27964890250831
min,-0.3051080048165957,-1.2099006051846142,0.0006094850518123645,0.07579710056555648
25%,-0.21039978195760628,-1.0385533362263781,0.005977090627833123,5.305754606822054
50%,-0.09268292690060687,-0.7711617265441789,0.009366085038521689,14.704932713578115
75%,0.10716515389149814,-0.6405869149734233,0.012625547972662809,33.20593966340039
max,0.18310974046312276,-0.5387790156606499,0.019867489415777807,777.503549595512
