,X,Y,SPEED,CURVATURE
count,180.0,180.0,180.0,180.0
mean,0.6897973938398607,0.7232142098569352,0.011675254702738325,58.986491963266495
std,0.16210811899879185,0.1824640017801714,0.005466934281210009,192.63079041397987
min,0.400598180660739,0.46158223993009556,0.0010564235462153441,0.03661497731281849
25%,0.5627249789458266,0.5484145851069336,0.0077794261684577155,4.1276372550470946
50%,0.6701579035745098,0.6871208446590876,0.011665178965687225,10.16280357820147
75%,0.7758297592992474,0.9167802966818458,0.01587341053194571,27.891320715126124
max,1.1396409857995347,0.9489212813013695,0.02500386545707187,1568.0493132477611
