,X,Y,SPEED,CURVATURE
count,180.0,180.0,180.0,180.0
mean,0.37232041823142487,0.6961741492002432,0.012111362701692815,47.1423809460939
std,0.298891538528387,0.20104435002194232,0.005830245398128405,255.65905551209755
min,-0.3728802080931628,0.46684341515149985,0.00079603664104447,0.015305041103668971
25%,0.15102828691059755,0.5502858890897353,0.008280543778656103,3.263396447724892
50%,0.454256391715426,0.6172977578544061,0.011707342415974653,8.050672839816903
75%,0.5524785167157051,0.8453189866218356,0.016190262867918186,21.88788787651184
max,0.7853163538375535,1.1177331587255996,0.027765609558611584,3334.3678376645157
