,X,Y,SPEED,CURVATURE,ARCLENGTH
count,180.0,180.0,180.0,180.0,180.0
mean,48.483896111111115,6.575630000000002,0.2837753905830566,1.0474138003837525,24.424503952663933
std,4.643422663798496,4.533288303600847,0.18039222448834938,2.7753457802005315,16.33437318767972
min,41.351800000000004,-3.9786,0.03691781412814017,0.001015131112727827,0.0
25%,44.2085,3.954125,0.18353633891906618,0.07551701284450205,9.944029934212319
50%,48.02725,6.5885,0.22560005256820237,0.3130560489219366,21.774673052590217
75%,52.496550000000006,9.886099999999999,0.31815850794880834,0.7715246557606258,40.59223056106046
max,55.5991,14.113900000000001,0.8478734251054219,29.15064443304722,51.03242310924622
