,X,Y,SPEED,CURVATURE
count,180.0,180.0,180.0,180.0
mean,-0.05325174709489021,-0.9371004492383838,0.009916852041190718,165.4478767756483
std,0.27047725214705604,0.13898936589816074,0.004779956017824029,1450.7763395897346
min,-0.743651229698776,-1.1783937386269352,0.0003608296737417103,0.012423319518272413
25%,-0.18652553741167482,-1.0153665745231106,0.006881901946616198,4.584611925759743
50%,0.07096312626410134,-0.9618046171838749,0.009030805161970929,12.924238433424183
75%,0.12319354876573248,-0.8303577058531143,0.01233912857042728,27.938305890038148
max,0.2638225072713707,-0.6808130264727548,0.02333357520661827,19054.450212452623
