,X,Y,SPEED,CURVATURE
count,180.0,180.0,180.0,180.0
mean,1.011314482402968,0.3530023998263784,0.009734337885442469,246.95536541951984
std,0.13484606346494937,0.08844365789662337,0.005047422724177395,2481.9326630507367
min,0.7974811544827274,0.20674864733693135,0.00012409726353007473,0.05806588212072192
25%,0.8699276896579893,0.27990873958233203,0.006221141419595843,6.30732157038383
50%,1.0286881129054684,0.337285970855259,0.009717786987677569,16.03770168600405
75%,1.143290897332666,0.4282687459840737,0.012412039023052384,34.2670478498285
max,1.2149346734311488,0.5259298418085919,0.02525648966614438,33155.69715417748
