,X,Y,SPEED,CURVATURE,ARCLENGTH
count,180.0,180.0,180.0,180.0,180.0
mean,63.27264388888886,56.180076666666615,1.0967286459803696,0.4207253508888977,108.40294995556775
std,10.020106393078951,15.7325779200522,0.4909719260482715,1.3841455233334286,62.17368181511229
min,44.200900000000004,26.8171,0.12459655894124975,8.550905655804442e-05,0.0
25%,55.6146,46.789525000000005,0.749893213119975,0.03481598998639981,52.35201320798291
50%,64.42555,55.42875000000001,1.0667477636784612,0.07619801087205078,117.75986785575873
75%,69.053625,65.77865,1.4444252965491806,0.23972902645134134,167.87922783235967
max,83.4825,86.4307,2.2353508997470626,11.917531978712898,197.7252241045602
