,X,Y,SPEED,CURVATURE
count,180.0,180.0,180.0,180.0
mean,-0.8190968203337609,0.17636781399031887,0.007507779846243947,102.1719938014694
std,0.07787631186999265,0.2194808772622335,0.0034755960388706993,530.8283360510106
min,-0.9371732811660066,-0.14223848375502235,0.0004605583735646153,0.020986507890996018
25%,-0.8722665420022666,-0.033342600335681954,0.005033472559713234,10.763960747622015
50%,-0.8460593122702762,0.1532402537491323,0.006914824744278857,24.488769779760602
75%,-0.7695697777410928,0.3524188333312322,0.009604872273151772,61.74129154683518
max,-0.6038008845432817,0.5459741328762209,0.01698729761249036,6908.354989770435
