,X,Y,SPEED,CURVATURE
count,180.0,180.0,180.0,180.0
mean,-1.5771670003223965,-0.9281051858758367,0.008426778142701447,178.50691406823566
std,0.10665328090865751,0.14042902329680285,0.00410470082292693,1155.7272085504248
min,-1.7678645186913984,-1.2135793273858608,0.00046858823677774447,0.07503604334560082
25%,-1.6639625941500191,-1.018431481469674,0.005627081916917948,7.426815043072299
50%,-1.5683535777484399,-0.9362798301459644,0.008100918290194412,15.917227729135536
75%,-1.5245555484071498,-0.8287460707529625,0.010715950100897573,39.18090282028015
max,-1.281153722559831,-0.6601393999493651,0.02164185584178662,14060.74210801988
