,X,Y,SPEED,CURVATURE
count,420.0,420.0,420.0,420.0
mean,0.225740565931777,0.9407454155747834,0.010980170543363699,9.395394823656606
std,0.16252403591515177,0.2662555395938266,0.0037564926983690208,21.47290442615078
min,-0.04045514882974162,0.42602800323510714,0.001885681359023199,0.003713073947679189
25%,0.09548081595309767,0.7300373181469849,0.00820495284045887,1.768106361598957
50%,0.19826924546141772,0.9735118963888807,0.010245983965720597,3.655415084801567
75%,0.3705620481930178,1.153317338115507,0.013546045897648835,9.609879165815201
max,0.5653395006764126,1.3623696567623755,0.02020514933115478,286.6686305001072
