,X,Y,SPEED,CURVATURE
count,180.0,180.0,180.0,180.0
mean,-0.40109126615795604,-1.7555498967103025,0.011287070693670095,51.59573402327481
std,0.11849683586633246,0.1691482767294931,0.005042569626240154,164.86716702977205
min,-0.7866329294223026,-2.0037433810469465,0.0014592424369451005,0.3008715954600792
25%,-0.44908033981745843,-1.8966175067373916,0.007399247850231786,4.656102794949442
50%,-0.3987232099091755,-1.7776741618470067,0.011220114975896152,11.26948841206374
75%,-0.33359503781452327,-1.6346039486906294,0.01505308886379454,30.755740986542285
max,-0.19294901169575573,-1.3307526489278214,0.021911979985385827,1500.9348058326493
