,X,Y,SPEED,CURVATURE
count,180.0,180.0,180.0,180.0
mean,1.2856305863190538,0.6893206379972842,0.00976103093423318,169.86978806133703
std,0.23873345805867294,0.07676101312579836,0.005482983240232184,1172.4272798466368
min,0.7179230500224854,0.4776648035377192,0.00045346960573878283,0.020318275943560397
25%,1.1380105875877553,0.6215882599773952,0.005251567356979176,4.937219094758127
50%,1.3801064461987376,0.694256408547678,0.00920019670620148,16.398479874946823
75%,1.4482252338316537,0.7534816822687974,0.013560090504032665,51.47085619273805
max,1.542955216243264,0.8128037958179873,0.026783001721506588,15279.717837409378
