,X,Y,SPEED,CURVATURE
count,180.0,180.0,180.0,180.0
mean,-0.8804804227542001,-1.3808320049648477,0.014224280349288658,29.63725827059589
std,0.2792552917734931,0.282715055669769,0.006580115156212466,101.06797741824991
min,-1.2610132661280904,-1.8607082210836143,0.001561208871051953,0.10748605858923066
25%,-1.1435328800138391,-1.6328614281377858,0.009436879619989277,2.3723960849152093
50%,-0.8823946622228572,-1.3530143190441795,0.014870564466122125,5.355443691116629
75%,-0.6057683516502603,-1.1011233045541642,0.01827719650738207,16.18355552891797
max,-0.4604899283259936,-0.8937129926554536,0.030696742993161642,921.9683793777433
