,X,Y,SPEED,CURVATURE
count,180.0,180.0,180.0,180.0
mean,-1.0319860183002925,-0.800052311184224,0.010831016037302727,60.622978743057786
std,0.10029773860027318,0.2247413323253204,0.005426065529211382,297.3624240607382
min,-1.2109980910004545,-1.1763641842602999,0.0007093342132386297,0.035305128102090216
25%,-1.1202395361886448,-1.0219539067724352,0.00663420800335973,4.613230737333289
50%,-1.021258150870243,-0.768716174052539,0.010266479883100088,12.3995448545204
75%,-0.9495543617136989,-0.5731947790570577,0.014254431464862088,33.62071200271507
max,-0.8622441960650977,-0.5322953580000208,0.029092838064732614,3843.595200412118
