,X,Y,SPEED,CURVATURE
count,180.0,180.0,180.0,180.0
mean,1.4240037451129353,2.653779911211545,0.013027060584032992,16.93307501757062
std,0.21597985205274833,0.23179118430695866,0.005235293151154999,26.8533623052471
min,0.82267901821271,2.37617219913049,0.0027568155198005343,0.02160841488321622
25%,1.307111314749792,2.409363046077865,0.009417167981356497,3.4602525701546263
50%,1.4678827281459574,2.6482366075275685,0.012405869036306942,9.196948682643093
75%,1.5933071324379344,2.8667500224186875,0.01612438801348294,20.533066324541018
max,1.689717740022285,3.019250977815009,0.026876748916939176,272.78970904298035
