,X,Y,SPEED,CURVATURE
count,180.0,180.0,180.0,180.0
mean,0.025069800698209868,-0.4608370292699035,0.012554680011360647,38.8552706627202
std,0.36657631062563856,0.13503009715344952,0.00570612008125962,157.4381241454493
min,-0.5375304002592659,-0.7062141051993864,0.0013474119441060112,0.17944129590549787
25%,-0.4466892460699412,-0.5437036138652224,0.008765895272842253,3.4163351374122803
50%,0.19399882668341656,-0.45601555028835417,0.011848719961202608,10.867203862177735
75%,0.34969174713422696,-0.36154344687935047,0.015306851580737305,24.918552528572114
max,0.456923280218778,-0.22704890398460226,0.029221654932095026,1588.523743884984
