,X,Y,SPEED,CURVATURE
count,180.0,180.0,180.0,180.0
mean,-0.45370715963659536,-1.226741945910329,0.012004148057332895,23.701633863977293
std,0.16396599883983565,0.4068313678881396,0.006288724378743856,48.53913895300695
min,-0.7000544089503653,-2.0946785230466247,0.0021011369261969095,0.02830320301166834
25%,-0.6113063921582926,-1.428796950552691,0.00810952202286759,3.1314103905401307
50%,-0.46811209148188737,-1.0978938165125633,0.0101482696954949,7.8813669062033425
75%,-0.307795383371859,-0.9795969678326789,0.014717448994291504,23.81044362393565
max,-0.1966603242731522,-0.6527933746017083,0.032004526212218984,463.71756012586803
