,X,Y,SPEED,CURVATURE
count,180.0,180.0,180.0,180.0
mean,-1.129505522901936,-0.30718303885978254,0.012903670241888468,91.99388542753437
std,0.1567709891974491,0.19520624635616168,0.005796237734023218,582.9873681352933
min,-1.4037226541694463,-0.7022856498295994,0.00035356273751259594,0.033214236239628964
25%,-1.2013663399971595,-0.41102669363020516,0.00859903691867747,3.4744735474823245
50%,-1.1476495264967128,-0.3831088448399828,0.01364102127205324,8.271114460423426
75%,-1.088107097486973,-0.13825451022285798,0.01643200357671212,20.384754117051276
max,-0.7731311702255711,0.059462836266975266,0.02966139574036194,7045.966298957034
