,X,Y,SPEED,CURVATURE
count,180.0,180.0,180.0,180.0
mean,-0.8425882256069729,1.1123617551866194,0.010311767809095165,196.72250297308847
std,0.11072138776129094,0.11488128752090067,0.005803812933288757,1471.5222156487032
min,-1.0235134617860135,0.8584000353957036,0.00034006178430806967,0.013637307621153208
25%,-0.9210583079069492,1.0519497791784405,0.0055047207093695694,4.378030218542005
50%,-0.8659614574328762,1.1638754798075883,0.0093267688504585,12.86215943059467
75%,-0.7291780728180635,1.190745220791804,0.014217393310859139,45.54434510744394
max,-0.5971977081943284,1.2782560456270886,0.025848022689178834,19009.742150856306
