,X,Y,SPEED,CURVATURE
count,180.0,180.0,180.0,180.0
mean,1.3296324295408655,0.9803635910920124,0.00982269177993909,110.39793151406714
std,0.1884912571938639,0.04806388315637997,0.004726669602989805,627.7961786260095
min,0.9734765189397451,0.8909424936490159,0.0006260920084576905,0.03838270672432859
25%,1.1784992483199193,0.9426875369433724,0.006592552098931608,5.906682975342593
50%,1.3306214162193273,0.9743781863678962,0.009152218916938945,15.141504668329723
75%,1.4759403625961158,1.0111018436100232,0.013251632362042826,33.23614826116879
max,1.6385473650470592,1.0806710079335733,0.024005387925350195,6374.499995318367
