,X,Y,SPEED,CURVATURE
count,180.0,180.0,180.0,180.0
mean,-0.24825146721156852,0.1885619761585919,0.011806368740032647,53.16288530353126
std,0.06952133127061697,0.2819094647355696,0.006103065356605044,221.18431166163376
min,-0.3943533342458281,-0.32981548824564544,0.0008257684971448905,0.05402772838618872
25%,-0.31628522566539163,-0.02808060324889956,0.007657870695046266,3.4955989225061264
50%,-0.2396428640679945,0.28892055327606225,0.01070088029824958,10.369171254836628
75%,-0.19195117567498876,0.3927961667303511,0.015066370777359575,23.93814640664614
max,-0.1241652515597403,0.542571072324907,0.026724081886523317,2156.0996895428
