,X,Y,SPEED,CURVATURE
count,180.0,180.0,180.0,180.0
mean,0.1458826418971578,0.2633708218276442,0.012143126182688735,64.60998796140177
std,0.3541056059339817,0.14941294784939518,0.00661698088945964,246.84949943768433
min,-0.17985652723589332,0.010982514575188845,0.0006900951643143796,0.16527916504862342
25%,-0.09347204311724595,0.13065334967130338,0.006284108127161765,3.336624742655176
50%,0.011803838950918022,0.26764494566720276,0.011517913609802144,10.722858849285757
75%,0.2613321585154235,0.3635628145699711,0.01744378463349667,31.414089758843172
max,1.0495224303387694,0.5279227820073255,0.025854618695625168,2732.5008095697713
