,X,Y,SPEED,CURVATURE
count,180.0,180.0,180.0,180.0
mean,0.3068705233443091,0.18707565726391098,0.013650231661171538,14.450857109011345
std,0.18553412321364388,0.16324685932527516,0.005981022683966435,18.149218060956297
min,0.08358314078770321,-0.15139513729424062,0.004816563715270135,0.08242278332806223
25%,0.14290102172968916,0.08233020471577619,0.00915595824382985,3.1890513400920453
50%,0.2551575976727809,0.19484630946217207,0.01233238980254369,8.104443064005267
75%,0.46672821838792505,0.30912523506369716,0.017436407670981136,17.846297030215577
max,0.6529891523588526,0.5236289125130866,0.03367530706288385,128.02315110658284
