,X,Y,SPEED,CURVATURE
count,180.0,180.0,180.0,180.0
mean,1.220301752119047,1.0542232198638977,0.010135054773014423,52.48632142778693
std,0.0855470062972918,0.24821717239036717,0.005642416697649238,115.62981410294985
min,1.0896933886830187,0.751027754371865,0.0013033141203546716,0.36188470738902206
25%,1.1524300275201798,0.9002823459792374,0.005606795535736932,5.681021432371164
50%,1.1988681410488522,0.9660021076771443,0.009458863793751777,17.355534559778455
75%,1.291857984855594,1.2116344851548768,0.013169187794235487,40.886174814053184
max,1.4365951992267896,1.5400206958898572,0.02597776031779181,734.270540536761
