,X,Y,SPEED,CURVATURE
count,420.0,420.0,420.0,420.0
mean,0.8370822788544159,0.9370689268219711,0.00969401152933925,36.19667621469422
std,0.24427799052036758,0.30441205143325717,0.0042503419998880685,298.92941631602014
min,0.505155449574785,0.4763917416414855,0.00034620264639593774,0.04503818324863596
25%,0.5884292276707972,0.7308269384994394,0.006655415295769703,1.782533717919475
50%,0.8284351102274896,0.893176129659284,0.009609745852654906,3.638666357181396
75%,0.983494296585656,1.1549504982513525,0.012987967137643101,9.403878797306485
max,1.3795652159670295,1.531842143144411,0.017851514806219316,5745.793753309963
