,X,Y,SPEED,CURVATURE
count,180.0,180.0,180.0,180.0
mean,-0.03260451140342228,-0.26738747384919276,0.010503974404654339,27.083398441768118
std,0.1956032046395782,0.08798577593455692,0.004956366262139759,53.91223311637922
min,-0.3745530189576977,-0.47768214485443933,0.0023208193233451454,0.033950709958247755
25%,-0.17146667663712883,-0.3368596899151354,0.006703259729814151,4.569444949679337
50%,-0.07022145937973737,-0.28785886686172224,0.0093307221143333,11.615119804843369
75%,0.10870012752683984,-0.21432905538752092,0.014010568526166183,25.95754601020483
max,0.3660749164885768,-0.0824232840634176,0.023008265782088286,473.67306807359296
