,X,Y,SPEED,CURVATURE
count,180.0,180.0,180.0,180.0
mean,-1.6396319265983317,-1.0563170428709874,0.013712179221131297,29.71974227982365
std,0.3596831666301073,0.1668481978241727,0.0063318108631960435,125.01841342327731
min,-2.4289169497380843,-1.5129102669101437,0.0011589436954269824,0.04414274623931987
25%,-1.9209452768314783,-1.184231396764428,0.008863800243737823,2.5576162668373166
50%,-1.5152501205820657,-1.0664823798220475,0.012253106829759787,7.6259916839606525
75%,-1.3384444411185834,-0.9023187100383124,0.018739054219640516,21.076489170237462
max,-1.2696397074125,-0.7930420285847971,0.03152004157361215,1552.2766213864245
