,X,Y,SPEED,CURVATURE
count,180.0,180.0,180.0,180.0
mean,-2.2575948426948713,-0.9688859243598775,0.00922480853985259,731.3648018922946
std,0.14602630246123816,0.22304973200776057,0.004993165882354467,8804.629854440234
min,-2.625154371868589,-1.2122552329680043,0.00012803759066818993,0.06511017155024736
25%,-2.286299327588151,-1.1724913610915353,0.005210249801693516,5.351690466379866
50%,-2.2173012820009745,-1.0584235450291037,0.00810097991622645,15.836722082843146
75%,-2.1520498487579847,-0.8110901196099258,0.013648578045089215,48.95642098730771
max,-2.090490798396021,-0.5213807188625758,0.019894215601001984,118176.87112935467
