,X,Y,SPEED,CURVATURE
count,180.0,180.0,180.0,180.0
mean,-1.0062881213494368,-0.4489554290648271,0.011337727463547633,159.0065833289334
std,0.13090358534206986,0.18265249509360684,0.006175443621234818,843.4195570409639
min,-1.2782452697334143,-0.7419691950752223,0.00025972183894427655,0.06692349104677689
25%,-1.0962882789073956,-0.5646697045683,0.007109717840975401,4.1599333384492665
50%,-0.9904093496954363,-0.47022490057531985,0.011057087498679324,10.569709546177728
75%,-0.8996953264585595,-0.2887181768977384,0.015665580886668945,31.072665029244202
max,-0.7764748293144842,-0.13565418475082064,0.025830913651141284,10025.637115853131
