,X,Y,SPEED,CURVATURE
count,180.0,180.0,180.0,180.0
mean,0.2886426241007676,-0.03322147466767507,0.011928949720910392,58.60970618385262
std,0.38299978186750105,0.09942304453562562,0.006085270331287177,237.14282322953792
min,-0.0822666585644527,-0.18925196808345815,0.0006280717456159616,0.13922671510438106
25%,-0.022115303374650078,-0.10023446579620746,0.007152075266587965,4.5307180450548
50%,0.09022094717424788,-0.05400503357636938,0.01114339405594406,12.459513469924694
75%,0.6778906715236914,-0.0029450608821228355,0.016649844365774172,27.581336326497986
max,0.9367356977126458,0.17162970063927585,0.025362088358966084,2939.940201301201
