,X,Y,SPEED,CURVATURE
count,180.0,180.0,180.0,180.0
mean,0.23799264716480523,-0.6159454156844556,0.011688033726853071,54.18221887423426
std,0.24434130556802572,0.2890981593321713,0.006546674074422843,209.27488820139982
min,-0.18012564768857192,-1.017575357402136,0.0007892215515054842,0.007450173550107999
25%,0.0740211224039702,-0.9623184246651609,0.007310370103618155,3.8895976746333436
50%,0.18768360797211386,-0.49845074635603487,0.010471424103576408,10.31805030781753
75%,0.48138524164574703,-0.35021465730512125,0.01474061308080485,27.721723656550733
max,0.6508396112929686,-0.2223949471044301,0.03156478998388986,2514.5224073701715
