,X,Y,SPEED,CURVATURE
count,180.0,180.0,180.0,180.0
mean,0.527255188998571,-0.0011945824241338747,0.009856222238290739,81.4818072281186
std,0.11943931601738036,0.16072131794610708,0.005860514536997043,310.0055586163182
min,0.3358667520714153,-0.23230799664588397,0.0001472666421135344,0.09376716299711946
25%,0.4307145649745632,-0.125838106767517,0.004693978015795458,3.9323502833865227
50%,0.5106652193911603,-0.024257592458893515,0.009253569275105188,13.59491378640567
75%,0.6290756582909195,0.09289098747079579,0.01355933402305005,37.85390649967796
max,0.7304513570601308,0.45134842083635773,0.022841554329324377,3631.386863423287
