,X,Y,SPEED,CURVATURE
count,180.0,180.0,180.0,180.0
mean,-0.8123269633381788,0.12886001728519536,0.012549101695971277,32.98526791042445
std,0.2934445921880539,0.1447460593231864,0.00514115360452021,92.23207289156588
min,-1.3147564331160784,-0.2616165174041106,0.0019691552399598304,0.003732534350333076
25%,-1.0916690188855176,0.09162687529966691,0.008466219551384453,3.6131037487613584
50%,-0.7401157052496934,0.16570756754173094,0.01272050134829087,9.658506164582473
75%,-0.5718347129975583,0.23836211039606264,0.01669777342364894,22.23255114911393
max,-0.40852659911516176,0.32720480124986157,0.023488352960560437,755.0167604197529
