,X,Y,SPEED,CURVATURE
count,180.0,180.0,180.0,180.0
mean,-0.5135682358225995,0.10159379922231074,0.012849786411794455,32.90086931316674
std,0.24204820952543785,0.2886052597385765,0.006429150739796324,131.79356866652063
min,-0.9479936431749317,-0.32563130155378855,0.0009870070884033656,0.028158658906551073
25%,-0.7601712355620449,-0.1518390799845966,0.008705304842060512,2.728362510977955
50%,-0.47931809377562046,0.08515538696804759,0.011328528335506086,6.9432969409243555
75%,-0.3014521237363603,0.386632089761712,0.017113977167118523,16.622264453003734
max,-0.13571891683002865,0.5459930669359918,0.03723532324918348,1436.4185965181873
