,X,Y,SPEED,CURVATURE
count,180.0,180.0,180.0,180.0
mean,1.4918116915819688,0.21255742573840983,0.008971413439593963,236.3445170312463
std,0.13852826912733845,0.24133529823555752,0.005168226378296401,1737.1451986456013
min,1.2828649784191044,-0.1359264192783789,0.0003524069758330919,0.14731032805760202
25%,1.3171469508055458,-0.020956637308594917,0.0047160891285594805,6.454754329517065
50%,1.559375961673584,0.1652929741441207,0.008511637746719054,15.649975969780318
75%,1.6102950911411753,0.47727058652048476,0.01277618693988912,66.1628050313449
max,1.6509194043108497,0.5779473199446985,0.02341432478878931,22713.791036509847
