,X,Y,SPEED,CURVATURE
count,180.0,180.0,180.0,180.0
mean,1.382200117613081,-1.3232667701303344,0.012237898793666211,100.38045029400314
std,0.24294909898249412,0.13569584096884751,0.005248283085841236,886.1244239806274
min,1.004874812357424,-1.5579939890061125,0.0004717601354699582,0.08657315542773598
25%,1.1154544709638967,-1.413650771211612,0.008787014664225986,3.6863106424979026
50%,1.413881063179946,-1.33441744225641,0.01281074635246747,9.01022228241828
75%,1.6244773323972796,-1.2548933460485439,0.015610535536963937,22.064187361121093
max,1.7225890924057123,-1.0413829080302368,0.023959370969538936,11843.123636162287
