,X,Y,SPEED,CURVATURE,ARCLENGTH
count,180.0,180.0,180.0,180.0,180.0
mean,27.99441722222223,1.3705150000000013,0.28160337122369244,0.45125497556323796,24.841775074638246
std,4.915141530073317,6.120385449179941,0.1397907771088623,0.6894003175958842,15.866655180135972
min,22.1706,-5.9209000000000005,0.0748175447338386,0.0020569555472209444,0.0
25%,23.834575,-4.88105,0.16815493095592532,0.057398357392507565,10.34337820162687
50%,26.1367,0.5228,0.25537124933111643,0.14334358964995292,24.57981218847688
75%,32.0565,7.205625,0.36076849399711375,0.6062130668201502,40.85348367362652
max,37.7808,13.168000000000001,0.6857373148662687,3.7501450064150896,50.617082751569946
