,X,Y,SPEED,CURVATURE,ARCLENGTH
count,180.0,180.0,180.0,180.0,180.0
mean,0.5069950000000001,-1.774606666666667,0.005524237269941541,29.940576155611794,0.4646373980775889
std,0.08639498697113748,0.12361820642969164,0.0027029876552875374,95.52854444216577,0.31198488742371855
min,0.4219,-1.9759,0.0007778174593051558,0.01932229730929833,0.0
25%,0.43767500000000004,-1.9001500000000002,0.0033090768026294987,4.253301938455232,0.18255697910663488
50%,0.46215000000000006,-1.72275,0.005317171016501958,11.665159606767666,0.42560623159788424
75%,0.5703750000000001,-1.6609500000000001,0.00684331757418981,23.375777625336948,0.7888129250980231
max,0.6833,-1.6239000000000001,0.01274401820463234,1081.1136737150812,0.9877861133975764
