,X,Y,SPEED,CURVATURE
count,180.0,180.0,180.0,180.0
mean,-0.20525371227447797,-0.7010095200279646,0.013521865786324453,38.14760761691593
std,0.20734416307740952,0.22423155161955702,0.006676573338217586,149.14233526357782
min,-0.5182682677923135,-1.3721221968061563,0.0009601736223825224,0.004636063005051653
25%,-0.45587782747690464,-0.7863205456147813,0.009028074111779225,2.3919325489483825
50%,-0.16012453630727175,-0.6736620442617942,0.012868746501599339,5.7918105935328335
75%,0.014104120870280124,-0.5051109984081341,0.018505918627137557,17.65035864332936
max,0.0454469924969008,-0.4235685024861773,0.031248361789486614,1385.3666424104024
