,X,Y,SPEED,CURVATURE
count,180.0,180.0,180.0,180.0
mean,1.289364252267415,-0.12887796934177023,0.01254917123438539,33.60911004625678
std,0.25804643527677973,0.19125840500747157,0.005539428909049917,84.87596136384181
min,0.8500990129859097,-0.33338712287830463,0.0008308362552089007,0.08447403561150063
25%,1.0662161453901517,-0.2757731068433972,0.007958876995050955,3.1219625800135344
50%,1.3158355959476422,-0.22307147429655644,0.01308403272131213,8.312415262467123
75%,1.48859029083092,0.018453442836574817,0.01703506487876535,25.662076742420858
max,1.680560617931499,0.33047154477590673,0.023934917289344906,810.1297754445949
