,X,Y,SPEED,CURVATURE
count,180.0,180.0,180.0,180.0
mean,0.2560715356494416,-1.9380175886726685,0.014617607949109263,42.19129502336071
std,0.48849288333370355,0.09372324289198779,0.007996360071024002,187.6638673054504
min,-0.887556391582511,-2.098987629043993,0.0007263807252722609,0.0016162096734690307
25%,-0.10451862253659475,-2.0159923753003732,0.00768177504394057,2.2775787949104678
50%,0.5477555427476903,-1.9233323195331244,0.014144771951009584,6.519047501493878
75%,0.6142251867610966,-1.8755900243089887,0.02091342666461419,23.88223013131674
max,0.7045329240835617,-1.7618081454895096,0.03335895910219281,2283.964992388945
