,X,Y,SPEED,CURVATURE,ARCLENGTH
count,180.0,180.0,180.0,180.0,180.0
mean,57.89714833333332,36.80881333333329,1.08390229490364,0.45062581059124035,101.8573416849878
std,16.947720352311833,13.97853244732974,0.5350310139341015,1.4283980998665788,56.36907098219818
min,30.031000000000002,16.2989,0.1358886676658503,0.0014492475674009872,0.0
25%,42.029825,27.463775000000002,0.662643034280362,0.02938858891381247,65.78552776964472
50%,60.75845,34.1221,1.0528393853800369,0.05624479276518017,103.09614739349882
75%,71.77375,49.750350000000005,1.4706232799569652,0.14972670382517597,148.7096986531626
max,83.0296,62.5686,2.4333040587850903,12.773003996839941,194.8635385100691
