,X,Y,SPEED,CURVATURE
count,180.0,180.0,180.0,180.0
mean,-1.6323357183070992,0.5239936425577597,0.009721100189771226,77.23949113722772
std,0.0839853400658582,0.22904429320914235,0.00400417864116128,515.2774180507547
min,-1.7417582908288987,0.1481945125643815,0.0003758403360782114,0.06949883473640558
25%,-1.7017149120294404,0.29309669754584633,0.007089929647234063,4.60555201567325
50%,-1.6583704205079624,0.5137537451350078,0.009982449453386824,13.423472665880158
75%,-1.5874689815182954,0.646715386025155,0.01274732311028052,28.223184522949882
max,-1.418438745440859,1.0110452529564442,0.020348353425508028,6857.071638712195
