,X,Y,SPEED,CURVATURE
count,180.0,180.0,180.0,180.0
mean,0.41945081783837784,0.03316841599129436,0.011859584814299787,73.23851054321428
std,0.2385874839997154,0.14390501690560367,0.005898045458201242,373.3923041244297
min,0.007626451693971207,-0.2328873403392929,0.0008653831964070669,0.06148532171186642
25%,0.2000378838511208,-0.05642574742109369,0.0073922183307964205,3.9662940471400345
50%,0.4160727883160601,0.0591476502926066,0.011060290674392261,10.47903787614172
75%,0.6357234524025848,0.16268950190426426,0.016157240454560032,32.886828301770166
max,0.881176005650942,0.22875259095300948,0.02392686610033674,3522.1633718363387
