,X,Y,SPEED,CURVATURE,ARCLENGTH
count,180.0,180.0,180.0,180.0,180.0
mean,1.1158805555555558,-0.7925394444444442,0.005465193847969267,44.95917422532768,0.39403327420261774
std,0.19727547596871753,0.12444639711088293,0.003729993647111727,110.62855456679817,0.30993398723176896
min,0.9476,-1.0057,0.0008062257748298143,0.07152756667875283,0.0
25%,0.97155,-0.938825,0.0026894414668384233,3.310431831668474,0.14827349458686606
50%,1.0102,-0.7174,0.003851717348513596,11.025672996452885,0.28220980145953833
75%,1.2419000000000002,-0.702775,0.008128907037738033,48.511437076782045,0.6634845797631976
max,1.5236,-0.6741,0.014712069874766082,1183.1005453126331,0.9807119929041277
