,X,Y,SPEED,CURVATURE
count,180.0,180.0,180.0,180.0
mean,-1.0479182239131786,-0.6222490337035164,0.011215671008238698,34.0108365373555
std,0.12059229536617469,0.2532852350565997,0.00451456789395209,99.17498172709628
min,-1.2711424230104327,-0.9745623391809153,0.001606832932512452,0.006256422567747743
25%,-1.1082670762505447,-0.8764412633435017,0.0077503212895324355,4.59888596458166
50%,-1.0454382360574792,-0.6248142487379023,0.011987771231201393,9.603148745009907
75%,-0.9549145724355792,-0.3780979245754248,0.013985114889202708,29.11805230220496
max,-0.8241842274476543,-0.17948541724971417,0.02303018841163868,1195.889568517864
