,X,Y,SPEED,CURVATURE
count,180.0,180.0,180.0,180.0
mean,-0.6055039613215244,0.2966036593595478,0.011869113940177055,32.95535083026308
std,0.27770566615146625,0.152390361063645,0.00556931180435434,75.33386841099919
min,-1.0728733503402887,0.09933020216804342,0.0018797799016159716,0.04097120332639126
25%,-0.838646011483728,0.16063051885371823,0.0074628433121032125,4.405623599827721
50%,-0.48858664081082137,0.2713569364269264,0.011425692114964437,13.187267614841078
75%,-0.35975023060359346,0.3903262637934858,0.015429161833902328,31.903362109384876
max,-0.2688006357892624,0.6149735110503616,0.03339625372421175,703.5729156825504
