,X,Y,SPEED,CURVATURE
count,180.0,180.0,180.0,180.0
mean,0.08243091751040132,0.7627852504538194,0.01228536107524238,57.887148034730885
std,0.2122002370602037,0.35596012094280033,0.006637939922533623,203.24880854724768
min,-0.2836973275479709,0.32726221471738126,0.0009018138321586314,0.01089858012261172
25%,-0.09225437831818159,0.37167847033048074,0.006623143635799199,2.8192604574035935
50%,0.12384015243921151,0.8041970789634192,0.012512789754791673,9.408703470231774
75%,0.25545565283312266,1.1447370052096026,0.017198415407927395,25.79231346116456
max,0.42342172416891366,1.2224546010154789,0.029398749691393587,1724.7243846904041
