,X,Y,SPEED,CURVATURE
count,180.0,180.0,180.0,180.0
mean,-0.20203137552118913,0.26097445005937087,0.011238471479068072,99.98049984902367
std,0.2022871611001652,0.1466463290600451,0.006275365391913717,718.573744706593
min,-0.4857543051341011,0.05719807148586489,0.0003374503186138375,0.06890871455908122
25%,-0.38619609387336673,0.12226543472865856,0.006242354686285277,4.134166370868494
50%,-0.24406633022664587,0.22605998240569142,0.010453548575053368,8.927337134866747
75%,0.01939317072083649,0.422556754523096,0.01532880044176632,30.074976048421266
max,0.09829922442727139,0.5109810615922988,0.03138977849882252,9468.490892704327
