,X,Y,SPEED,CURVATURE
count,180.0,180.0,180.0,180.0
mean,-1.1111300676880467,-0.7693791892406008,0.012003545994336244,38.987380851847554
std,0.19359264228431278,0.1672726162061544,0.00592461738808936,143.6728080056842
min,-1.3864862211393836,-0.975135426660226,0.0013759024216422387,0.06846520346966052
25%,-1.2782238138052004,-0.907436868614739,0.0076518118100456405,3.086468524855769
50%,-1.1419799053674564,-0.8176527551019526,0.011302115613789823,9.273739076444894
75%,-0.9502483111194006,-0.6217806644861703,0.014977497196383818,25.22478159719752
max,-0.5294943908160467,-0.4369773967409073,0.03053014895632479,1602.1481007312368
