,X,Y,SPEED,CURVATURE
count,180.0,180.0,180.0,180.0
mean,-1.8571712180715645,-0.35557186025066323,0.009337786411834054,177.8698038893232
std,0.14960662810325182,0.13627958406857613,0.004532862363157536,1937.8266912891397
min,-2.0825479003376373,-0.5456083598308673,0.00034779434874265814,0.10697638306622174
25%,-2.0064580546711537,-0.45398856432171875,0.005699941957941744,5.626053063226919
50%,-1.8783099521174538,-0.3985904035635252,0.008736396981349358,14.390081806137387
75%,-1.691398615973168,-0.20507653274110174,0.012303867591077012,40.074999062771305
max,-1.6150232354040244,-0.12527268658621107,0.022164399636953703,26022.893884222518
