,X,Y,SPEED,CURVATURE
count,180.0,180.0,180.0,180.0
mean,1.1430930161618609,1.8740238781173704,0.010318341006528446,46.14282580946441
std,0.12723008763183233,0.1036152184042812,0.005495869758519877,166.90817459195705
min,0.7841735814279482,1.5782255640114375,0.001270358318639431,0.06204443878346693
25%,1.076962228452341,1.8111159428049217,0.006687922955575144,5.108937654742782
50%,1.1573604917203029,1.8530734362732386,0.00939116479362377,12.823528665807576
75%,1.2401826908223743,1.9601721746991942,0.013376866567234295,35.96956211055535
max,1.3482308986899667,2.0850214460445566,0.02460316480379257,2004.7797506123482
