,X,Y,SPEED,CURVATURE
count,180.0,180.0,180.0,180.0
mean,0.9426566306812445,0.6302545197873345,0.008321517603890986,69.66004119653381
std,0.09953194517531172,0.10167031503987532,0.0038230605475158817,202.00264791171236
min,0.7840899244278051,0.40266465135733903,0.0011134930289102903,0.0670615462880814
25%,0.8410413381978827,0.5597084940628677,0.005527723462830156,7.549610559365773
50%,0.9776998168243003,0.6741578372401822,0.007871272687866722,18.561654942879166
75%,1.034511840272884,0.7101563174427998,0.011172349313433392,45.5381312411036
max,1.0751402977584874,0.7606080731837672,0.018578794991314398,2170.9336267149406
