,X,Y,SPEED,CURVATURE
count,180.0,180.0,180.0,180.0
mean,1.1776483295648152,-1.6910216459139453,0.011330672199543439,87.63067342850182
std,0.1044450723160235,0.2319981489797906,0.00485355405017058,706.6545410485598
min,0.988217143832454,-2.1691066188860146,0.0004125104715444591,0.2657997132861697
25%,1.0955504126983275,-1.8055319296608627,0.008192791671634697,4.98004174533837
50%,1.1897333964526724,-1.6125634971300489,0.010665591438850139,13.652594318492422
75%,1.2554978790983795,-1.5166552126801753,0.014623582035410004,31.602835394997907
max,1.433221786481453,-1.3455652308277308,0.025628383999195696,9459.259664601517
