,X,Y,SPEED,CURVATURE
count,180.0,180.0,180.0,180.0
mean,0.8519306776020567,0.7924700560663474,0.014655259227420801,34.4341987406284
std,0.3419484164572797,0.3369275696074208,0.0064409344156873575,126.996802643468
min,0.2090885369913413,0.3140707382687109,0.0012185852072367574,0.06528399096037786
25%,0.5706116245477832,0.45841844954745314,0.009957612047835488,3.0102964399286902
50%,0.8973811137091365,0.8122716785093406,0.015481877304390029,5.617095637548275
75%,1.2003386723980696,1.1313320512228997,0.019073806933263535,17.026943929821467
max,1.275199953778301,1.4170882097010804,0.03144130646139783,1135.0807785463571
