,X,Y,SPEED,CURVATURE
count,180.0,180.0,180.0,180.0
mean,0.2613698418068978,-1.1738086210802428,0.011001705873857721,31.541233215977062
std,0.3707922702727344,0.09908038236870305,0.006037027183824483,74.25751734828164
min,-0.17421803400749253,-1.325693535752815,0.0013279327134677903,0.026749297414805674
25%,-0.058309689583395975,-1.2405256635131694,0.006921589389846797,5.235317025718265
50%,0.12406827137826917,-1.2066682584800823,0.008989984950987039,13.370607740335926
75%,0.6079886005793282,-1.0961340972651292,0.014576343211480245,27.761171520065652
max,0.93561802487823,-0.9863880857397649,0.030334601056948376,843.4113174362368
