,X,Y,SPEED,CURVATURE
count,180.0,180.0,180.0,180.0
mean,0.9768092323788435,0.5161317561569204,0.013460890053065458,54.647586241485634
std,0.22943039933412193,0.13820149927058284,0.00554386494893118,297.3724027128324
min,0.5576019158726585,0.2623729398437513,0.00024164912761505202,0.09601381788711665
25%,0.7985528638341259,0.40432202491540103,0.009615510845495225,3.1193405528224356
50%,1.0120468647848755,0.5085910994883562,0.013929842785202665,7.763227705645944
75%,1.1605081635192933,0.6031658052900541,0.01695247331184429,18.30747734826493
max,1.442013893948195,0.8166596689847136,0.02604896904840878,3542.1055887535113
