,X,Y,SPEED,CURVATURE
count,180.0,180.0,180.0,180.0
mean,-0.5175383362272364,1.473457406371805,0.007922572469423728,107.51010071433728
std,0.2864984006658765,0.10200122686029131,0.004242099950227084,327.2163539061842
min,-0.870093192617797,1.161096130905714,0.0008879751008601199,0.16557787285116768
25%,-0.7678632135239917,1.4132175625701817,0.004721569072533886,6.097814555711557
50%,-0.6236469053826409,1.5094230000858393,0.007772446149256333,22.477065763998084
75%,-0.22198455289122748,1.5447080056853473,0.010312097443552265,54.88616772910625
max,-0.04041911231960984,1.6098584949639008,0.021440726686106585,3395.645945423268
