,X,Y,SPEED,CURVATURE
count,180.0,180.0,180.0,180.0
mean,0.9617186581708307,1.3669895937758296,0.01277830516806405,43.087997135898036
std,0.36438067737750185,0.11373784246080944,0.005393183747209291,176.87157222113635
min,0.5315791576654978,1.1064576537694986,0.00149704962979694,0.20160923869876862
25%,0.5984176266995778,1.2965768068060757,0.00887043877627159,3.9628510908342385
50%,0.9375650553859399,1.3729955420612123,0.01271301336160545,7.619761094928121
75%,1.2430788890720366,1.465363312287622,0.016743116398291662,21.053565387333176
max,1.5401373372379668,1.554680619007803,0.024669151794719825,1757.7953705505895
