,X,Y,SPEED,CURVATURE
count,180.0,180.0,180.0,180.0
mean,-0.32217017405898557,-0.30647060064293263,0.008855409476253155,449.48910227866025
std,0.07689329319494319,0.0978297486811279,0.004418523549022796,4937.786851711694
min,-0.4596851834215894,-0.4883236869359585,0.00024944368022840243,0.07473594923477325
25%,-0.3752228877193952,-0.40484121922604377,0.005002073439995147,6.959585403126247
50%,-0.32774593813065095,-0.25899839484826875,0.00852689163772178,18.255280703307953
75%,-0.29958760231388093,-0.2248933136356688,0.011519881035565059,55.55478033920636
max,-0.11533090703921124,-0.17454458866860156,0.02056924645308514,66235.29385783615
