,X,Y,SPEED,CURVATURE
count,180.0,180.0,180.0,180.0
mean,0.052378318741972706,0.6319252990081378,0.014952141413040937,19.07489926001798
std,0.27426154861493046,0.39016559188575245,0.006941960069647913,43.30281620392691
min,-0.4293278050589901,-0.3170374745617216,0.0035536598727256,0.09913185554439491
25%,-0.2034262146693006,0.4712267099259111,0.010078988273880029,2.6594385322361758
50%,0.22058090432614444,0.7900503708612234,0.013752679042857006,6.395441757008598
75%,0.27983831486833827,0.9199032068403387,0.018580806215283078,17.84792483157704
max,0.377268700948863,1.0012131421425123,0.039488505330752315,371.5462160513049
