,X,Y,SPEED,CURVATURE
count,180.0,180.0,180.0,180.0
mean,0.5553530065956408,-1.643392826639227,0.011163482202501221,30.05246912236911
std,0.2844788520959574,0.13765676696049772,0.004806556300708957,61.395871059543865
min,-0.019308497014625878,-1.878034938562266,0.0021856206242475158,0.1835034178082364
25%,0.3341549858068835,-1.7727090742680789,0.007688688475651082,3.8991344600298072
50%,0.6707875568393632,-1.642069214346304,0.01130756317647165,9.70977259814386
75%,0.7596578319759019,-1.5230849413749947,0.014313575983500094,25.208652282147334
max,0.9613209287088148,-1.3918451964199317,0.02423868725878741,496.9956541911241
