,X,Y,SPEED,CURVATURE
count,180.0,180.0,180.0,180.0
mean,0.7960436947852206,-0.4390070808361043,0.01379225597116372,78.28288924771279
std,0.3755760766789545,0.12683547715510368,0.007099789145224677,465.01495709587033
min,0.34720564211308796,-0.6809754682560591,0.000802021347540256,0.006356571149643953
25%,0.46116700076501554,-0.4984916615650532,0.007898320049411291,2.8419211823275554
50%,0.6473522146819815,-0.4150060789381425,0.013530403264540167,8.138096933022442
75%,1.2368336517680507,-0.3522871746018126,0.018364815256703665,24.763932506811233
max,1.450864290737773,-0.13429392405775384,0.030794023267445743,4928.5727486008755
