,X,Y,SPEED,CURVATURE
count,180.0,180.0,180.0,180.0
mean,-0.8182030581096557,-0.3095334388721916,0.01400147317013436,33.05912472254536
std,0.16323235263322206,0.5273574135236443,0.00702384279041046,114.12627309459522
min,-1.0627262041161716,-1.1596823603474469,0.001657643472782309,0.05105117321379808
25%,-0.96344903035372,-0.9207326156723573,0.008179663669845967,3.5348420344730713
50%,-0.8432029739561517,-0.06330203843317567,0.014104697891637267,7.37296628846866
75%,-0.6535407574389909,0.13827063008022494,0.01814030167035383,16.24454207619614
max,-0.5357809731828362,0.2755664412313338,0.03152988529161552,1251.5487869661406
