,X,Y,SPEED,CURVATURE,ARCLENGTH
count,180.0,180.0,180.0,180.0,180.0
mean,-0.5763016666666667,0.027582222222222244,0.004568557745133992,126.37242296608703,0.38433563006482685
std,0.15969944902708047,0.10010773200011738,0.0024670684923085166,601.9190414442438,0.25052809293219336
min,-0.7328,-0.1278,0.00025000000000002727,5.022068787229654e-14,0.0
25%,-0.685625,-0.0478,0.0028992689418301343,5.046361677537101,0.1975227858591927
50%,-0.66795,0.0044,0.00413063107605417,12.389239178251943,0.3388614850682394
75%,-0.41050000000000003,0.07055,0.006008570149371324,36.213541941020594,0.6380818689760147
max,-0.2626,0.2263,0.010034191546906055,6475.497444162002,0.8206289253820129
