,X,Y,SPEED,CURVATURE
count,420.0,420.0,420.0,420.0
mean,-0.690503886373312,0.8031191424784707,0.0102593211261732,21.671783337224827
std,0.187535532395907,0.2314478573103248,0.004713853679298421,80.1963289644483
min,-1.1309900420951393,0.32289596851838337,0.0006204512852172857,0.006480789994395396
25%,-0.8160407789922707,0.7290431816706325,0.006463885495265779,1.4360671752752203
50%,-0.6173803457263114,0.8823377706060085,0.010131741689954447,4.111324823358056
75%,-0.540316985950867,0.9602404857117683,0.013735118563185057,11.878074133825379
max,-0.3909678254576098,1.1198144732522843,0.021537542721303628,969.7238907703002
