,X,Y,SPEED,CURVATURE
count,180.0,180.0,180.0,180.0
mean,-1.7044181558856748,0.21746083761955176,0.012898766726623137,27.890873931030765
std,0.3447574341733224,0.25346837338154604,0.005757922338717023,72.39014145253174
min,-2.0651645543091854,-0.08891124591896901,0.00140131995611295,0.07587571756861064
25%,-1.9868712085313411,0.04208977789330271,0.008754326766324266,3.66830391364495
50%,-1.8789265527240113,0.12458145437872478,0.013015838869496435,6.690945927131313
75%,-1.517873942885962,0.35431906285041237,0.01778997666061196,15.417526430853767
max,-0.9263800696250902,0.8517033170794255,0.026398835500768044,542.6973339722083
