,X,Y,SPEED,CURVATURE
count,180.0,180.0,180.0,180.0
mean,-0.5564016708428076,-0.08268274932075231,0.013115558603036878,37.87196642322381
std,0.2328801896762616,0.2097592241459233,0.00646717631680594,98.51844701385637
min,-0.9332214714994795,-0.4667133139783372,0.0017646136313342027,0.07710687497090357
25%,-0.769505373717382,-0.30564767166141577,0.008433647664971159,3.140816515173915
50%,-0.5928622875534222,-0.006671192397261124,0.012916290107056468,8.158180633547385
75%,-0.35683916862086673,0.08726170861001326,0.016896455272895603,23.05150930735949
max,-0.1887316825804461,0.2674643899591307,0.03197036643009394,945.78530182115
