,X,Y,SPEED,CURVATURE
count,180.0,180.0,180.0,180.0
mean,-3.053031039899037,-1.6508779195911851,0.011414895063485971,21.153782269289827
std,0.11306602940604202,0.2653326504760449,0.003702121516271483,41.18250451915327
min,-3.2635930080135456,-1.9084752582261548,0.0027091302863074154,0.13015476605320886
25%,-3.1242475003228405,-1.8497313285872665,0.008842945560414166,3.4551774946265406
50%,-3.0673472863597713,-1.7809421177377727,0.011502184375309294,9.654819878038763
75%,-2.9798208545878957,-1.416512950283554,0.01386020949151073,22.54641691937094
max,-2.7957080824734644,-1.0426673733742196,0.022002867658576557,433.9499546012228
