,X,Y,SPEED,CURVATURE
count,180.0,180.0,180.0,180.0
mean,0.4095063725661388,-0.5163322429088673,0.012170780043966984,66.16628421725316
std,0.10842705965019193,0.2036286122166047,0.006730039894488535,280.97090020291296
min,0.20909105160720853,-1.0329506251253633,0.0010475787565742758,0.059467573529303666
25%,0.2870622376854981,-0.5936681636092136,0.007033363193770919,4.170020760216141
50%,0.46534319622449094,-0.4617792152267967,0.011159347392848604,8.293912117613223
75%,0.4984432122242934,-0.36660778227383106,0.017090303726032943,24.894957290726506
max,0.5275389655873143,-0.2558271188158397,0.030209968733838,2814.5992603073846
