,X,Y,SPEED,CURVATURE
count,180.0,180.0,180.0,180.0
mean,-0.3597413446102437,-0.36313990664499346,0.01389274622689198,33.30047188670265
std,0.1791005935011583,0.21934704478990064,0.0069514924511332845,80.50664826943033
min,-0.7251462780168605,-0.8413370458735605,0.0017206537030993762,0.006884681785950439
25%,-0.442411573043205,-0.415786623517379,0.008410393014185065,2.7021435664405207
50%,-0.3777915099211512,-0.2843056994312366,0.012813603155039459,8.11728943896874
75%,-0.2588162270229516,-0.1992936987569292,0.018549332920123875,27.661303808277626
max,0.11387785318120254,-0.10096944651012647,0.02875773145956944,663.1324473726844
