,X,Y,SPEED,CURVATURE,ARCLENGTH
count,180.0,180.0,180.0,180.0,180.0
mean,24.774341111111113,11.25895222222222,0.2508688838084571,1.421312650110073,22.29941015013012
std,2.720717298078909,4.918463601782783,0.11463846856728083,6.757665080381557,13.537246745413025
min,18.855900000000002,3.4714,0.01889477440987288,0.0007996710905606689,0.0
25%,23.336175000000004,7.976050000000001,0.14995671617136924,0.043373121981124224,11.66439660781273
50%,25.999450000000003,10.930150000000001,0.25353183417211955,0.14718148161976316,21.678354060807017
75%,26.81795,13.532375,0.35439206592342404,0.4576339152215655,33.4370693995493
max,27.8333,20.2438,0.45773121479750645,58.37373635460688,44.95932031141696
