,X,Y,SPEED,CURVATURE
count,420.0,420.0,420.0,420.0
mean,0.09680097048732263,-0.3680547383038407,0.008510695245428971,31.471086754423006
std,0.19627714399690804,0.15141533998344414,0.004467880750507345,191.8536239972708
min,-0.1393089008570915,-0.6966738084026173,0.00032185494436666863,0.05708955796960428
25%,-0.0661854353848767,-0.5088882983264875,0.005721556011068466,1.9119412756108283
50%,0.048662995521487784,-0.3562208209311759,0.007964392663140361,5.286739650581926
75%,0.1867260379737815,-0.23841742591180953,0.010257080831647072,13.996649144420754
max,0.4958365647283679,-0.1254454379760819,0.022871234410177185,3366.918187837073
