,X,Y,SPEED,CURVATURE,ARCLENGTH
count,180.0,180.0,180.0,180.0,180.0
mean,-1.0502594444444444,-1.2079227777777781,0.0062365945310819074,11.837472258479757,123.81840957205851
std,0.14659109345814253,0.2680730495020636,0.0028501616712727994,18.851557845636247,79.82262353672638
min,-1.1887,-1.5575,0.0014499999999999973,0.06614359605413181,0.0
25%,-1.156875,-1.479725,0.0038051283963788933,1.586390471351782,52.46425434836484
50%,-1.11325,-1.2471,0.00669458652227206,5.469784181232017,119.62771222250416
75%,-0.97975,-0.9132250000000001,0.008047825001129527,12.43111601052659,192.42441085753345
max,-0.6891,-0.8654000000000001,0.01256234452640119,107.00101104544169,266.0821330173077
