,X,Y,SPEED,CURVATURE,ARCLENGTH
count,180.0,180.0,180.0,180.0,180.0
mean,14.074954999999996,41.964910000000025,0.27874749066774807,2.389481261826494,19.291028990421964
std,8.296519141614848,3.7315374575509956,0.15281085828507623,19.438364831828547,14.844621643418657
min,0.6485000000000001,37.3766,0.009954521585691482,0.00026815266999850434,0.0
25%,4.5794250000000005,39.485825000000006,0.14214902793809792,0.05353210491964734,7.484954535966347
50%,19.0496,41.6387,0.27988952276551005,0.1649770943992015,14.145011536182444
75%,21.246175,42.8328,0.3942822679644334,0.7203515012509217,31.993998597228586
max,22.6085,53.8048,0.6675118313558214,260.28507997372435,50.060414689731736
