,X,Y,SPEED,CURVATURE
count,180.0,180.0,180.0,180.0
mean,0.2987899017642518,0.11378507403984385,0.014263786241567602,19.39077555006044
std,0.5371181125706411,0.3371536631870237,0.005897226077854182,73.71827015634086
min,-0.5383967223223306,-0.44241567258686443,0.0011540233913359945,0.06000700664876507
25%,-0.2987916205516984,-0.129650212631302,0.009836391361046842,2.9282044811951042
50%,0.5578126954670879,0.1696840697776787,0.013892609817965565,6.1502130110599555
75%,0.784645144158206,0.2597875968974888,0.017621597335216805,14.81595794736463
max,0.932060060839021,0.8023113983325266,0.03294916185297008,954.9319793117342
