,X,Y,SPEED,CURVATURE
count,180.0,180.0,180.0,180.0
mean,1.4030233583705767,0.10176392880931072,0.011572536665548847,44.338694936884615
std,0.15294334614515892,0.1762115680911822,0.006081613613009848,144.95182421707295
min,1.1767933231157977,-0.2130470752528009,0.0010070796928017788,0.06295203969601451
25%,1.2307491087287232,-0.039759537867566024,0.006985842995652544,2.9194647036287336
50%,1.4503841779008646,0.13448674239138803,0.010703986052654869,9.793714718154678
75%,1.5371556094543397,0.23268810250732067,0.015743325304869042,25.884094591182798
max,1.6250960059469022,0.3783101789123176,0.02988576387630587,1250.665776837687
