,X,Y,SPEED,CURVATURE
count,180.0,180.0,180.0,180.0
mean,0.5031221500862393,-0.05472826146455501,0.012521010071967218,74.63313231010414
std,0.2747277012854697,0.20840625821024034,0.005383045592701777,593.9205153496482
min,-0.0038881721431709305,-0.39549997196053804,0.00028578250290168264,0.04192145915642275
25%,0.22702471526695045,-0.2703578976095179,0.008380852286744333,3.504473384856514
50%,0.6054789739640365,-0.0074448837123961345,0.012438368805743614,8.6839701671871
75%,0.7281920731116523,0.14840750698002092,0.01690680758454602,29.527738644527606
max,0.8233598429227192,0.20177602612886408,0.024184667539483912,7906.312792382805
