,X,Y,SPEED,CURVATURE
count,180.0,180.0,180.0,180.0
mean,1.1188883596108559,-1.1411462564419244,0.008495130031361337,120.88229585532487
std,0.09306126640407239,0.07908470824445801,0.004194282513998469,646.2443558523888
min,0.9499112931430692,-1.2856988452034674,0.0006243776218853447,0.0625737114581659
25%,1.0360513694792466,-1.1959449247815719,0.005646483721808884,7.150212655025728
50%,1.1633723191286123,-1.1453706291446641,0.007952070326777898,19.30181797935203
75%,1.1981562353720778,-1.0798146275077425,0.010705910064069683,52.516888326154536
max,1.2468857838237515,-1.0088116248497492,0.02401278475927945,7749.878135911343
