,X,Y,SPEED,CURVATURE
count,180.0,180.0,180.0,180.0
mean,0.4790915646701791,1.9815372789110326,0.009123156840177036,188.9336103472969
std,0.1287824606249866,0.18031978614007105,0.004498739598076655,1076.0115368091263
min,0.17625305034560593,1.6778845668873505,0.00019745590274022459,0.0005072070850204517
25%,0.41716205564526954,1.8025089722287118,0.0060187541296739516,5.35749153766392
50%,0.48879640606858377,2.0275416393376733,0.008500782192489759,15.703904320368544
75%,0.5671470260825152,2.110420068889259,0.012119053879078669,45.746764321624
max,0.6880366251182718,2.240331632573188,0.020830413837129517,10866.048525535598
