,X,Y,SPEED,CURVATURE
count,180.0,180.0,180.0,180.0
mean,0.07492828262936416,1.1153492740979938,0.01165678941168038,51.37139615257436
std,0.21874159850166314,0.15576187835002742,0.0068073045059868454,136.95461037119773
min,-0.18615093989280718,0.6730512072545718,0.0010276492168155395,0.0262812086761396
25%,-0.0970883555865898,1.0020613125061326,0.006243950866071639,4.544338586617997
50%,-0.030215549176426763,1.1533847601989489,0.010012817647027748,14.217334606511283
75%,0.3061039502181105,1.2355352817666108,0.01547755261679925,34.501198274638725
max,0.5718003888208677,1.337822025717784,0.03263750623994032,969.9501059917922
