,X,Y,SPEED,CURVATURE
count,180.0,180.0,180.0,180.0
mean,2.1932972645134496,-0.541986537389407,0.011587340739001159,65.14527284771323
std,0.30815858066331586,0.33467336591585317,0.0057227141534793155,301.3746487701464
min,1.7443973078771562,-1.0036966902209585,0.0009117673443006594,0.003646605465945559
25%,1.893956925336616,-0.8886398801131847,0.0069221137533048,4.133184156313604
50%,2.2898849951687827,-0.5691281834158294,0.011904528003937157,10.751202702761153
75%,2.4991841875883094,-0.15865114207723283,0.015361628845539793,29.02474462600326
max,2.613693760496077,-0.11432783119047686,0.03035753017645955,3526.8499736336707
