,X,Y,SPEED,CURVATURE
count,180.0,180.0,180.0,180.0
mean,-0.5472127182361799,1.9209396327741883,0.009029547817023937,51.2345315735813
std,0.1303212467149472,0.08937523577608178,0.004360751916114904,119.02287969521488
min,-0.7987278020988947,1.6956242229040088,0.0012117160329491738,0.02193399437957486
25%,-0.6374038459133914,1.8622455803526825,0.0055904500801393425,7.054775951638122
50%,-0.5089228888935711,1.946016186589119,0.008503419006637553,21.015586871005695
75%,-0.4573890066945314,1.9963997549611963,0.012067368740903268,42.134646441514846
max,-0.37726692378258586,2.0447033128895837,0.01935696824760044,1148.2570651252581
