,X,Y,SPEED,CURVATURE
count,180.0,180.0,180.0,180.0
mean,-0.8422235999535398,-0.8800333675946744,0.010457876208550904,51.32947102887654
std,0.10258242513524138,0.1733774513035574,0.005791215202769288,175.57828432925746
min,-1.0881340065774365,-1.136243129385788,0.001457189312396577,0.10484921440682685
25%,-0.8963300549716723,-1.059537763492973,0.006448972258503063,4.369246863629535
50%,-0.8086491545294087,-0.7820204161032615,0.009065886519646977,11.139085105613042
75%,-0.7570601317226816,-0.7256473606593016,0.013560546241741498,33.284894965133475
max,-0.7190286242675342,-0.648222169071329,0.03150573995117899,1758.6670877343174
