,X,Y,SPEED,CURVATURE
count,180.0,180.0,180.0,180.0
mean,-0.5045363018156089,-0.5688081397718424,0.013121722319741649,29.441636377725626
std,0.4119772359372323,0.4208627564818963,0.005824052390876584,89.90959440040366
min,-1.0451378657880248,-1.0092974681785274,0.0010343148358923084,0.08890676550646046
25%,-0.8780124220006704,-0.9301787662638972,0.008601716580351098,3.325003478043809
50%,-0.5535368265240177,-0.7280680354370743,0.013011998095234652,7.581653780118206
75%,-0.17930191611090593,-0.23439111070403262,0.017891202395801362,19.495274786687553
max,0.25500671199460573,0.24570385716314722,0.027297250688946856,1030.3849964095687
