,X,Y,SPEED,CURVATURE
count,180.0,180.0,180.0,180.0
mean,0.21217292395638757,-0.41044598680482103,0.008700198896623223,53.07677794639619
std,0.10888771745757961,0.15464411433233116,0.003919440408061788,137.4789452838812
min,-0.037695428512476994,-0.727448173319437,0.0008171590008471876,0.009788082617063496
25%,0.16339870575299098,-0.512774023920894,0.006056185431080202,7.168813403303572
50%,0.25766843602181877,-0.3569853999144298,0.008189068687704588,17.451307401955386
75%,0.2867895864416955,-0.28684414170977973,0.011270350704760557,36.053688762044985
max,0.3317250811764872,-0.2328184743800692,0.02072616404787121,1297.2612117157585
