,X,Y,SPEED,CURVATURE
count,180.0,180.0,180.0,180.0
mean,0.3727089680567896,-0.998886671887451,0.01281971738092615,23.68933036626729
std,0.3928150598540039,0.3795614936478509,0.004995413642181904,87.36831894975391
min,-0.235664619988852,-1.6309967240881051,0.0008565870281087186,0.02894158877765654
25%,-0.0555540425833891,-1.3977056578583484,0.009074910121649694,3.7010391793777577
50%,0.42552775299311213,-0.9246002621893123,0.012523766302547062,7.279786012911153
75%,0.7219819157220938,-0.7074416337622593,0.016082297968092393,15.716845106513514
max,0.889193011183622,-0.4270309848719263,0.02884610012420676,1127.170075496446
