,X,Y,SPEED,CURVATURE
count,180.0,180.0,180.0,180.0
mean,-0.3716726658849169,0.8802112948273233,0.012144987787691235,32.136402268773914
std,0.2662805300022683,0.21372611362484917,0.0050236980709760255,101.62061677674532
min,-0.7421104682872735,0.37336767730208487,0.001837281505054809,0.03599076213204051
25%,-0.6543133952178033,0.8191690411057904,0.009007287745583572,5.085883091135185
50%,-0.3856007483446994,0.9816308118328043,0.011602714387804313,10.014725365584397
75%,-0.11878233288291835,1.0276092614150518,0.015437624224479009,22.93097927421153
max,0.05682945481794599,1.0847302015643374,0.024970558137812127,1026.0138552649903
