,X,Y,SPEED,CURVATURE
count,180.0,180.0,180.0,180.0
mean,0.14234143933641094,1.0050321270303246,0.01228203342154547,50.16561860023296
std,0.33300502153549155,0.14394531541802866,0.006844391451563722,340.27789876288006
min,-0.32403003370653655,0.801308125643789,0.0007166700987670461,0.07640647034719592
25%,-0.09843050552670586,0.8846980779384224,0.006893026826941044,3.5328859608098986
50%,0.07592145263851324,0.9796137498325643,0.010797866811121144,8.189696566164315
75%,0.38324776733667154,1.1377870287082028,0.017126845281454757,24.40035811320321
max,0.734150911499445,1.3809722367137782,0.029694751891323548,4538.346490737503
