,X,Y,SPEED,CURVATURE
count,180.0,180.0,180.0,180.0
mean,1.3780525214386532,-1.3240652680446325,0.008287996899156729,102.22215971991352
std,0.09234357215605002,0.10472063784736427,0.003875205567123552,424.9253523017379
min,1.233841175739278,-1.5071425169193726,0.0005198274908588777,0.4131354005062256
25%,1.2969750884997686,-1.428936272797412,0.005582949708479928,7.37367083750301
50%,1.3855935893593705,-1.2737960499073802,0.00814665130924918,17.119021563371305
75%,1.4396203336468485,-1.238476314229908,0.01112390134943478,37.65372199670515
max,1.5490176062115166,-1.1643351649551335,0.018771490595889593,4479.097859868343
