,X,Y,SPEED,CURVATURE
count,180.0,180.0,180.0,180.0
mean,0.0036613761344364104,-0.7960126084262372,0.012245453483065492,35.01755410275782
std,0.19898990512871037,0.31569116132082176,0.005273354113926209,126.96140244290623
min,-0.38600474973049276,-1.1436706081730523,0.0017576915813244346,0.012368158035157725
25%,-0.16558078120316777,-1.0823836558872675,0.008514758294411747,3.097144063204073
50%,-0.030712657757667985,-0.87889690098022,0.011864108665110604,8.032573670780513
75%,0.18288376154295508,-0.4664959836144337,0.016293108377180933,21.904863696641797
max,0.31863399812245047,-0.2609860283573676,0.027031879398895706,1415.6139086283229
