,X,Y,SPEED,CURVATURE
count,180.0,180.0,180.0,180.0
mean,-1.174410350010366,0.34391247518529255,0.009078173264864348,237.09369067522073
std,0.1985088166128389,0.2150394045692508,0.005877636695072293,1027.3875870867487
min,-1.5107261665119704,0.08366921757841839,0.000443594621762139,0.18777814075663077
25%,-1.3976435191169498,0.13019765246900933,0.004624399690372422,5.147535606211814
50%,-1.0644225495281256,0.31084895810737,0.00810636242133713,17.689019800645227
75%,-1.0239888312100969,0.5621846685506316,0.012443702399253666,60.443479539620384
max,-0.9392256479574972,0.655252713466054,0.02579571509917249,9078.942530553553
