,X,Y,SPEED,CURVATURE
count,180.0,180.0,180.0,180.0
mean,0.07170399905335212,-0.20329488443402283,0.01268756957733631,110.57695662219292
std,0.18436669933340985,0.2308877191725816,0.006619144605034852,605.5252099639206
min,-0.24191501557629924,-0.4791251406227692,0.0006914837833319237,0.10384699052297547
25%,-0.06149254332295428,-0.38936328460742486,0.007444082881663095,4.39940956280228
50%,0.024234459338586162,-0.24439232013820372,0.01243029410797104,10.151277902987491
75%,0.25699227447318207,-0.025878408731437236,0.01782964927658754,24.58153662017051
max,0.3606380339590072,0.23534723736328247,0.02648190365667333,6315.25488749343
