,X,Y,SPEED,CURVATURE
count,240.0,240.0,240.0,240.0
mean,0.20241095339360266,1.0875764347632118,0.01238176723826034,887.5760888675405
std,0.25660452704023007,0.15186514454225208,0.00634403675405471,12928.870068716718
min,-0.17251295496568858,0.8191795080820301,8.17986974199505e-05,0.0013933428974926443
25%,-0.03854861857064827,0.9455219010768001,0.007759441520204688,3.6980691674221937
50%,0.19456383643864497,1.0949113598700935,0.011973114776702425,9.778526430792027
75%,0.4720532460235242,1.2230762475434056,0.01643678729353728,22.718953442757638
max,0.5259374787089253,1.393077231598963,0.030589493651893174,200297.7589115424
