,X,Y,SPEED,CURVATURE
count,180.0,180.0,180.0,180.0
mean,1.3868135078806405,0.872851549690586,0.010981140022565767,44.52559127697886
std,0.16061433714160936,0.09405553065300916,0.004734757671939992,201.00890350669326
min,1.143242054693977,0.6728976982862143,0.0009825455649078716,0.04271311434520757
25%,1.232151581040589,0.7982152625645688,0.0072761171288411135,4.281995042330289
50%,1.3775685692278559,0.895194279393953,0.010741258641682318,10.828400553280098
75%,1.5171196065996653,0.9450731418987052,0.014329138521139144,24.604692927440574
max,1.6969491100674365,1.0184021834571468,0.024450422702398066,2560.5860826653497
