,X,Y,SPEED,CURVATURE
count,180.0,180.0,180.0,180.0
mean,-0.3289470793972972,0.09408106466747274,0.010213946880988775,66.42456153766358
std,0.23546293756335906,0.20936020778465017,0.006632786348795219,182.08065604419784
min,-0.6404280458561963,-0.22374579488484117,0.0005846555178499633,0.031442360393144055
25%,-0.5796968431546916,-0.0817075778771706,0.005202033269909448,4.073909891140573
50%,-0.2429750122921217,0.05236939806449203,0.008894626571624821,11.54143153021425
75%,-0.12053682851628207,0.31545518270698275,0.013780791390759498,39.13444769328642
max,0.07270850183548401,0.42803386844318075,0.029310937827240945,1707.752184054791
