,X,Y,SPEED,CURVATURE
count,180.0,180.0,180.0,180.0
mean,0.7452404394213785,-0.6149071553091201,0.012341851431465389,701.8000569638544
std,0.22979287652281286,0.32783986582267166,0.006852385675344272,7922.573696084703
min,0.3609436043411445,-1.0622684703951244,0.00011261785656318903,0.04041071346503774
25%,0.520904629950145,-1.0046288519559115,0.007118817590346694,3.191283338874151
50%,0.7958325547868712,-0.6148292739707456,0.012069369672671191,9.153480770870972
75%,0.9280244738732017,-0.30320420063574505,0.016202785099319238,23.69373590621108
max,1.0831041116718365,-0.1510287667308559,0.030297416188259846,105513.79319197545
