,X,Y,SPEED,CURVATURE
count,180.0,180.0,180.0,180.0
mean,0.14344881712033633,-0.3543597564123098,0.013020499512365263,13.987113840051393
std,0.1311583892058792,0.31146365959075273,0.004242116907271533,16.685389393768325
min,-0.11353828691247743,-0.7870128240973765,0.004584503087767856,0.01836273418190669
25%,0.05237308010576279,-0.6700051141580924,0.009887627162377972,4.386753708686482
50%,0.18982063235031643,-0.34403501184898355,0.012550550752175017,8.424372737089794
75%,0.21989674270024592,-0.06822510928229474,0.016402421886609307,17.24456075409574
max,0.38618686947235953,0.1352666505846659,0.02221824676189508,101.51417323274009
