,X,Y,SPEED,CURVATURE
count,180.0,180.0,180.0,180.0
mean,-1.1568662348295498,1.2404268397290272,0.012092880529821956,63.2269566570013
std,0.23221647936776918,0.11445053019075596,0.0058832535762161475,395.29789833336844
min,-1.549990582704794,1.0176369700106016,0.0001121202474241695,0.01112802085209887
25%,-1.3411282024873075,1.183029796768819,0.008139363869091136,4.4469957129834725
50%,-1.1642824223809827,1.2500265992050865,0.012032689449072893,8.725675831202846
75%,-1.0022580527295912,1.308343102971089,0.015802728100203018,20.79987306710607
max,-0.7440775744946417,1.4664332082683886,0.027123665397819265,5032.34273936257
