,X,Y,SPEED,CURVATURE
count,180.0,180.0,180.0,180.0
mean,2.3452974868295233,0.354526395107498,0.012328767815587706,26.39923816037689
std,0.3145382646720081,0.351444611294393,0.004704602951302548,63.551806596168326
min,1.9424798199287778,-0.09337014939078538,0.0007009478962386772,0.14167731580459997
25%,2.0878673628139657,0.017143579819478727,0.008827932631003128,3.8454351546181975
50%,2.2574426335340094,0.3143633679793756,0.0129137114317208,9.030344029501821
75%,2.591346970117744,0.6954948510652835,0.015395437745764214,26.066686217691082
max,2.944574318305618,1.0140815843197681,0.024545558408760645,746.20294902688
