,X,Y,SPEED,CURVATURE
count,180.0,180.0,180.0,180.0
mean,1.2756327458403889,0.32755883522719464,0.01050310335563227,91.5983560347123
std,0.2274305676005764,0.26837714512107097,0.005129291310750686,431.90503997102394
min,0.853432094402174,-0.06860452361536958,0.0005722663027086859,0.016594776060234327
25%,1.0609144847208023,0.03171356110861463,0.006870707316277948,4.584714044649985
50%,1.3617574824439673,0.33203788073809254,0.01067117876423537,10.741740875594862
75%,1.4856451846913852,0.5614347971831075,0.013753334474676294,30.55862112545094
max,1.5862518708351279,0.7494753733160832,0.025678272325722833,4026.2402671054087
