,X,Y,SPEED,CURVATURE,ARCLENGTH
count,180.0,180.0,180.0,180.0,180.0
mean,0.22728388888888895,0.8717538888888888,0.0045648396733767105,24.398222137003415,0.39344116072745666
std,0.10827180527355353,0.07150813007173591,0.0016437251196509235,61.007810417870495,0.2272304376196432
min,0.08270000000000001,0.6755,0.0010307764064044162,1.2636360937120743e-12,0.0
25%,0.11792500000000002,0.8242750000000001,0.0034590133273485427,4.2259845297631085,0.19615402844609875
50%,0.23525000000000001,0.89445,0.004767072728438933,10.070443373088953,0.40511548918560836
75%,0.3345,0.9303,0.005596679344159975,24.58999064592906,0.5615677078529233
max,0.387,0.9608000000000001,0.009326306878931314,656.2728677453614,0.8152022090651424
