,X,Y,SPEED,CURVATURE
count,180.0,180.0,180.0,180.0
mean,1.6931552263478273,1.6317233488864218,0.008854120333783359,66.43376134332298
std,0.14178884866621147,0.1809644037855167,0.004164165835724221,151.39995988010517
min,1.4058625360554942,1.3509764238460134,0.0010661012108707868,0.17587679647014495
25%,1.6388980365452095,1.4523469310295076,0.005588008108472057,7.912929506531312
50%,1.7007535316301823,1.6105813711867472,0.008471216983306419,22.194893882755814
75%,1.79255212482456,1.801851235380149,0.01201100531120053,58.16637406342544
max,1.9329752032721947,1.9480013974867751,0.018341488059728978,1325.3853194743872
