,X,Y,SPEED,CURVATURE
count,180.0,180.0,180.0,180.0
mean,1.2294681497554283,-0.016016426950073517,0.012344042755791311,38.80327643409075
std,0.21901033218524674,0.12414779816306903,0.005350309606629277,152.84758423506696
min,0.841528128293725,-0.28808239390824186,0.0012908299569123667,0.05897536689490039
25%,1.01743191072013,-0.10547950237148733,0.008446109929293092,3.4305952059001386
50%,1.2783351323899275,-0.009837831550660796,0.012522569429353276,9.932182185720517
75%,1.4278170908877332,0.0832421671432309,0.016715353227219176,20.696595026496
max,1.5486207709757494,0.1892431425668385,0.025395831186878895,1584.2380547331643
