,X,Y,SPEED,CURVATURE
count,180.0,180.0,180.0,180.0
mean,-0.3865177911762552,-1.6153200810477029,0.011831240431195307,45.59251007833078
std,0.4153163020597851,0.22451233176242438,0.006282911586765996,142.6451784033923
min,-0.9375638172562358,-2.0161615084974787,0.0012912462027084817,0.1627769483606606
25%,-0.8345691887001794,-1.8149734606269614,0.006886903395296943,4.068127957042036
50%,-0.49987310189479206,-1.5011379380838505,0.010452330036256945,10.212332286491923
75%,0.040103621084442126,-1.419117322125328,0.016198148673539886,26.24292966172154
max,0.23790678571651291,-1.392450698433042,0.027426256760136377,1300.0785780428112
