,X,Y,SPEED,CURVATURE
count,180.0,180.0,180.0,180.0
mean,0.3880635960255318,0.07592913312099925,0.009759626599994485,80.4304275893624
std,0.12740046115224557,0.10297686408280801,0.004832621650053396,451.2246604683856
min,0.16385027303640481,-0.12210711171506769,0.0008492606330536578,0.1339460637658854
25%,0.3043109083311495,0.0025664508465249062,0.005850070393836188,6.7024397732876935
50%,0.3872918368559881,0.09642915642406921,0.009926534963449682,12.171607440321814
75%,0.4886427032411786,0.15427521612011497,0.013435884600160326,33.2877746874604
max,0.6179769086670159,0.336563816761546,0.021473196090230493,5929.8207995328485
