,X,Y,SPEED,CURVATURE
count,180.0,180.0,180.0,180.0
mean,-0.377006905169249,-1.0864781814604558,0.0113371732691464,28.703119153796287
std,0.2399881379054442,0.13455762658553297,0.004405882438083336,81.06549370361826
min,-0.8477611803142234,-1.357138707022575,0.002248558999856219,0.20252557362067092
25%,-0.47260834160895654,-1.1854719177318462,0.008710959221209909,4.854700601913324
50%,-0.3947247100926147,-1.0908699294283994,0.010971629262907744,11.117195927760488
75%,-0.16825252689638448,-0.9596975939637237,0.013884969601288388,27.573768324577067
max,-0.033950209024430016,-0.8817625877457675,0.025904031504425717,760.0129583282084
