,X,Y,SPEED,CURVATURE
count,180.0,180.0,180.0,180.0
mean,-0.0959802359270777,0.17186855024976747,0.00920134713881095,96.58700806848489
std,0.22068792694288336,0.06214411668962006,0.004693292103446311,468.24175729479356
min,-0.42245693707505716,0.02703320513570995,0.000522376620833231,0.03615161013465801
25%,-0.330332163240976,0.13459018997619496,0.005743633866034657,6.810077779042769
50%,-0.05607097376667362,0.18857399153599902,0.009366472155426454,16.843723748602024
75%,0.08736704360356948,0.21154564603905376,0.012337677380817999,41.19669753622336
max,0.2751562912363322,0.2822285951363062,0.022375759784402014,5906.48945154702
