,X,Y,SPEED,CURVATURE
count,180.0,180.0,180.0,180.0
mean,0.3992149854402278,-1.4962822937064777,0.013409997266200641,112.46032136763905
std,0.2835259515471809,0.191351398010874,0.005854027430935876,1191.3987790563046
min,-0.07891429805583328,-1.7442726484511415,0.0004930447035850533,0.03511175983953557
25%,0.17094892903533232,-1.6767693789791052,0.010023795186870708,2.732947263345622
50%,0.397954315022901,-1.5106396281563952,0.012856085774769013,7.187371167875231
75%,0.6612416599206699,-1.380747512591117,0.01670910205013616,14.383955147931003
max,0.8501622520174876,-1.0381435133483683,0.03170090114065769,15976.780709654506
