,X,Y,SPEED,CURVATURE
count,180.0,180.0,180.0,180.0
mean,0.08864573196078,-0.9242215288823488,0.007929239665488686,82.26677193979735
std,0.17049850767137653,0.06691586739766404,0.003603304030796134,314.73492634146254
min,-0.1468305855716341,-1.0360806055485907,0.0004383115829275367,0.6685041233488147
25%,-0.0942560504873188,-0.9723783450657133,0.0054383776426518236,9.577770103732712
50%,0.10721132797386917,-0.9400909053390458,0.007230337000581339,21.16038712678472
75%,0.21324975765173645,-0.8841055108251274,0.010337556062478076,48.68906119799786
max,0.4010120223329142,-0.7787230916684988,0.01738330848068368,3912.925141492267
