,X,Y,SPEED,CURVATURE,ARCLENGTH
count,180.0,180.0,180.0,180.0,180.0
mean,-1.2371455555555557,0.1983383333333331,0.006882691908890631,12.580069016043726,158.71288329979086
std,0.10252665129587825,0.2472689367264566,0.002391937546727322,21.794985752059457,89.91082480021674
min,-1.4724000000000002,-0.0862,0.002325940669922641,0.1476239234703741,0.0
25%,-1.329725,-0.04895,0.0050952851453359435,2.3794309637777107,84.78096675058185
50%,-1.22585,0.15385,0.006991910178343044,4.667612387473193,155.6330305800618
75%,-1.1462750000000002,0.42452500000000004,0.00850874480787919,12.445102110947936,236.5054132164716
max,-1.0851,0.6279,0.011030865786510163,144.30750636459703,313.0790415292898
