,X,Y,SPEED,CURVATURE
count,180.0,180.0,180.0,180.0
mean,-0.620233203465724,-1.6395086392995892,0.012815316614180975,26.633983724242412
std,0.16726673459594957,0.3769836332300126,0.00631475277368281,72.69014774546575
min,-1.1677904992220267,-2.2350602770845343,0.002252833074601435,0.01049787403948561
25%,-0.6402977175295226,-2.023123371144057,0.007785216286115797,3.3712816347432994
50%,-0.561201217844634,-1.5601918903820615,0.011890472842369049,9.877862021100011
75%,-0.5247632459005115,-1.3229118209570139,0.017674525405614747,19.862825800842142
max,-0.4240258663844914,-1.10781042841948,0.025838088805031644,701.5223418471993
