,X,Y,SPEED,CURVATURE
count,180.0,180.0,180.0,180.0
mean,-0.4861569027730627,-0.039013565111514444,0.011633532653266427,73.6764385770963
std,0.10581362175485462,0.3708499136334674,0.006902476267463233,251.03874806653317
min,-0.6406677314670766,-0.390002813824925,0.0003920643039745067,0.02285366970504468
25%,-0.5668183220547407,-0.3337050459414802,0.006054047442965203,3.037319961507452
50%,-0.5110687378494803,-0.2499350089141161,0.01109095530083503,9.298144593119412
75%,-0.41757119122555575,0.37261942467055287,0.016910086318640858,37.61722991550808
max,-0.22691217813969122,0.590977966865718,0.029814581626248615,2343.664572090902
