,X,Y,SPEED,CURVATURE
count,180.0,180.0,180.0,180.0
mean,1.1852437255646362,1.1839431469908033,0.012610698848206,37.503763677284944
std,0.08239024049278855,0.2874604192640776,0.0066713588099229365,133.4791789069088
min,1.0532117508787404,0.7381591719315213,0.0012267836934200102,0.0104102334770674
25%,1.1185310481326696,0.9073110587190024,0.008005386698534433,3.5987200327472166
50%,1.1751453484028058,1.1530799676621282,0.011802552094347898,8.675617358400924
75%,1.2285928476038905,1.4446786797674172,0.01607684821233359,24.85333029200605
max,1.3818113221562998,1.6878484363473296,0.03816647374796379,1594.6939455948395
