,X,Y,SPEED,CURVATURE
count,180.0,180.0,180.0,180.0
mean,1.4414743519473556,-0.8439010224592322,0.011732949025712496,37.275580679273574
std,0.24447004654218243,0.2552838208530468,0.006815899178240224,97.14250865912162
min,0.8319917108481212,-1.3485074952473943,0.001378246247146288,0.14812083140349377
25%,1.3356719342196959,-0.9773563524399784,0.0066765270964667285,3.6347005293715955
50%,1.5484158826816934,-0.7512600194311361,0.009967933002839737,10.24820797530155
75%,1.624743277515968,-0.6221214068815051,0.017173796425254934,30.84498825211521
max,1.7115163242470897,-0.523150417149998,0.027541173208801926,1034.089379335329
