,X,Y,SPEED,CURVATURE
count,180.0,180.0,180.0,180.0
mean,0.9044513827401667,-1.2565025882096073,0.012979265207376706,26.51664633306981
std,0.4411329734212979,0.09532252843255905,0.005324295371254034,97.1740268446745
min,0.14191639759448219,-1.4895453150919435,0.001488747118963658,0.06597636249069654
25%,0.439081624596606,-1.2935439088315284,0.009099275005556871,3.3320419718919783
50%,1.1264356911468685,-1.2448388342675965,0.012532020611351379,8.627505389917417
75%,1.259379996035071,-1.1989698868851595,0.017253478829001228,19.8348976180298
max,1.4486223274909258,-1.08763542592953,0.024747293247957648,1214.3489674564642
