,X,Y,SPEED,CURVATURE
count,180.0,180.0,180.0,180.0
mean,-1.6227522189236463,-0.9628323682991307,0.012373631731548337,41.26709262877141
std,0.15083911366328812,0.2859764813679357,0.00711544225279376,98.9822362542103
min,-1.855767401499819,-1.339767173770326,0.0008368731266880249,0.07599748603115535
25%,-1.751659283278701,-1.2081589080947759,0.006105395175282227,3.4297155332081095
50%,-1.7037017758704907,-0.9945938548866438,0.010896985420036852,9.692775081442353
75%,-1.4749031024848052,-0.7402895436897589,0.017982108417340117,38.223952116505984
max,-1.238858136543956,-0.32266066761962064,0.03166704377922771,840.9892843259141
