,X,Y,SPEED,CURVATURE,ARCLENGTH
count,180.0,180.0,180.0,180.0,180.0
mean,4.238800555555554,57.62622611111109,0.37815217762338577,1.0644255770943183,35.04459825273696
std,1.9799281026813573,11.21894580759137,0.23151102499857504,3.4348419936976526,20.474875456892384
min,0.5119,39.9304,0.025150198806371312,0.00018318412646960036,0.0
25%,2.6805250000000003,47.3329,0.20433531988824066,0.019490834651536726,14.853394851870938
50%,4.31885,59.8175,0.3135121212992053,0.0737101066473009,40.13351501610856
75%,5.9093,66.84385,0.5831765725200246,0.34073226317156063,47.797036819826566
max,6.9965,73.2016,0.8170468545316115,30.85846323267577,67.845873197802
