,X,Y,SPEED,CURVATURE
count,180.0,180.0,180.0,180.0
mean,0.6830748382063317,0.000862338571181101,0.012031220547648195,37.16707315244299
std,0.26481621753898504,0.21412083220867706,0.006289385401702176,108.34042846997147
min,0.33121589430937864,-0.4110564867042709,0.0011745102948263761,0.25583811401872825
25%,0.4808692623350913,-0.20904926106936628,0.007247515424909753,3.724350083766482
50%,0.5682873000108744,0.05226163014073117,0.011328799912145573,8.47845296898985
75%,0.9228784279830515,0.18597093686125757,0.015932230576158876,29.13711239576336
max,1.1827270443938374,0.3144631125407951,0.029060094626345605,1180.2454667149257
