,X,Y,SPEED,CURVATURE
count,180.0,180.0,180.0,180.0
mean,-0.72731687068485,-0.9061034448874585,0.011375312838060118,119.15034447335428
std,0.15786181964941765,0.18857920267592032,0.005466876984042252,1109.3032740060255
min,-1.0655643018726513,-1.195632691403512,0.00022129462174834183,0.053295709716511375
25%,-0.844470737148369,-1.0415101595330818,0.0075602175760694805,5.043907097257735
50%,-0.7416889334891725,-0.9197451017019137,0.010785477348674789,11.179028778235672
75%,-0.6103713025587274,-0.7978361904446085,0.01464041881787867,30.44417477196633
max,-0.4273026159340848,-0.525640624063888,0.027396594940061803,14817.644302441322
