,X,Y,SPEED,CURVATURE
count,180.0,180.0,180.0,180.0
mean,1.4244364305552144,-0.7877869658451415,0.012077337783387623,69.02840760596578
std,0.2660676549942981,0.1039598018942975,0.008565583341669673,369.47740102407784
min,0.509388154031626,-1.029116423036848,0.0010502954485741714,0.10058085670485793
25%,1.3793684835743607,-0.8453421554606702,0.0067885344296128676,3.0668154881936154
50%,1.4714957003851477,-0.776117384035913,0.009324027503890591,12.257076835973304
75%,1.6156443968968186,-0.7087556266744732,0.014391663728951135,36.58331914088886
max,1.685238900621966,-0.6346563824045831,0.03903525500647203,4790.918915581518
