,X,Y,SPEED,CURVATURE
count,180.0,180.0,180.0,180.0
mean,-0.450376852304372,-0.8696753787842328,0.00944295402596858,60.760551174958145
std,0.24816688270489323,0.16182378872515632,0.006117466530923938,171.9080680520447
min,-0.702522681005458,-1.1846845225309226,0.0008506595573633653,0.003866856115598647
25%,-0.6529797120120275,-1.0304813231642802,0.005575422622930475,5.19246667399921
50%,-0.5488264763812913,-0.8070520142304877,0.007918445094960262,19.652720044578057
75%,-0.34825098725085546,-0.7545413653496,0.012041651159263762,51.8650509934887
max,0.0826905620966367,-0.6465369805434997,0.03706450335412423,1780.5487034669613
