,X,Y,SPEED,CURVATURE
count,180.0,180.0,180.0,180.0
mean,-0.20310695509429122,0.5605358132460726,0.011541879053596295,20.56483812771452
std,0.11921726439309295,0.3900104057942539,0.004449966513397573,36.95374744797345
min,-0.49751355820164117,0.14059934986493228,0.0032812417045000055,0.0514127580981409
25%,-0.27038621410390656,0.19397030081614516,0.007689032518896929,2.6508132267093343
50%,-0.21043630915166672,0.45168165980378494,0.011386833906049481,9.47893104339799
75%,-0.0896005672389292,0.9431653761539268,0.014242236152963477,23.135658705400516
max,0.0016871187738525546,1.1884477624215224,0.025271671669256254,314.9180896570356
