,X,Y,SPEED,CURVATURE
count,180.0,180.0,180.0,180.0
mean,0.5915121929464184,-0.05484565056998071,0.01408762304722798,41.861359147332095
std,0.27344708126940154,0.1859192359639682,0.006392629947259421,165.3961429548132
min,0.18758827811374992,-0.2946489234671488,0.0010013808123992757,0.1266552095421799
25%,0.33512758724412883,-0.22939610210224481,0.008938340477293714,2.911918064318285
50%,0.6446732420150965,-0.061162700948462406,0.014498362819036797,6.405777159117662
75%,0.740082942072698,0.06389550727032786,0.018401400112119104,14.723829686759352
max,1.163767473195583,0.28821039190527603,0.026915773345138526,1915.0471757714122
