,X,Y,SPEED,CURVATURE
count,180.0,180.0,180.0,180.0
mean,0.8183366107773351,-0.6261209376836845,0.011909139023650383,109.19311578738014
std,0.23872125058319627,0.08699337528935153,0.005828921737563534,603.382791687387
min,0.42639105892658774,-0.8086084984771656,0.0005902412466736868,0.006111206437872708
25%,0.657124653057696,-0.6757963068917437,0.007810418200830468,3.980164476829249
50%,0.7600908054353788,-0.6406868699190688,0.011373040306324555,9.367025765310155
75%,0.9932565870158723,-0.5758695913502264,0.01548499662979943,20.854721901533722
max,1.3411260939879308,-0.3729592622677211,0.030084909266620722,5134.32702173391
