,X,Y,SPEED,CURVATURE
count,180.0,180.0,180.0,180.0
mean,0.12363218611726266,-0.45349696888746444,0.011755172276505148,42.6791227913672
std,0.11824492352856009,0.20555504870522495,0.004880840033773404,209.1339919275121
min,-0.10002089775953764,-0.7799914934104197,0.0006780904218955117,0.16635743207829942
25%,0.05091843321433042,-0.6042222930758927,0.008640544369778926,4.651414181241778
50%,0.11088177438052235,-0.49051515885134755,0.012109070768800283,9.157832960157357
75%,0.20846125700472232,-0.376132454499552,0.015399332543961496,22.480111919891485
max,0.3594325142920062,0.12002777680707258,0.021270006040172054,2738.31174043326
