,X,Y,SPEED,CURVATURE
count,180.0,180.0,180.0,180.0
mean,-0.7025246405319873,-1.3537467212519652,0.009776036546587966,67.5482047662454
std,0.1144889760409885,0.12183683785051683,0.005215608082161423,259.2194270694959
min,-1.0115622434937888,-1.5816085848052366,0.001075741138336667,0.2457503365693647
25%,-0.7468785815454829,-1.4294160944209533,0.0054025802511103085,4.932075639440018
50%,-0.6679632279305021,-1.3706769198748487,0.008722189855204027,15.767155344625433
75%,-0.6209841644253495,-1.273259297708988,0.013017115518638694,40.88013697324133
max,-0.5432529424289886,-1.1169097463288127,0.022147240655725122,2872.3239696955884
