,X,Y,SPEED,CURVATURE
count,180.0,180.0,180.0,180.0
mean,0.3493019507852632,0.905756683469055,0.01336104371197039,15.728819070081222
std,0.5235771332272723,0.2191586781841359,0.005520713944522159,28.118107159342504
min,-0.2460494280217538,0.7091322978404182,0.002501309709863161,0.1315099649156682
25%,-0.16374690051102378,0.7716480241492067,0.009308244303966073,3.8377878994424632
50%,0.3423330915541441,0.8022338373907496,0.012734225493804579,7.640320989559527
75%,0.7847213064813019,0.9642649303223809,0.016796187820025142,14.28689464369048
max,1.3372475293873256,1.4195430574773817,0.026355132314771493,251.58051438409376
