,X,Y,SPEED,CURVATURE
count,180.0,180.0,180.0,180.0
mean,-1.124373235396765,1.9797871044037836,0.009923788159906194,74.1924244983896
std,0.1364241847456422,0.13448967655298685,0.004748204366374741,213.8492461239423
min,-1.2960572713576912,1.7685976018694884,0.0008740891473163822,0.028690711212940336
25%,-1.2622477966326355,1.8462839143502936,0.006370425940729535,4.015349043770982
50%,-1.151946186153903,1.9711473102681405,0.010564745298120145,12.125793402363971
75%,-0.9835840024875041,2.0453112796386907,0.01364241469097906,45.5943978694957
max,-0.8712949265308213,2.2909226627464503,0.02339888026904081,2160.790802409917
