,X,Y,SPEED,CURVATURE,ARCLENGTH
count,180.0,180.0,180.0,180.0,180.0
mean,-59.59579388888889,4.778828333333335,0.21070871860932858,0.3521802696920366,18.480024946149005
std,12.219515533585984,4.480023384332363,0.11419747089829951,0.7936207987599737,13.643827460534792
min,-76.1858,-0.2194,0.030477040538740553,0.00032137583614527866,0.0
25%,-72.38662500000001,0.941975,0.09971939740554715,0.02186043193410914,4.339055586861316
50%,-59.4086,2.9105,0.2211967290739525,0.06854117387441333,17.869611172444245
75%,-46.256025,8.981300000000001,0.32437096494598117,0.36762724151414483,32.4516585086777
max,-44.1146,12.7322,0.35542750667330225,5.5650934692694785,37.87239608557721
