,X,Y,SPEED,CURVATURE
count,180.0,180.0,180.0,180.0
mean,0.7495502415421634,1.2160641530167466,0.012596859618959481,36.10074621386605
std,0.13449638566393432,0.32001297542812407,0.006936810959149096,71.93031611770586
min,0.49554165775829173,0.6999876905628456,0.001666640746793045,0.012933374573474045
25%,0.6395773739593855,0.8896451403294597,0.0067517138294532165,3.8886789692395753
50%,0.7623880906559551,1.2701362086287666,0.01248655200046507,10.64100637240562
75%,0.8523916215199294,1.5019330435134206,0.016203324501930686,28.886480049351352
max,0.969376088482194,1.6276264618733751,0.031222456683383134,483.64997338208775
