,X,Y,SPEED,CURVATURE
count,420.0,420.0,420.0,420.0
mean,-0.3756213153049689,0.019349335047026087,0.009179173002008103,14.083027807737807
std,0.2730766662992641,0.24828048482529202,0.003997748335142905,43.872584896593
min,-0.9168464033270761,-0.49960808815257585,0.0012653476735370412,0.003964408692436781
25%,-0.6103603425182069,-0.18160414638848577,0.006043619977904655,0.9756208938922888
50%,-0.3400954952452982,0.09205325718714413,0.008732854508412099,3.5356917243551935
75%,-0.17242587920320113,0.21572772023783832,0.011315998246354972,9.779770467918663
max,0.09573759750890277,0.36126966252520687,0.02064843178492119,589.8086122155458
