,X,Y,SPEED,CURVATURE
count,180.0,180.0,180.0,180.0
mean,-1.5182800470936129,0.003038347260920548,0.011949120206210837,27.888669792555085
std,0.44364503222018425,0.13882814035722432,0.0056674388539090514,58.43468438736382
min,-2.173118146170282,-0.2471040176810318,0.0019844209132298955,0.05974812065759949
25%,-1.9962967915726673,-0.11745212720852347,0.007465517293393049,3.1553152752637175
50%,-1.4280101551012838,-0.002018577760261268,0.011474529180346037,9.26794065994595
75%,-1.0710929723798368,0.12142395846337092,0.015319313448679648,25.130962517591662
max,-0.9950555192954817,0.24123535905954369,0.028291974371369127,599.652167038842
