,X,Y,SPEED,CURVATURE
count,180.0,180.0,180.0,180.0
mean,1.4092990553489022,0.8757664374288063,0.009197235356866014,101.3156697779935
std,0.04281711123102071,0.30672376622780234,0.0054806345322154434,360.49223034553205
min,1.3039185201481143,0.318923486909452,0.0005992251840050299,0.034991901405477324
25%,1.3846421391821988,0.5902167817701477,0.004594502106549771,5.4958406370926465
50%,1.4155645175036535,1.0509236706915464,0.008146320783422825,16.87657247211429
75%,1.436393300324005,1.0890179000904174,0.013648068827139868,50.334250553045536
max,1.4883403336523606,1.2150922175899852,0.025956428162057038,3983.4558807171506
