,X,Y,SPEED,CURVATURE
count,180.0,180.0,180.0,180.0
mean,0.8947852900369819,1.4119822075464084,0.00957124052101702,90.36715890536273
std,0.2446153198987703,0.05709703838462285,0.003909276421325507,479.9213133586699
min,0.433199659043091,1.2533495649913842,0.0007104600703799024,0.07091496902534096
25%,0.6780567397644146,1.374276790367532,0.007271290220956742,6.119917801483493
50%,0.9270380606015425,1.4251326903535761,0.009369557440667618,14.20998028252995
75%,1.1225384081500278,1.445791358196777,0.011833173093681114,39.58109494588419
max,1.2599318341134829,1.5267980434675565,0.022999303132501495,5992.41780035643
