,X,Y,SPEED,CURVATURE
count,180.0,180.0,180.0,180.0
mean,-0.4551975149885327,-0.33455848877816025,0.009154368546822077,38.54540054662109
std,0.10652683689185191,0.13338493560398806,0.004334604833733828,67.86585012826608
min,-0.6716601956850092,-0.5799352611373256,0.0013344794889149129,0.1671722647025137
25%,-0.5446037354741883,-0.4207786738745918,0.0057695340060954685,5.549262574790681
50%,-0.41851392258838915,-0.343172500243218,0.008189705683887659,14.643982581002916
75%,-0.3749203538867074,-0.2582752447491792,0.011268903600117678,40.53439278206001
max,-0.32203684104124003,-0.052652931897150354,0.020767009907818577,591.7908327330191
