,X,Y,SPEED,CURVATURE
count,180.0,180.0,180.0,180.0
mean,1.875446218331628,0.17507780070917706,0.009564071906133243,127.09048959762785
std,0.2445135717139033,0.12420162699850171,0.004634650850265672,751.7830577739162
min,1.5321942952772054,0.001426636886480418,0.0005613525454545165,0.01984320578074726
25%,1.6624218150057868,0.07372092300929906,0.006393809893775576,6.847012040071526
50%,1.8231912008754851,0.16091343428014004,0.009367637336777512,15.428791830816241
75%,2.1320307349026066,0.3017057675680155,0.012103485024101399,45.026274649617854
max,2.224459629927175,0.39918524022821916,0.024308864796183355,7623.877460686367
