,X,Y,SPEED,CURVATURE
count,180.0,180.0,180.0,180.0
mean,-0.971402669382605,-0.21356979607675594,0.012893092351923742,43.83695577377151
std,0.24372720364462033,0.27729737244117536,0.007195052178819217,118.32526850374262
min,-1.485932787274207,-0.7082423347908726,0.0012724686770366114,0.045686568905950166
25%,-1.1658415177482928,-0.3845860413018302,0.007233600781349256,3.3840851867910873
50%,-0.8676676540943393,-0.19320505950250794,0.01229911188029029,10.23684661022892
75%,-0.8159025297716946,0.05059365932251269,0.015965073006863242,36.552470513652544
max,-0.6914826496852539,0.21465224091872678,0.0346890005734414,988.8244207176999
