,X,Y,SPEED,CURVATURE
count,180.0,180.0,180.0,180.0
mean,-1.1677655311258623,0.4939316649015471,0.0096659222965885,49.23385380968284
std,0.1519463084639181,0.0837852907443779,0.004114321000175637,117.74573277209838
min,-1.479399874059375,0.34901774099500626,0.0018400877782095886,0.06107785638103207
25%,-1.2991906864703073,0.4251348690598324,0.006313327221353056,6.297674105759145
50%,-1.1910269862906024,0.4961635580907414,0.008898559673660095,13.425657467176183
75%,-1.019623982755673,0.5493009833862224,0.013033955257081922,40.8762542637364
max,-0.9366705106731364,0.635606287245431,0.019543487016285006,1076.0898740047692
