,X,Y,SPEED,CURVATURE
count,180.0,180.0,180.0,180.0
mean,-0.3048955466114022,-0.012915759972243696,0.009042693270399032,127.62619240263513
std,0.13965845926804696,0.0873326941273917,0.004761535921818738,598.033554753395
min,-0.6795075574776686,-0.17202340167546398,0.0007476210710283302,0.050173965517820246
25%,-0.41407584349631876,-0.09000814972522128,0.005075764643215151,5.093936894688858
50%,-0.23771503639862682,0.008960481741931859,0.00881920910956986,15.385074507559633
75%,-0.19417322311120433,0.05683557142778573,0.013016852819640691,51.48244861498429
max,-0.1373581554537851,0.18887822650299807,0.017439904339647185,5936.846245135579
