,X,Y,SPEED,CURVATURE
count,180.0,180.0,180.0,180.0
mean,-0.4756524748984986,-0.5373229498459237,0.012976344944477655,18.57799342083801
std,0.2191517627949025,0.31485377760691524,0.004653092636387726,50.61808145472537
min,-0.8131110969083147,-1.078633101690813,0.0017164256509396454,0.004322434682031717
25%,-0.6594872270946861,-0.7614833191159467,0.010018852630290155,3.729906446229476
50%,-0.456431102605162,-0.4986643435161858,0.01232663650175567,8.671303049758016
75%,-0.32201776021338196,-0.2466578428953347,0.01608994426895778,19.593099069241127
max,-0.07827938620704242,-0.1047449923043446,0.028137891350768014,613.1592740667669
