,X,Y,SPEED,CURVATURE
count,180.0,180.0,180.0,180.0
mean,1.2951726937443007,1.8162183277310184,0.011068802054028385,101.40333373891443
std,0.22638358395359182,0.33020086577832597,0.006411504827828726,945.3267226242187
min,0.9535126021599037,1.229915304816608,0.0004783578910612172,0.12364695720176375
25%,1.1261005312317736,1.4353651839796742,0.0065448833239167194,3.851978448220669
50%,1.256037158988157,2.0247124142564985,0.009472861613422832,11.99406314665734
75%,1.4678206935519373,2.0568162838874935,0.013883419860324077,27.17297391150516
max,1.671198789210788,2.1405557182791375,0.027033605811315885,12683.905404511019
