,X,Y,SPEED,CURVATURE
count,420.0,420.0,420.0,420.0
mean,0.34271565136435284,1.6994144866484988,0.012356364468789368,16.332519293871425
std,0.14428007087627712,0.4997472428120998,0.004896660570441131,99.47468247512349
min,0.031859256418136375,0.6519317931187771,0.0008289389795445502,0.01030893955708093
25%,0.20603173534163213,1.3117762067519863,0.009085331274817128,1.2088217386309132
50%,0.37060025099569205,1.9410296778655256,0.011880337484370613,2.6355807706719707
75%,0.44427607206911496,2.1214471267928934,0.01598631447463597,5.660733044372254
max,0.5894753188131984,2.261417106090186,0.021996685926671557,1779.318553864351
