,X,Y,SPEED,CURVATURE,ARCLENGTH
count,180.0,180.0,180.0,180.0,180.0
mean,-0.9383338888888884,0.2910033333333333,0.004944693429439361,27.20048528912712,119.48264077752823
std,0.10366968933871344,0.10993997290548192,0.0026485040997609585,63.81929183158795,72.5502299806254
min,-1.05,0.1842,0.0006999999999999923,9.386837907662537e-13,0.0
25%,-1.035225,0.21539999999999998,0.0026162654806181785,2.6991318409073912,54.46455176386546
50%,-0.9787000000000001,0.24000000000000002,0.004750129825920338,8.47512126775678,119.91041408709467
75%,-0.85805,0.3335,0.007137727165609583,22.415143850869875,184.23916226787344
max,-0.7094,0.5224,0.010851843161417287,525.9471926179793,237.83807727017003
