,X,Y,SPEED,CURVATURE
count,180.0,180.0,180.0,180.0
mean,1.493891993073478,-0.877474445615708,0.013045661571893323,39.78901732619473
std,0.0888313879005146,0.17054031924682642,0.0057671881290106974,108.21737128308551
min,1.263063815946181,-1.1172005700227625,0.001213773556918604,0.010604544644984896
25%,1.429903158662242,-1.0386689751994556,0.00899663849242927,3.213922732003202
50%,1.5260943951839523,-0.9083299555200616,0.013628850493203497,9.10462791958202
75%,1.5643176200304743,-0.7484227005324224,0.017666150235407165,25.424205136373203
max,1.6240849785317117,-0.5331642965251021,0.023900952766299527,1020.663298442258
