,X,Y,SPEED,CURVATURE
count,180.0,180.0,180.0,180.0
mean,0.8332038816847847,-1.3540251754900372,0.010007477114262963,59.794406421154335
std,0.1725381304999303,0.21725972001829147,0.005692987477953334,189.10326755048615
min,0.6085566855292643,-1.553133797246362,0.001110032112206029,0.28651761103240053
25%,0.684559044051271,-1.5080958980029697,0.005847709043519703,5.679600293837354
50%,0.7952266941759106,-1.4644987945619383,0.008509086945760623,12.143570976018069
75%,0.9009960932118155,-1.280533600296746,0.013436046618103412,43.5784585416948
max,1.1981729892245838,-0.6611291808459309,0.024818355698581342,1760.4670518255605
