,X,Y,SPEED,CURVATURE
count,180.0,180.0,180.0,180.0
mean,-0.3599667926611031,-0.8106589886335664,0.007108143917722708,146.83846787542058
std,0.09571560364479832,0.07448042229766272,0.0038082869612562137,645.7820383739654
min,-0.5269025266988128,-0.9979728287786791,0.0004287310976687445,0.3718542060989502
25%,-0.4377974007151621,-0.8607028472769023,0.004035703004573226,7.618512382069158
50%,-0.38033860215325366,-0.8215214876301251,0.006317657661501064,23.392258097110286
75%,-0.2883532185932724,-0.7874736264471421,0.010095973818040695,93.9425817146087
max,-0.18254662918332518,-0.64422738510964,0.01754073354245328,6796.804526211306
