,X,Y,SPEED,CURVATURE,ARCLENGTH
count,180.0,180.0,180.0,180.0,180.0
mean,0.4261611111111109,1.7723777777777776,0.007001408117110334,12.053930235970338,60.769880281613354
std,0.13729270789527256,0.16615317277093986,0.0026014297615642836,20.03989535125382,30.901598413300285
min,0.23390000000000002,1.5335,0.0009604686356148866,0.00549507534073441,0.0
25%,0.29974999999999996,1.6277750000000002,0.005411536667604016,2.2022070892737067,35.93537805121336
50%,0.41455000000000003,1.73225,0.007017654269428984,5.829793783444626,68.40779758096289
75%,0.5503750000000001,1.90475,0.008601416752523298,11.06407379371178,85.30714670455487
max,0.6587000000000001,2.085,0.012730769811759227,157.58541767885762,107.8764309502606
