,X,Y,SPEED,CURVATURE
count,420.0,420.0,420.0,420.0
mean,-1.0500801934625292,-0.6186876229464519,0.009794107763071037,18.0784779573694
std,0.3153058817586167,0.3235794654574708,0.004803819893915216,59.27952567485401
min,-1.5239305023873158,-1.1040200712913302,0.0003624399942629716,0.028250347431927756
25%,-1.3665343572744655,-0.8857446126447217,0.006016722571926098,1.1514346625622178
50%,-1.0318392983135318,-0.6502790933431801,0.00959645347465148,3.4294375300391122
75%,-0.8630517325663436,-0.42901435192970594,0.014139532335039442,12.218482305074097
max,-0.4032127368650875,0.03825177517356927,0.018116579048470697,907.655870627751
