,X,Y,SPEED,CURVATURE
count,180.0,180.0,180.0,180.0
mean,0.48451727497717384,0.14354554795571717,0.009847075527080171,78.74193532035773
std,0.12746084264188132,0.18677073550205045,0.00492621100488165,293.1357615546825
min,0.28919086180234505,-0.2962955010473246,0.0008866590524705603,0.024997110778176287
25%,0.38761314452342965,0.016680944069564316,0.005787941220560863,4.317836692387421
50%,0.47168237588859474,0.1844081239489713,0.009726318076327642,10.586198412770038
75%,0.5484753654452688,0.30525601626133253,0.013677211149889387,43.84376895079972
max,0.7982213595587522,0.4062435790455062,0.02251855664289236,2726.1413692534466
