,X,Y,SPEED,CURVATURE
count,180.0,180.0,180.0,180.0
mean,-1.4804120727627117,-0.5781072834238059,0.013188898550980255,53.20691137373827
std,0.14854355400963018,0.3070308437612026,0.007196650323181293,234.28458099913402
min,-1.7348991696461291,-1.2021283939272613,0.0008879562265617734,0.07372838020050833
25%,-1.6401801886900311,-0.6183506348883249,0.007351079878064072,2.9931097502461186
50%,-1.4637230626322348,-0.5486204051481198,0.012208040870266246,8.628343631580538
75%,-1.3265757028111653,-0.298380908349299,0.01764899641777957,24.68588089853652
max,-1.2608763450441585,-0.19867966128454706,0.03004827597493144,2817.8465747416594
