,X,Y,SPEED,CURVATURE,ARCLENGTH
count,180.0,180.0,180.0,180.0,180.0
mean,55.62367611111112,58.71097111111107,0.5844628119656717,0.25027583198575465,46.338920077194395
std,7.112890025652295,16.217641955769327,0.3350617715062011,0.4983567000434469,28.52661255639814
min,46.0156,17.5979,0.1034859531530719,3.149271038259954e-05,0.0
25%,48.829025,53.35957500000001,0.3144341015715335,0.020659323739617378,21.033546248508344
50%,54.450050000000005,63.89815,0.5108430829098378,0.10321583876355483,45.927695963156424
75%,62.649825,69.261925,0.8078681461399727,0.20759546412710214,61.1972633681534
max,66.6307,77.8959,1.2525643945522336,4.146571409130254,104.7393467047581
