,X,Y,SPEED,CURVATURE,ARCLENGTH
count,180.0,180.0,180.0,180.0,180.0
mean,0.5959361111111112,-0.5954388888888891,0.004968909056593417,81.77773204126797,0.5048868422416796
std,0.10112198936628672,0.05881100435628866,0.0031610648104454264,303.68968917918147,0.21681726848584945
min,0.32680000000000003,-0.8039000000000001,0.0003640054944640392,0.14773380719806586,0.0
25%,0.5449250000000001,-0.5916,0.0018193401503747578,4.9523607634453635,0.38420903050316635
50%,0.58985,-0.5775,0.004730623148273038,12.220501645261008,0.5088027070140297
75%,0.6824500000000001,-0.564425,0.007706930986745972,57.99638252431779,0.7124824322569299
max,0.7426,-0.5408000000000001,0.011432519407374744,3783.8947804725904,0.8867645500021005
