,X,Y,SPEED,CURVATURE,ARCLENGTH
count,180.0,180.0,180.0,180.0,180.0
mean,0.23103833333333326,1.1691827777777786,0.0073925454258860915,14.981530843462755,26.87347660223132
std,0.23487250464570664,0.28249123560450184,0.0036136759033893735,25.718195918066243,21.268937362185312
min,-0.28190000000000004,0.7706000000000001,0.0016324827717314572,0.03455820563027091,0.0
25%,0.066625,0.8666750000000001,0.003922032405658284,2.7179962483589133,8.090199980372082
50%,0.2947,1.1868500000000002,0.00746364544141092,5.434713186981188,20.50324840634002
75%,0.4561,1.463925,0.010113571928195307,15.534730365298206,43.045209467402195
max,0.5132,1.5002,0.015245327152934437,159.46198872729204,73.49130799026038
