,X,Y,SPEED,CURVATURE
count,180.0,180.0,180.0,180.0
mean,-0.1679164128304963,0.327878640410667,0.01203291270796236,70.0638445868501
std,0.2070379866984749,0.25503044991106316,0.006229376362037131,278.8013458379556
min,-0.614672674827303,-0.3067400141982517,0.0009031663874342556,0.019433806343533453
25%,-0.3437606788160249,0.16971798002539168,0.007232087874097157,3.729137387806907
50%,-0.09079958790565124,0.29926056758368025,0.010807859258640806,11.508223576423124
75%,-0.001555015916826297,0.5691777486140166,0.01717604915744105,26.533239703260563
max,0.08614170542666727,0.7300585200321813,0.027651262513951558,2081.024108691295
