,X,Y,SPEED,CURVATURE
count,180.0,180.0,180.0,180.0
mean,0.8625207150567261,-0.04612048167297449,0.011760377058792707,120.06818663033664
std,0.25114791113329393,0.07776951158477204,0.007019200158156604,954.2188275609595
min,0.486830238001438,-0.20612894092120967,0.0005172984102715972,0.047348440322625855
25%,0.631982246939058,-0.10366222268658262,0.006057997744114353,3.806175782195451
50%,0.8423927725558591,-0.020622759436910967,0.01048524049300167,10.061056972360102
75%,1.1021977559217162,0.004516455805147355,0.0170154080107709,32.820167239309484
max,1.2514230855463682,0.09920008078707175,0.0293397146892173,12725.40080455417
