,X,Y,SPEED,CURVATURE
count,180.0,180.0,180.0,180.0
mean,-0.5827669312098469,-0.22654444993248524,0.012132421941139775,56.9681971919424
std,0.10245814318537225,0.2713887408283024,0.005731636902999761,256.58288550408446
min,-0.8221728100035129,-0.7387356277204189,0.0009070074164372345,0.10264994014109297
25%,-0.6209605441773866,-0.4606049155293584,0.008005342458235927,4.5010517111660615
50%,-0.5513866082526391,-0.12676907081797678,0.012035661065657366,9.714032069323956
75%,-0.504244710949669,0.0013956251982325909,0.016172210110164103,24.709817831557434
max,-0.42982124601697985,0.13335874540799925,0.024122005507299624,2903.7798596595485
