,X,Y,SPEED,CURVATURE
count,180.0,180.0,180.0,180.0
mean,0.7873718161745774,0.26960546297204063,0.009609612403824503,91.39371000880466
std,0.1474034393633731,0.1078449457365074,0.00398871947036588,561.1601380217166
min,0.5340290536287271,-0.026665185915089033,0.0006315770339898574,0.07147658098334418
25%,0.6426857559874949,0.2473806665650227,0.0066542933818305085,5.27358936255438
50%,0.8145294580420823,0.27839389049626373,0.010050911645492884,13.82484043771542
75%,0.9248522605062783,0.3235647398116794,0.012625780491834892,35.29341693100195
max,1.0057274023280691,0.4448844132314602,0.01775110597759327,7004.025981115838
