,X,Y,SPEED,CURVATURE
count,420.0,420.0,420.0,420.0
mean,-0.06937509251122455,2.9256836359914713,0.009048224999528745,27.012010346150348
std,0.3753874430781002,0.16611868899332136,0.00482276883210889,92.61163191478396
min,-0.6898655450650035,2.6681914991060283,0.0006046714883025089,0.04768789145029989
25%,-0.38210192074091154,2.82327712334872,0.005576532374856161,2.0471595320110043
50%,-0.018108522082129368,2.867874786594978,0.008489797909041277,5.841022867711854
75%,0.31306512723292707,3.053592802618204,0.012766498532695222,14.199818256757569
max,0.40783343446890774,3.3196570255254665,0.020303791951718258,1297.9472037184496
