,X,Y,SPEED,CURVATURE
count,180.0,180.0,180.0,180.0
mean,1.947888558298115,0.23181199546127024,0.011754142957063854,42.70299630895597
std,0.13475367388089826,0.2522842064894434,0.004603741627334902,158.46102305814986
min,1.756203173421587,-0.16480649459044744,0.0014708005956619006,0.045226392581965195
25%,1.8491747578679965,-0.05273867735823677,0.008356848613323257,4.572242731447626
50%,1.9005824287152993,0.295819626182514,0.012510859337392785,10.581971924328492
75%,2.008061051417193,0.3959721228022931,0.014444111496998872,21.751231183118342
max,2.2769239145971465,0.7669875030044425,0.024926576440210235,1478.319592759124
