,X,Y,SPEED,CURVATURE
count,180.0,180.0,180.0,180.0
mean,-0.7678154789394137,0.05262819522922784,0.009485665891720748,77.8697660862019
std,0.2589186007498121,0.10680849620318499,0.004594802412760271,229.2887213659261
min,-1.0954641661688822,-0.10614960173690452,0.0008504505110274539,0.07683831989926945
25%,-1.0272403645139734,-0.013941327821907892,0.006259539532531078,5.443984408254352
50%,-0.7671788922357969,0.024306643614562043,0.009239412104405046,16.567382263717622
75%,-0.49392291876912964,0.07059901040157554,0.013009609263826681,41.897334480773054
max,-0.4047736827796531,0.35883384241798405,0.020065812249433594,1943.4817370359497
