,X,Y,SPEED,CURVATURE
count,180.0,180.0,180.0,180.0
mean,1.3499642063194408,-0.8476240653323526,0.010514470114420778,103.97309590343728
std,0.14705232296879886,0.2315550173660858,0.005242970639373074,605.5447847728517
min,1.1265718565365732,-1.4014305392313053,0.0005138998196409949,0.016767660106294872
25%,1.241657556068812,-0.9798298563475856,0.006475762900690292,4.48930268129033
50%,1.3055124827154834,-0.7684122794529165,0.009908055674119353,12.63567488916334
75%,1.4941176142966146,-0.6847529689483985,0.014602937321881957,46.062340423732735
max,1.6108797242320838,-0.5802210957124597,0.02583666209311528,7505.115307603571
