,X,Y,SPEED,CURVATURE
count,180.0,180.0,180.0,180.0
mean,-0.6241803962292424,-1.1763059904412665,0.010937174404044441,165.22734333634577
std,0.3163356890548856,0.3268504206282883,0.007175498869279525,743.9323308490126
min,-1.0673255595752884,-1.588025073212536,0.0003610174859668137,0.0211520471140445
25%,-0.97760430889659,-1.4739305771056068,0.005050482811975825,3.9147005689600642
50%,-0.45322986551948086,-1.2910281118638647,0.009547148937367682,13.881609168049483
75%,-0.322575666277317,-0.7938256774910561,0.015765354507424254,54.551402452595326
max,-0.2661139176025212,-0.6529650672837137,0.03100712486788937,7186.308640617526
