,X,Y,SPEED,CURVATURE,ARCLENGTH
count,180.0,180.0,180.0,180.0,180.0
mean,0.24425166666666648,0.5641400000000001,0.007856406210525902,51.46861792054381,48.59988917242667
std,0.24472764943798517,0.30010468910795274,0.004481037740156046,477.1758914021018,19.371768150737164
min,-0.18710000000000002,0.10490000000000001,0.0001802775637731873,0.04253154924184174,0.0
25%,0.061000000000000006,0.24222500000000002,0.003431220745254786,1.6705238743362083,37.63695069541385
50%,0.19105,0.6963,0.008015170275311588,4.595807917012813,56.44732950262109
75%,0.493275,0.85565,0.011794127988751188,14.185010680858845,64.34079548383778
max,0.6268,0.88,0.017102631376487064,6400.386879521257,68.79332847874853
