,X,Y,SPEED,CURVATURE
count,180.0,180.0,180.0,180.0
mean,-1.7356818637183618,1.5202994976623356,0.010281657503363262,53.896345462391714
std,0.20266481972817113,0.13515207244883087,0.004898297999115011,274.32526973898064
min,-2.0464688937103124,1.2941677449917877,0.0009413318342959628,0.042331379347111904
25%,-1.898519813134473,1.41863582071343,0.006343642220692006,4.13510094625515
50%,-1.7249165443870156,1.488131653032581,0.00982015721227232,11.759913696094449
75%,-1.5851648263654892,1.6693709364549298,0.013895119337406225,32.9505588879677
max,-1.2947040844662698,1.740170423185466,0.022584891150298436,3615.9249868678367
