,X,Y,SPEED,CURVATURE
count,180.0,180.0,180.0,180.0
mean,2.3825215251338885,0.10893247182075678,0.00912393804727161,122.9805390957146
std,0.14394190823784025,0.1095818668354743,0.005135536807843893,559.5814319551105
min,2.1306303350812845,-0.10386045516777663,0.0005550530549363023,0.024783967508545494
25%,2.2485720829750404,0.003916440161249908,0.00507958134308185,5.635927173720013
50%,2.406636889033294,0.14780613330597597,0.008088589480575965,16.59289125382389
75%,2.4798080814865395,0.18863874777746747,0.012224668178912039,52.16679006640285
max,2.658938869099807,0.2812029085178547,0.024732753041120024,6913.650857141684
