,X,Y,SPEED,CURVATURE
count,180.0,180.0,180.0,180.0
mean,0.7550124563508064,0.08645338663486521,0.010047431129670853,101.15851493107613
std,0.14008748460621204,0.09377778612997459,0.005430889040851563,657.4103556972932
min,0.5111173640422938,-0.027659896294962353,0.0005176199293090481,0.4668406357052164
25%,0.626277379965591,0.01843932123890371,0.005531468716442469,7.559748083025724
50%,0.7840324981430347,0.04240639922121503,0.009515644841359153,15.671192085882565
75%,0.8748646920884378,0.12328686561653593,0.013672441594429971,49.10508998022608
max,0.9574604450450985,0.3267959821093986,0.022843759627444844,8744.967572702792
