,X,Y,SPEED,CURVATURE
count,180.0,180.0,180.0,180.0
mean,-0.8689161351004764,-1.1890004612340495,0.009916622424342575,93.05714293676489
std,0.16028807653016527,0.22724188953817293,0.005062070074830897,470.4409165663094
min,-1.1182419000510797,-1.5557493141247438,0.000793130502371585,0.3545580408989176
25%,-1.0359718078265172,-1.4402116686300697,0.006149616789873685,6.216923100879564
50%,-0.8641942283193179,-1.0837478568041052,0.00978538895065435,14.031940645716984
75%,-0.7312587104805589,-1.0313525225390459,0.012957668259508196,36.76230575961999
max,-0.5765880072534422,-0.7366660072618908,0.025519499803736065,6040.389893641011
