,X,Y,SPEED,CURVATURE
count,180.0,180.0,180.0,180.0
mean,1.393426184683836,0.050649307180121665,0.013475894818864863,28.528923025447646
std,0.11299228757866671,0.5428839560600501,0.006059947331443263,81.80935514004541
min,1.1067405768493315,-0.8122617337673173,0.0020314828072306034,0.03741346478540939
25%,1.3055327033433373,-0.5689419208196617,0.008446525383693063,3.5255115323167443
50%,1.4148295697354132,0.21577647562246027,0.013151100526845592,7.637176253205822
75%,1.4696480683458493,0.5655336724573183,0.017903004019677954,21.496494933372755
max,1.5847324751176388,0.6934021471917039,0.02707631607807054,867.2012258766812
