,X,Y,SPEED,CURVATURE
count,180.0,180.0,180.0,180.0
mean,0.9086391294985565,1.7438457203455995,0.009231886868639766,52.15431028328035
std,0.11535309092284567,0.14316007877946804,0.004329599790138452,152.10769515750812
min,0.6174692932886963,1.4318074785450787,0.001188695223624929,0.23019535845525457
25%,0.858768498238032,1.6629424787700615,0.005820030350296634,6.015036246684262
50%,0.9385056946099868,1.7473952041463965,0.008904146955446075,15.809635831084426
75%,0.9981304302521133,1.8418686653072411,0.011879091324849619,39.414713355794625
max,1.0600954062182528,1.9767861170348735,0.020231560912675958,1658.773429565072
