,X,Y,SPEED,CURVATURE,ARCLENGTH
count,180.0,180.0,180.0,180.0,180.0
mean,-0.6493138888888887,-0.7509516666666668,0.005365900481395323,24.507263346568486,67.53382975479911
std,0.20541236540648428,0.14239668742420056,0.0020276753680497903,54.07229877374697,48.25414061772954
min,-0.9407000000000001,-0.9288000000000001,0.0013086252328302645,3.0276947141367637e-12,0.0
25%,-0.8495750000000002,-0.8466,0.0037928727450204035,4.351629364432496,25.31030175057584
50%,-0.65055,-0.8187000000000001,0.005111620228568143,10.86539953597674,58.646643218292695
75%,-0.448275,-0.62785,0.007003790820328927,21.22382716649299,106.41839855988212
max,-0.3345,-0.49360000000000004,0.009487360012142428,369.014434763307,164.39341407495746
