,X,Y,SPEED,CURVATURE
count,180.0,180.0,180.0,180.0
mean,-1.4992832982429254,0.4747394714068166,0.0145127626441133,12.186328843596693
std,0.2113463466333993,0.30141815397959987,0.005678509448853734,17.75666779703893
min,-1.829017014472605,-0.18431866990470563,0.0035301700836017783,0.006162530435259014
25%,-1.70040624751887,0.36672420567168695,0.010341403671250783,2.382267320359754
50%,-1.557931874635495,0.5393992440882956,0.013379632052974943,6.138288080707618
75%,-1.2628302370611943,0.6933953132490912,0.01725869629197944,14.534725454138737
max,-1.2021372403459378,0.8546982765953143,0.028819386738749665,134.34942062553768
