,X,Y,SPEED,CURVATURE,ARCLENGTH
count,180.0,180.0,180.0,180.0,180.0
mean,-2.247699444444443,-2.0536700000000003,0.00519069411250519,7.1643592729199455,0.4142738235307604
std,0.09277514205286812,0.1735055441292163,0.0017652290804741132,6.433346353734666,0.2802548923407076
min,-2.3588,-2.2872,0.0024005207768315164,0.741472957335537,0.0
25%,-2.3308750000000003,-2.2462,0.0037601248257247326,2.3495103924438103,0.1492658454156473
50%,-2.2645,-2.03825,0.005364110510096075,4.178880259175933,0.39381998070924457
75%,-2.1827750000000004,-1.87525,0.006581552131731252,11.027453164197674,0.6479812075097197
max,-2.0274,-1.8341,0.008195883112880506,28.732362312243502,0.9286804584598377
