,X,Y,SPEED,CURVATURE
count,180.0,180.0,180.0,180.0
mean,-1.5824205591684157,0.9807350706122387,0.010951195826153948,46.000940475063835
std,0.10825121222125586,0.29324301984433376,0.006470321498048615,142.01227701959024
min,-1.7549406265982388,0.55186353234501,0.0004853737501217218,0.020816616002918755
25%,-1.6622731360409406,0.6509349562645191,0.006432562372421164,4.70740514123195
50%,-1.605240345320802,1.0826400577255517,0.01012100011290906,13.848482979822556
75%,-1.5014555410829382,1.2183898100805557,0.012603692075787806,31.233118140963924
max,-1.3712362342588844,1.4103511678761955,0.028678031366629476,1582.3465579692433
