,X,Y,SPEED,CURVATURE
count,180.0,180.0,180.0,180.0
mean,0.8031107166883593,-0.0188801057254123,0.01581279983876456,26.697155089641218
std,0.2943697305693325,0.6626752995498935,0.007042980176661184,114.06665095583902
min,0.27164255901485906,-0.8414468598503367,0.0015274405767197678,0.13894102935898325
25%,0.5835674695794907,-0.6747207055099977,0.00992931373609318,2.268943027741832
50%,0.9195000551290433,-0.14203504274050885,0.016215250987104655,4.716739242984265
75%,1.0668002646534278,0.5831107370856035,0.021323641606778587,13.96491408621876
max,1.1699395339658922,1.0776286682977845,0.029186656950995468,1354.851383217178
