,X,Y,SPEED,CURVATURE
count,180.0,180.0,180.0,180.0
mean,-1.7555657339856061,-0.4938571013963159,0.009472821540310697,87.7018216983431
std,0.157530686299977,0.08160836730530072,0.004752828755396793,547.525720162758
min,-2.0952845164299414,-0.7104261048365705,0.0006556514299850291,0.015423944138570289
25%,-1.8038797116368657,-0.5422782899083881,0.005469206172117167,4.078869078057185
50%,-1.7222697344135915,-0.4941048211932093,0.00927654691480855,12.606162081767675
75%,-1.6232871626299228,-0.43461736358776953,0.012568769811943806,40.50766096881972
max,-1.5748749469937848,-0.32827390150448843,0.02136607219937175,7230.900424360745
