,X,Y,SPEED,CURVATURE
count,180.0,180.0,180.0,180.0
mean,1.3799664239619125,-0.17733761228251232,0.011588428082802898,26.545776677203307
std,0.3270899212185461,0.08778968142245089,0.0049494350422355895,46.92319893334482
min,0.78166187435315,-0.41542557569648075,0.0027207561088417836,0.02111186252594433
25%,1.0681999543025766,-0.23807159395214317,0.007359925385164561,4.086573993247883
50%,1.4942330630746956,-0.1963185373867547,0.011487201587351586,9.669808405960863
75%,1.636547082634334,-0.1235769415358329,0.014731015509784284,21.388617144653676
max,1.848765186108859,-0.00823187251301932,0.023114342214453534,326.004225461073
