,X,Y,SPEED,CURVATURE
count,180.0,180.0,180.0,180.0
mean,-0.07484132611108733,0.20456398851672128,0.010817755516975707,53.00925755490902
std,0.1526641998928949,0.38815500493095756,0.005993831030298033,141.81904770986583
min,-0.3334784040694065,-0.3210273591954424,0.0010115942736445762,0.014194829261356305
25%,-0.2145232061367936,-0.06814047511821598,0.006753383684821761,4.626468922978578
50%,-0.11363437191130876,0.13212344398308468,0.009849563359342383,12.788049319385205
75%,0.07945983686173892,0.5999188166401379,0.014520539516792974,43.65029830956776
max,0.1685447232629344,0.831150416368395,0.028765710757197045,1474.6393656693651
