,X,Y,SPEED,CURVATURE
count,180.0,180.0,180.0,180.0
mean,1.1994436263936101,1.0151818670453285,0.011547864393069056,100.29547778880466
std,0.15098716221335365,0.17413664516512414,0.006472607558008774,494.7934056028395
min,0.9961323064487831,0.7167686072249345,0.0005678820405422223,0.2339930418778584
25%,1.0561533811870805,0.8455946832803481,0.006410324020439536,4.18309953648524
50%,1.1674555738488432,1.0629329017597815,0.011048799873725364,9.326923164048248
75%,1.291439618467637,1.1428409038735035,0.016012140326436174,25.326873133414097
max,1.501723534040834,1.282018043356392,0.02630744121196028,5406.692326588833
