,X,Y,SPEED,CURVATURE
count,180.0,180.0,180.0,180.0
mean,-1.0323579614154392,-1.6926662255526528,0.01025175262967141,167.5343019779145
std,0.20324903286522839,0.1342304380437023,0.005106182992990423,1735.670567287664
min,-1.358186290335044,-1.965131270060366,0.0004254508484589953,0.04722205324215318
25%,-1.2247046806003152,-1.7871032472767003,0.005804243295423247,6.144153118388259
50%,-0.9921623481701035,-1.6910139639679347,0.009633302851536851,16.010086018717175
75%,-0.8213175476740442,-1.5820856395451484,0.013703503448106485,39.29008246872763
max,-0.7625089096720217,-1.4570155314939741,0.023041797999283093,23308.307043549772
