,X,Y,SPEED,CURVATURE,ARCLENGTH
count,180.0,180.0,180.0,180.0,180.0
mean,-1.9007211111111113,-1.189987777777778,0.005962198551211235,14.780939942187244,0.5274246347787858
std,0.12411751774447084,0.28358089791069957,0.0028077396209677556,21.10952704513996,0.3574507903505372
min,-2.1158,-1.5977000000000001,0.0009219544457292956,7.440122180499678e-12,0.0
25%,-2.008875,-1.48325,0.003891734257512782,1.709218216150843,0.16446978097915865
50%,-1.8574000000000002,-1.19345,0.005756497976504508,5.621135330120286,0.5448418245657323
75%,-1.7949000000000002,-0.891675,0.008604354054236887,20.32147020272609,0.863571090977878
max,-1.7665000000000002,-0.8346,0.010568822072492271,126.60141653724776,1.0691505839280528
