,X,Y,SPEED,CURVATURE
count,180.0,180.0,180.0,180.0
mean,0.09488745139147689,-1.899896095390701,0.010691886087499065,66.11023042502059
std,0.2599877166987289,0.12931944974906107,0.005647102407627427,314.1122953419248
min,-0.30600237044755396,-2.158726697219159,0.0010187494057441614,0.02703121868629879
25%,-0.1831010182628784,-2.0124199545578403,0.006403206323717149,3.933376715672032
50%,0.09492851958008403,-1.8786067552377297,0.009478553670299133,13.531645547287866
75%,0.33328164463776117,-1.783947470311854,0.014580680990432728,31.742253969023928
max,0.47611304725290665,-1.7099864228773316,0.026264509370474396,3808.7417334083675
