,X,Y,SPEED,CURVATURE
count,180.0,180.0,180.0,180.0
mean,-0.6040833954033809,1.4860177635466354,0.012256379694148313,335.41833130481774
std,0.21865826316684225,0.47659295728209516,0.006761169193389071,4015.43415561466
min,-0.8750329690440941,0.9795212849530787,0.00012105543693519018,0.025955050273926406
25%,-0.8161470132728559,1.0481953383012492,0.0065014475417846055,3.0867125908231308
50%,-0.5968052508733797,1.2757056318040303,0.012676178707959068,9.165971640091218
75%,-0.47514062069394647,1.9888410480815812,0.017082254588796145,24.156943446417785
max,-0.11078840654204104,2.227935530372422,0.029206881528286245,53898.7764289094
