,X,Y,SPEED,CURVATURE
count,180.0,180.0,180.0,180.0
mean,1.281608396582633,0.6687831047666791,0.010131841967525677,95.06722938329936
std,0.14130976661747377,0.2134638703897409,0.0058122665577493215,555.044472171187
min,1.0281864469551063,0.2255365776863949,0.0003169106713618535,0.03939663311823353
25%,1.130515871652118,0.6145312801332898,0.005987753834423373,4.744172977648074
50%,1.3015265767187887,0.7543087814305515,0.009765436716590244,13.85923355701502
75%,1.4002037180823304,0.8154262699897676,0.012674658561398771,44.52758163305299
max,1.5094516866655956,0.8704511696629008,0.0290688201852878,7322.251634823516
