,X,Y,SPEED,CURVATURE,ARCLENGTH
count,180.0,180.0,180.0,180.0,180.0
mean,0.055963888888888966,1.3938894444444447,0.005164918208777667,24.540085796805943,0.4434536749403903
std,0.10047281227843893,0.1299490826358613,0.002188114263501258,53.997028532439685,0.28833674850848834
min,-0.1627,1.2249,0.0011180339887499207,0.03170613900785607,0.0
25%,-0.0165,1.27535,0.003210681457050564,1.7049117548596673,0.1681717896046813
50%,0.09870000000000001,1.3609499999999999,0.005310012526265236,6.975912322997687,0.41723924366403975
75%,0.12277500000000001,1.52165,0.007246550903705795,25.931816436555756,0.7002542839263943
max,0.1691,1.6061,0.008819297024139772,474.0464112299301,0.9272271546117742
