,X,Y,SPEED,CURVATURE
count,180.0,180.0,180.0,180.0
mean,-1.613688149518594,0.28439392933404223,0.008088673798441026,77.9239687518748
std,0.06028534858095098,0.21518240983553227,0.0036491848165014907,330.463902177124
min,-1.7074264525769367,-0.1161974725274885,0.0008512256515219869,0.16378306172739912
25%,-1.6555411812903427,0.05812245772644491,0.0051964179390243115,7.024469484317479
50%,-1.6344699227253061,0.3765875670181363,0.007908276014389903,21.210884692477826
75%,-1.5775998231496562,0.46694174191106425,0.01067208081980635,44.51695427317605
max,-1.420176337670301,0.5078181879517436,0.017416915535860816,3656.497638362302
