,X,Y,SPEED,CURVATURE,ARCLENGTH
count,180.0,180.0,180.0,180.0,180.0
mean,33.62364888888887,15.537881111111114,0.46410940180701565,0.39095199281239723,37.92171447897355
std,6.2836843845587405,12.569020084521949,0.22256808826105198,1.3531229168183514,21.29865929127466
min,18.851300000000002,0.3055,0.06916950194991893,0.00011726670978266447,0.0
25%,31.066175,4.215825000000001,0.2791289795378361,0.037332256708670485,23.88225415706186
50%,37.26365,12.62125,0.4716853794148904,0.09361788816498472,32.53998772785171
75%,38.291500000000006,24.79045,0.6198283420083394,0.21109333240408484,54.27071358588042
max,39.7579,45.9707,0.9282176926777483,15.572084335530027,83.25369433954504
