,X,Y,SPEED,CURVATURE,ARCLENGTH
count,180.0,180.0,180.0,180.0,180.0
mean,-0.894589444444445,0.9232938888888887,0.006871586252407407,8.214937074880002,0.5881252816495649
std,0.236487783590187,0.1113859921003925,0.0020343652704964623,8.539428079468733,0.34306343478639734
min,-1.3,0.6298,0.003148412298286276,0.03302716565009725,0.0
25%,-1.081725,0.8731,0.005344564995370839,2.1070825394975374,0.33319604194065466
50%,-0.8358000000000001,0.9605,0.006272844620877532,5.16743766626856,0.5981135581407453
75%,-0.696075,0.991,0.008024760778594327,11.912916344519768,0.8567355109060101
max,-0.5788,1.0578,0.01117329405323253,35.405709696082155,1.229923821061895
