,X,Y,SPEED,CURVATURE,ARCLENGTH
count,180.0,180.0,180.0,180.0,180.0
mean,-0.3740538888888889,0.9125111111111112,0.004639037208111091,84.18954045618534,0.49524516421635784
std,0.09113967263999873,0.09196330206192488,0.0024377559521448476,295.5566244986552,0.23109958223294
min,-0.5119,0.7642,0.0003640054944640125,0.023374719517436967,0.0
25%,-0.450425,0.8644499999999999,0.0024808310408026284,3.9464134681986116,0.327799727773251
50%,-0.3991,0.8914500000000001,0.004529705475183013,11.690509070777829,0.5789009723907294
75%,-0.281525,0.9614,0.007038415086816238,44.45859769606828,0.666133860532803
max,-0.2444,1.1281,0.008702011261771603,2876.796716661554,0.8300250823824475
