,X,Y,SPEED,CURVATURE
count,180.0,180.0,180.0,180.0
mean,0.9251145056159912,0.592678633484775,0.010177366358730714,86.94512272610791
std,0.17334061997853698,0.15720111330167996,0.005364282484068245,574.8977881119655
min,0.6867685996119762,0.2606974111297063,0.000692981468510842,0.04320541171399935
25%,0.7603586976066732,0.5035039335297751,0.0060761894139789545,5.4933817440819235
50%,0.9503370549995853,0.643121068373126,0.008963587496370023,14.021863326646454
75%,1.1254935590951105,0.6971572316180038,0.013434818394683912,43.65262418376239
max,1.1977015385958005,0.7956214702487721,0.024171997013953454,7643.477688860037
