,X,Y,SPEED,CURVATURE
count,180.0,180.0,180.0,180.0
mean,-0.8421563525241282,-1.0339360726099545,0.010429593140974417,42.033957212434345
std,0.10969251848033554,0.17789102645477411,0.004644177394282502,135.07775885311716
min,-0.9842170642134875,-1.263634475292229,0.0012786575665677332,0.01625661872001734
25%,-0.9368561152598476,-1.1415015273880988,0.007064656663356736,5.538378586964009
50%,-0.8771149211948186,-1.0847824596377194,0.010409343784559816,13.710999926296601
75%,-0.765274102100047,-0.9630590708000181,0.013882190103267376,29.754296358029485
max,-0.6275990213796958,-0.5648597573527787,0.02054984081588017,1501.5102737439634
