,X,Y,SPEED,CURVATURE
count,420.0,420.0,420.0,420.0
mean,1.011213826406804,-0.15272345560914122,0.0075076215105013035,39.69542611862582
std,0.3036572046579181,0.2069747460366871,0.004469905321423346,127.90952961925775
min,0.5883678542437258,-0.5688576800968013,0.0005807095284860633,0.007420107030137258
25%,0.7285669935321943,-0.31246258145424144,0.004096573930301332,1.2858578956473192
50%,1.0305395154535857,-0.16255731503541648,0.0069172532406564504,6.1147829153428255
75%,1.3300067281086831,0.021232094872605876,0.008826036563794833,22.27248024755409
max,1.4530840219841554,0.11969046446919776,0.017983139531185403,1875.7098080263065
