,X,Y,SPEED,CURVATURE
count,180.0,180.0,180.0,180.0
mean,1.5581627020493591,-0.33494512396709464,0.01322428895746723,22.49340102905736
std,0.2638917964772016,0.24840011771146306,0.0065756022805062205,42.283798107909554
min,1.119087802027987,-0.7524337816491233,0.002045387653191963,0.06337235684993062
25%,1.2766046730422587,-0.5851277563320686,0.008117592991303164,2.89370220937732
50%,1.5942319452298865,-0.25290449816886995,0.012199053954586989,7.870997126113052
75%,1.6958964208180323,-0.123248720523835,0.018124650605056004,20.21611065891239
max,2.014280978721561,0.00617897712733509,0.03011989701540918,260.48428462773575
