,X,Y,SPEED,CURVATURE
count,180.0,180.0,180.0,180.0
mean,-0.5214996988633892,0.28852404899380246,0.010832575419697102,121.71673630454711
std,0.17549904411594153,0.06908855897508333,0.006606696188383966,714.929565020825
min,-0.9569958388864018,0.09758880088643473,0.00040787021352067077,0.01015653687021662
25%,-0.6659188386632036,0.2515791539204105,0.006149498364323207,3.363533554550709
50%,-0.5323221368565811,0.28210792356116476,0.009313836817684442,9.005120909360112
75%,-0.3524022733516946,0.34187039048994905,0.014857595324967998,30.75147490009408
max,-0.2503221476183144,0.4059832652749511,0.03132416572176193,8786.250098126628
