,X,Y,SPEED,CURVATURE
count,180.0,180.0,180.0,180.0
mean,-1.1149912455558266,0.7714435199537083,0.010783220671192632,71.66346300824593
std,0.0754619572676496,0.3683060867094377,0.005821073121663968,310.2949025712048
min,-1.21112633375699,0.322031653116253,0.00032648498939942175,0.008218519980564894
25%,-1.1526467772854485,0.39380196762064984,0.00644254184518256,5.2724979814074455
50%,-1.1230051463692958,0.7912901152317895,0.010154957379751806,13.372617263338523
75%,-1.096928678108909,1.0473481646549667,0.014363215840677464,43.67172687504152
max,-0.7936072416641096,1.3453194139871256,0.02805895197369376,3626.064328055121
