,X,Y,SPEED,CURVATURE
count,180.0,180.0,180.0,180.0
mean,-0.26428165470386883,0.3458182943969708,0.011566165321192019,88.72534564714523
std,0.20884097641553312,0.10970783366601203,0.006223464352516569,463.58914475516843
min,-0.8329836675850635,0.12814605037860027,0.0007667944855041407,0.053892353842975145
25%,-0.4017869146697482,0.2769169220878551,0.007075077861777223,3.47665690344549
50%,-0.2983028333163478,0.3240657999633817,0.011017378514022137,9.373345676388844
75%,-0.1104805755291339,0.42731739357945864,0.014774710111013585,30.253109921758117
max,0.09997463376260292,0.562920449604676,0.028238510502239186,5935.668596887674
