,X,Y,SPEED,CURVATURE
count,180.0,180.0,180.0,180.0
mean,0.17064703450684013,0.21028476672835683,0.011850444504084836,37.83302537436111
std,0.19502970744480258,0.11051570960470185,0.005819841641998884,121.72012303182737
min,-0.15825479001293274,0.09244381530374092,0.0013025060463450022,0.008339165602938787
25%,-0.014732108353455946,0.1265911037916062,0.006940052835083099,3.4781966674693963
50%,0.22322594461152093,0.1634321506795461,0.011364702353414049,9.566474637142699
75%,0.30414287188559785,0.27364713745551783,0.01529845819961698,23.48828198386564
max,0.5211273931161933,0.4781362854750516,0.02673837856218317,1227.8853995029733
