,X,Y,SPEED,CURVATURE
count,180.0,180.0,180.0,180.0
mean,1.042811051793221,0.23005239187357818,0.013217243750928405,82.52662694776167
std,0.18452129342858395,0.2462134033308244,0.0061951320321961285,580.6660712698556
min,0.7348918173870126,-0.22277662578834667,0.000884106874653375,0.16012257621115794
25%,0.9031844607890245,0.02799478362350995,0.008646351115625816,3.1621213367751584
50%,0.9680031992174254,0.32233612150165464,0.012683637676104219,7.776967452593407
75%,1.205855263534223,0.45149600976431237,0.017039842475170104,18.606559092957255
max,1.4245143183379583,0.5538896041632229,0.029080189504428693,7376.098560798426
