,X,Y,SPEED,CURVATURE
count,180.0,180.0,180.0,180.0
mean,1.2941261150359122,-1.2455780557973248,0.01196370045868298,33.62930617721329
std,0.075171743133821,0.3325948622248673,0.005603904164474595,80.35465173258947
min,1.1966809488758303,-1.664222005849723,0.002164980636842273,0.08830636188075718
25%,1.2381691962896737,-1.5320056990039306,0.007450211626458594,3.546300147930498
50%,1.2739760766682675,-1.3638736607587472,0.011372736606207443,8.385984345362713
75%,1.3174644087221392,-0.984410577606422,0.01627596859406098,24.0178932366572
max,1.5080466088457232,-0.6091552686603899,0.025426311059355382,647.355412232289
