,X,Y,SPEED,CURVATURE
count,180.0,180.0,180.0,180.0
mean,-1.0351518675441784,-0.691170636591414,0.013555587588156465,71.21435939668426
std,0.5080899820895747,0.10628638773036046,0.0075772348134186904,360.3316882416628
min,-1.5810656188983852,-0.9059148768010976,0.0006292258422033096,0.007692486288123306
25%,-1.524007539200419,-0.7748208977799363,0.008301561648647187,3.2521945723471117
50%,-1.2080494417028054,-0.7004841684987992,0.011891800978366847,9.589520697469155
75%,-0.47739552386914363,-0.6162802403364572,0.018465461687315977,26.49496469921757
max,-0.2782637710865135,-0.49561411914463377,0.03157772871209021,3894.054660785452
