,X,Y,SPEED,CURVATURE
count,180.0,180.0,180.0,180.0
mean,-0.2217402664399724,0.6656275671156423,0.010506574192020442,105.78168424134934
std,0.16529543115527476,0.09083003863904772,0.005473706619877879,817.5564052704894
min,-0.5337877721750135,0.5512738328789417,0.0004850256193012044,0.18167565028785204
25%,-0.36593913133076483,0.5805538554534619,0.006465354871663656,4.248109903340607
50%,-0.1877417811075374,0.6534429083757767,0.00978559133687358,9.520193862125044
75%,-0.1089910983489189,0.7106957295163974,0.013187735168869289,28.03663044501951
max,0.04917905502582346,0.8820956345858317,0.030578683364715392,10528.53963136594
