,X,Y,SPEED,CURVATURE,ARCLENGTH
count,180.0,180.0,180.0,180.0,180.0
mean,1.010004444444444,0.5389322222222221,0.00397104314409682,40.066878658125624,0.3166530174901386
std,0.13157966672408156,0.09992386356121655,0.0024401059398536148,84.11322018393194,0.19995550762537903
min,0.8370000000000001,0.34440000000000004,0.0006020797289396038,0.14544656318938745,0.0
25%,0.906625,0.46120000000000005,0.00228076192174313,3.8769934879152683,0.14733811562461907
50%,0.9441,0.5175000000000001,0.0032300700919274546,9.876104492580726,0.2516339853766491
75%,1.1583750000000002,0.613075,0.005138159808853528,36.77325755564134,0.5151288430872765
max,1.2263000000000002,0.7786000000000001,0.010487254168751766,624.2729175212477,0.7077324572936732
