,X,Y,SPEED,CURVATURE
count,180.0,180.0,180.0,180.0
mean,0.9427284363441244,-0.9375175834517705,0.011569165580814169,43.87677545635941
std,0.3287797999546409,0.17091694816419098,0.005805174685156203,153.96600935292702
min,0.5230632794323041,-1.1025084924076662,0.0016355210085300341,0.28256647429224224
25%,0.6849844115166999,-1.0398388336992919,0.007625326468993638,4.265328332732698
50%,0.8255047391207639,-1.0099005290910328,0.010878936361472358,10.200454955415989
75%,1.1828101826700865,-0.919458439317449,0.014699159321818065,26.89610063916402
max,1.7071277743677733,-0.46328080534512855,0.030415888323802615,1404.967247349409
