,X,Y,SPEED,CURVATURE
count,180.0,180.0,180.0,180.0
mean,0.6501851766662466,0.5195854332702541,0.010823921826505432,97.42629491107309
std,0.13350243521555502,0.16589364480886692,0.005340781352773675,589.1360366112746
min,0.2576707962135025,0.1742245067593827,0.0003110393129639114,0.13866091934757285
25%,0.6216464509992135,0.39302479516986455,0.0069560666983420035,4.477565681567802
50%,0.6803269262961087,0.5783025432792976,0.01010641523894376,12.032211645028003
75%,0.755702700395641,0.645994343675538,0.014440813139904576,27.97873157026527
max,0.8124114062076928,0.7338645174913857,0.023358539902274784,7410.467337269075
