,X,Y,SPEED,CURVATURE
count,180.0,180.0,180.0,180.0
mean,-0.5411835164419283,0.7932539660918212,0.012132101373922018,39.88505635364017
std,0.3411900867404651,0.1717654157152718,0.006093500188668312,94.21126493532664
min,-1.162897684231393,0.5363162519593081,0.0016625876431245678,0.02687693459805396
25%,-0.763741036392528,0.6759583296195788,0.007831108229376414,4.530255271182501
50%,-0.4636271360197829,0.7527824569047954,0.010997223187441382,11.76748188273704
75%,-0.2832505118278511,0.8737363169856189,0.015573788259797959,26.55065028354763
max,-0.08430020481137944,1.1804605266961006,0.027955703766780263,616.1676775123793
