,X,Y,SPEED,CURVATURE
count,180.0,180.0,180.0,180.0
mean,-1.4462472188691613,1.1838412898439437,0.011937201324535662,100.48955079465408
std,0.1698348504648079,0.18169625349203844,0.007056178337801885,851.177317725286
min,-1.7901975109151311,0.7973901317896201,0.0005645231965542093,0.1256871404453856
25%,-1.5344091746284065,1.1373313645451604,0.007173139128444471,3.584228634402468
50%,-1.3888326648806923,1.2510318538096414,0.009665898398308989,11.98127623155408
75%,-1.3331706664030516,1.3156243111751216,0.014892498748037589,29.846134446311343
max,-1.1962385400624436,1.373868278749286,0.03429073016181005,11364.572134149179
