,X,Y,SPEED,CURVATURE
count,180.0,180.0,180.0,180.0
mean,-0.20006212312770894,0.39651248141341033,0.011070426123985252,34.04136930645198
std,0.1349292109293913,0.1481320549230567,0.004479632225676466,73.91706486106483
min,-0.4023194593012669,0.12220739109505342,0.0010662493668015046,0.149325991275021
25%,-0.3315955223424205,0.2851603784667263,0.008073927992016769,4.1217557410941
50%,-0.1982991272296053,0.41763374507800044,0.011186500846325487,11.419622926865955
75%,-0.0868316354832107,0.521988905748814,0.013980476709636895,26.1070152571912
max,0.03214017388020286,0.641006568066902,0.023494488784841887,555.721254744472
