,X,Y,SPEED,CURVATURE
count,180.0,180.0,180.0,180.0
mean,1.1010418296375024,0.03359449872160921,0.009688506915184053,111.56431269114691
std,0.11427293615581043,0.10433362602435142,0.004898289591797788,613.0946267527661
min,0.8439662300604948,-0.11406532393290156,0.0005514469628712323,0.15349304477420841
25%,1.0176887927394849,-0.044839088121680595,0.0056246173985790675,7.185194085254065
50%,1.115777388225029,0.012455086177532987,0.009319759842925428,17.366694328448517
75%,1.1910101732679066,0.11041211397126002,0.013572695755844532,36.41435231718493
max,1.2647310430337952,0.2840808857221034,0.021425421943029075,6478.624657845605
