,X,Y,SPEED,CURVATURE
count,180.0,180.0,180.0,180.0
mean,-0.040354878263585046,-0.32240777691625694,0.010532410132513919,141.39338593271393
std,0.26196455243262745,0.24361343451630232,0.00614379974513023,1159.7372725154635
min,-0.4292012810570286,-0.6099165478971467,0.0002943443281089444,0.0011858255932139857
25%,-0.2512474638026674,-0.5807468383511567,0.005740677434409921,5.5753114848557175
50%,-0.14504205110250923,-0.3298805239255914,0.009052089493606082,14.278137176851926
75%,0.22931837420147588,-0.1002375347212229,0.014508662559609338,43.0087720233315
max,0.317292775291876,0.1059453324040435,0.0267839066762345,15501.8571958532
