,X,Y,SPEED,CURVATURE
count,180.0,180.0,180.0,180.0
mean,-0.1739629482527519,-2.202727929387881,0.014036293326396514,42.94949370305573
std,0.26084911499701985,0.20613604470370847,0.006731682186100651,225.55522529295934
min,-0.6328403123508494,-2.5010592159840286,0.0005766647045909787,0.043286319553550404
25%,-0.4720709376095147,-2.353793206617459,0.009474402413596303,2.305875533183258
50%,-0.11626485755273341,-2.2132009142235214,0.013619898305259942,5.29629888220691
75%,0.0696633232350507,-2.143272449415743,0.018641191306874524,14.118654987161719
max,0.14174953370700732,-1.6919854010931152,0.028729822907878566,2842.879094502873
