,X,Y,SPEED,CURVATURE
count,180.0,180.0,180.0,180.0
mean,-0.6467440764746518,0.4434850514935986,0.010375054559455338,65.09718342145682
std,0.38534025005119177,0.26739592859966516,0.006579067886858385,214.94072322024329
min,-1.4030656243213917,0.02894813885632944,0.0011454051298486908,0.008090960023542497
25%,-0.9369496498439749,0.13894939717392776,0.0051185305360531425,5.393220412702315
50%,-0.4245117832001991,0.5073937078881345,0.009190360140179769,15.162966436696454
75%,-0.38276821683473944,0.7118206343604332,0.01401933158976917,35.43149949477035
max,-0.20937679716240848,0.738560105095426,0.028524293869100374,2058.100980259182
