,X,Y,SPEED,CURVATURE
count,180.0,180.0,180.0,180.0
mean,-0.6764461890539342,0.5493939164482673,0.010046093869415363,56.51352280124459
std,0.1129112925467766,0.235371206489946,0.005001191312141717,143.62278894192988
min,-0.9366493738374861,0.22466841740108537,0.0010656346847060245,0.11615253137097155
25%,-0.7433690658388166,0.38281298409228826,0.006449331520340205,4.678529024846606
50%,-0.6636803138073599,0.4557394484312778,0.009851555037602718,12.01637682891068
75%,-0.5870280153351836,0.7720479970818346,0.01322683892042882,44.91982864046454
max,-0.5180949630895334,1.0276348376287479,0.024799621117385498,1281.0376883243432
