,X,Y,SPEED,CURVATURE
count,180.0,180.0,180.0,180.0
mean,-0.11835658944535267,-0.14930515166787195,0.01129466004176187,69.80650567572039
std,0.1670283331549561,0.2752297145862712,0.004795825937363279,515.5527545378093
min,-0.6122585279848178,-0.5308743002936642,0.0007342531846521624,0.08754718235176182
25%,-0.19123200009902355,-0.42884563433888756,0.007946331209506182,4.798978768293929
50%,-0.09020121567222728,-0.12117811630436563,0.01088813093609742,9.618960383877923
75%,-0.027769095238428486,0.0793749493537006,0.014796913851315804,27.55075544311858
max,0.12079574608191744,0.2980610551154414,0.0223070393731078,6872.350921045332
