,X,Y,SPEED,CURVATURE
count,180.0,180.0,180.0,180.0
mean,0.6648469334787942,-0.7293365131954828,0.013492740746227845,28.252937415038822
std,0.2856447628383528,0.2322374903604972,0.005155013157537682,95.28680590271601
min,0.2854411350608048,-1.3204974473666813,0.001183831304436446,0.11076636370067991
25%,0.42835052259862555,-0.8767313880331349,0.010059644009162514,3.024676221126007
50%,0.574762778836189,-0.6580650259868612,0.01379129215861968,7.092103662110107
75%,0.958608777327962,-0.5369952740571807,0.01700083309038283,17.686333605062583
max,1.1425632569891724,-0.459936362663585,0.02487076703363916,1025.5202537328419
