,X,Y,SPEED,CURVATURE
count,180.0,180.0,180.0,180.0
mean,0.02100313748443879,-0.2979299580406471,0.012104148724839647,48.47106045287774
std,0.355393352957013,0.21021215255207823,0.005543314737566871,217.37855689020117
min,-0.49512840790024937,-0.6176877296462231,0.000856897962570125,0.07999347887111374
25%,-0.2847734580306505,-0.44430861510131936,0.007970562152710556,3.557122517701024
50%,-0.044844706933001785,-0.33981263670562195,0.012328010248526438,9.650132037639112
75%,0.3307460082933613,-0.07783778014054887,0.016182385195244203,24.681807525255667
max,0.6947573066421868,0.06256996050779409,0.023435433841009684,2248.5428659016175
