,X,Y,SPEED,CURVATURE
count,180.0,180.0,180.0,180.0
mean,-0.5247479603280989,-0.9250002314748871,0.01109019426701626,71.23955933902795
std,0.27195678171367355,0.23159910677694756,0.0073635275258246485,212.98039594676143
min,-0.8893571108566366,-1.1185151765247678,0.0012492579243307631,0.11353700165734341
25%,-0.7734023076312202,-1.0909923245474014,0.006114897918432094,4.126182338228746
50%,-0.5800057786519701,-0.9954307137578107,0.00933054429531014,13.600968269789451
75%,-0.2228366498889369,-0.9200332934892509,0.013770931982131324,36.56239716446357
max,-0.11836799522171115,-0.3868007532348435,0.03685894181138719,1677.5611851540307
