,X,Y,SPEED,CURVATURE
count,180.0,180.0,180.0,180.0
mean,-0.5829352684506935,1.372748453136147,0.012969582703043,56.12739232960064
std,0.2629871810826648,0.3603564476590268,0.007568488399630181,234.74226337854736
min,-1.033580417961632,0.9366789026352123,0.0009206166848514996,0.08960246678587926
25%,-0.8262028088649106,1.061639888086999,0.007669023915811614,2.5112585789004065
50%,-0.6520168083871081,1.2259981154953299,0.01230903775188177,7.771474342955333
75%,-0.33683263579443057,1.7307497974600237,0.01592225902969646,25.047972419834615
max,-0.1483050483871067,1.9396244165424017,0.03284303955006805,2347.556392072602
