,X,Y,SPEED,CURVATURE,ARCLENGTH
count,180.0,180.0,180.0,180.0,180.0
mean,39.46858666666666,45.08493222222224,0.7955965824921263,0.8496183034221728,82.67414765671798
std,2.584288418931499,24.629639677122313,0.49283813647811603,5.025766124693626,46.29499010166453
min,35.3761,5.2342,0.02301961120436192,1.0924663537363901e-05,0.0
25%,36.835550000000005,19.972175,0.43031607969065344,0.002777619983473706,41.25598052125439
50%,39.9617,49.8416,0.7430626240763263,0.01229638553704003,89.65219076568782
75%,42.003225,63.41442500000001,1.2089145188749866,0.09606914123443007,127.14671711596341
max,42.8042,79.1764,1.8009665307828457,64.81797051281785,142.4112617402086
