,X,Y,SPEED,CURVATURE
count,180.0,180.0,180.0,180.0
mean,0.15986875680537616,0.09701687409933873,0.017673854964063394,94.19204835696185
std,0.39194128319089233,0.32534183025583824,0.007831081347388665,948.2608201448082
min,-0.3841537507340714,-0.4981056698883035,0.0002772992688106488,0.022409574369048793
25%,-0.16840980743499318,-0.2155203655344659,0.01263934164595372,1.6685262104839538
50%,0.01302363598143476,0.20416787864684033,0.01812407734751622,4.1306118057142704
75%,0.5824883968721644,0.3586764229128306,0.023672179784234443,9.055358484723358
max,0.7509560689694222,0.5362096590949508,0.03678848981636899,12653.798080284436
