,X,Y,SPEED,CURVATURE
count,180.0,180.0,180.0,180.0
mean,0.8061844970852141,0.8154490990481943,0.010208245360762652,198.03988423071584
std,0.2423112261691066,0.19077227615027936,0.005465057701491877,1002.0250233772679
min,0.46293644473755763,0.45358347721147063,0.00040890339324816175,0.0731216759477763
25%,0.5469974787567005,0.6652799582993162,0.006214472881862351,5.503143190442463
50%,0.8284623006327438,0.8764274109695909,0.009414883248185617,11.459648371185885
75%,0.9904861103181145,0.9673122696470383,0.014089975974718755,47.905155487532014
max,1.227773150559887,1.061099368706599,0.025140081528233937,8440.129883636135
