,X,Y,SPEED,CURVATURE
count,180.0,180.0,180.0,180.0
mean,-0.8337143754735368,-1.290133304410481,0.011999150907729574,51.00624333219977
std,0.19749327586220933,0.24384658840688178,0.006207203911908329,207.9043279746962
min,-1.2430797041288484,-1.6518668327234682,0.0006583968747234789,0.2745053936878646
25%,-0.9867216749552862,-1.5512615056113928,0.006107259812759684,3.1538192461530707
50%,-0.8543766044682571,-1.2298111198429407,0.012562028326253905,8.705053852311657
75%,-0.6419770007640871,-1.1139256319189548,0.016921067058692233,35.18219084576427
max,-0.5296676825511688,-0.7952122376116181,0.025368113361219528,2419.2665454939297
