,X,Y,SPEED,CURVATURE
count,180.0,180.0,180.0,180.0
mean,0.6767339768531854,0.09785915686551346,0.012784599067993625,29.83185406799254
std,0.19318024292549024,0.27775474742973977,0.006288534939591384,77.81886311801517
min,0.35915761492786846,-0.3273400465066477,0.0015623465940331283,0.09920633414764901
25%,0.45322906144029473,-0.19484006491896502,0.007590706928208884,3.5367413451540113
50%,0.7618764372472784,0.14805581708795734,0.011785847122381838,8.626844902408806
75%,0.8572491346087745,0.33190458932540423,0.01730510073755369,25.088868105769393
max,0.8905427852864601,0.6098711156705371,0.03132807465822369,830.7154311001925
