,X,Y,SPEED,CURVATURE
count,180.0,180.0,180.0,180.0
mean,1.1881555120401683,1.312108894461898,0.015298756438424476,26.117319933933235
std,0.27382853468924434,0.5816490085250814,0.006610061925647558,146.04128319971687
min,0.5337656304246111,0.3149057985675087,0.0011317905202432091,0.06924344880506049
25%,1.0593400358427054,0.7949029811144781,0.011911300747533507,1.9217159565074136
50%,1.3073683586416953,1.2908917249307748,0.01448824666209479,5.028020432134484
75%,1.380137091706286,1.8973483083426166,0.017770819905218317,12.222522632383765
max,1.519901600069744,2.0823788056254715,0.03772555680768553,1852.3538972969977
