,X,Y,SPEED,CURVATURE,ARCLENGTH
count,180.0,180.0,180.0,180.0,180.0
mean,36.03056555555554,64.295155,0.5517695056565407,0.4342564729108322,53.21175338990883
std,4.4786311999885475,14.124614179672717,0.28347634258298726,1.7864289396548712,30.342539822848146
min,29.914800000000003,43.9499,0.074824010183896,0.00014386541991235802,0.0
25%,32.54395,51.733450000000005,0.36448827389139554,0.025617376519558675,23.62055346887847
50%,34.70125,62.28795,0.507335011124725,0.09032450358084536,60.29564929986516
75%,40.30255,74.19140000000002,0.6556585148227122,0.2420485042395877,77.75202391180365
max,44.2186,89.1849,1.2650821890296247,21.60938234880003,98.91192169797192
