,X,Y,SPEED,CURVATURE
count,180.0,180.0,180.0,180.0
mean,0.89512713324796,-0.5262856962698703,0.012778680660954058,79.9912478694696
std,0.2182216250052095,0.29187642829206867,0.006003307542608949,427.40560054281923
min,0.5983971171288337,-0.8827117784650311,0.0007797024745537364,0.07250999588449204
25%,0.6943496211342112,-0.7831880389364014,0.008162544731700057,5.101212733582207
50%,0.8429685714882115,-0.637365142911914,0.013074929800641556,8.995681175415623
75%,1.0585310726168804,-0.2426248794117839,0.017241581291562582,20.266386288632688
max,1.3562874929046933,-0.046263064152634356,0.02513487932003797,4292.716187914349
