,X,Y,SPEED,CURVATURE
count,180.0,180.0,180.0,180.0
mean,-0.4761151102405948,2.16290253285804,0.010603275073712677,81.18772151073634
std,0.23702006496895733,0.10945628201005571,0.004625443342695988,576.7078317858626
min,-0.8158579627584144,1.9447670336883154,0.0006971179357394778,0.09183746292781027
25%,-0.6471307220348691,2.0876612089849758,0.006692830492162337,5.5156365339062114
50%,-0.5734752807642247,2.1326378451809456,0.010452099312737408,11.507579219487736
75%,-0.2601761677779629,2.2328771388741204,0.014102655806316417,36.81632966434593
max,-0.03653209648384257,2.4030193533610014,0.02076291774201966,7689.773751946788
