,X,Y,SPEED,CURVATURE
count,180.0,180.0,180.0,180.0
mean,0.9738587608031424,0.2546822674429464,0.00908750677689342,59.340101653213324
std,0.06909680153332141,0.173486584450886,0.003819592066299995,202.89128355518736
min,0.8504040462949449,0.0011454490047852625,0.0008282045431988138,0.12630323431363116
25%,0.9050603347070986,0.13765984908106454,0.0062459718007812776,6.12784271816437
50%,0.9838942797984476,0.21446758482593314,0.009159628791945094,14.118509815687336
75%,1.0343300860083748,0.3201115047952054,0.011548909281124,36.58697397223624
max,1.0823786814031546,0.6055982823828827,0.018641071892694462,1791.3242527886907
