,X,Y,SPEED,CURVATURE
count,180.0,180.0,180.0,180.0
mean,-1.447964435460074,-0.7438750527694241,0.012348826598774109,35.081759229253876
std,0.1889089396116427,0.2642674132693048,0.005548797728574519,130.85893608938287
min,-1.821827195121504,-1.397140574638015,0.0009740348802413144,0.056912153774162415
25%,-1.6044645518019323,-0.8600749063892388,0.008186953333078,2.8601192775826965
50%,-1.3537520658197317,-0.664522480138215,0.013085954280105193,7.628669538824305
75%,-1.2895903080211644,-0.5888834428557224,0.016834442655835953,17.07589020882707
max,-1.2270883959653365,-0.3881647234751687,0.023094211169447917,1245.5457967188493
