,X,Y,SPEED,CURVATURE,ARCLENGTH
count,180.0,180.0,180.0,180.0,180.0
mean,1.6192405555555556,-0.4349572222222221,0.005882605395710944,122.71861547908242,193.17798045292483
std,0.199547038656456,0.14480364629755585,0.003906420496795589,749.3286451660344,115.70500733075043
min,1.4688,-0.5931000000000001,0.00029999999999996696,2.10614741504308e-13,0.0
25%,1.476525,-0.5629750000000001,0.002194410999568219,3.079722030210406,94.98321872221464
50%,1.49825,-0.5018,0.005343893747263783,9.973995780144449,188.32474714027825
75%,1.715675,-0.259925,0.009032583908284016,46.88543830128152,287.0636060764504
max,2.0868,-0.21910000000000002,0.013313526955694327,9722.222222224525,409.5710593560586
