,X,Y,SPEED,CURVATURE,ARCLENGTH
count,180.0,180.0,180.0,180.0,180.0
mean,2.2244550000000007,0.23402888888888881,0.005945661855242859,46.03083701298772,270.4363347632325
std,0.16794890127222473,0.16137630110216852,0.003056853202287296,165.57991096461734,161.85982739344044
min,2.0579,-0.0448,0.0005408326913196543,0.0,0.0
25%,2.0848500000000003,0.11497500000000001,0.003226065436030108,2.874408014544252,131.04247810658632
50%,2.17925,0.14455,0.006128794060418698,7.572059369252066,265.95151581560094
75%,2.307475,0.40482500000000005,0.008590765389889402,22.666296770701567,405.9391792574125
max,2.625,0.49620000000000003,0.011218845751680615,1849.0006540834893,562.8912351397362
