,X,Y,SPEED,CURVATURE,ARCLENGTH
count,180.0,180.0,180.0,180.0,180.0
mean,75.89366555555557,17.314625,0.5319207496562756,0.4842795035328361,45.58041504488769
std,3.635641493537723,10.072825241444363,0.32159495268298016,0.9685751550356134,29.100086194159047
min,69.8895,0.2852,0.08281939688261225,0.001159405698401844,0.0
25%,72.97525,9.398025,0.2461447515537712,0.022593437885974246,20.912441111939316
50%,75.84370000000001,17.974899999999998,0.4811467413663023,0.09832662289490113,42.08415054722901
75%,78.8835,24.9253,0.7336583399607018,0.5594464610418421,73.26494901933074
max,81.9886,31.346400000000003,1.232725238039686,6.586234247488547,95.4014440339307
