,X,Y,SPEED,CURVATURE
count,420.0,420.0,420.0,420.0
mean,0.914517816694906,-0.36449432912867397,0.009437118610845577,37.88842234878389
std,0.28233181028658655,0.2755718270461957,0.00664222425881193,323.0929819336602
min,0.31863808984343556,-0.9146571597041735,0.0003747456229757118,0.004165041960876579
25%,0.6418000118595246,-0.5288049150146701,0.004126459463433621,0.7971659493587395
50%,1.0454337904266362,-0.44904350642991037,0.008216954586491458,3.351640907149514
75%,1.0702909638804232,-0.17363920987039994,0.01215354024684329,18.989625254556817
max,1.376973695086654,0.12716156545244184,0.030159484758679713,6527.40732981689
