,X,Y,SPEED,CURVATURE
count,180.0,180.0,180.0,180.0
mean,-1.0039235196346585,0.9221797034095032,0.01130548439980406,71.86525100978712
std,0.10529973459968062,0.2770378997942293,0.00574600007329242,380.4391798362362
min,-1.1898177062933077,0.540767270926116,0.0004742755076652967,0.021873834577907918
25%,-1.1204171417600128,0.6295336711663612,0.006316511658560777,4.50944519360983
50%,-0.953786709926465,0.9515215021713708,0.01202962176865157,10.203282765534603
75%,-0.918658173189616,1.1669464984339286,0.01517104298837217,34.11865828961837
max,-0.8841154870007,1.3493222793957802,0.0268191544365511,4850.648759698775
