,X,Y,SPEED,CURVATURE
count,180.0,180.0,180.0,180.0
mean,1.2500667170181794,-0.29948353548381473,0.011446482058670831,44.49087435094606
std,0.30099758482230765,0.19156982699294978,0.0061222434727252655,119.80815218199163
min,0.6929125615239646,-0.5873405835547196,0.0014296424690254971,0.06608829601847642
25%,0.9817153775532087,-0.4367911679707582,0.0066995614570649325,3.918098554324653
50%,1.416441465059585,-0.3224557663004325,0.010086183779166572,9.922197365418896
75%,1.5080831285053928,-0.14523989243313548,0.015420034492049543,26.26741447513548
max,1.5692860841596363,0.02374323518874424,0.027294753046361538,1181.4273210001068
