,X,Y,SPEED,CURVATURE
count,180.0,180.0,180.0,180.0
mean,-1.6576643531377007,-0.8062885546076255,0.008986051583834571,118.79475365231248
std,0.07853488254429444,0.1759759398914651,0.0047973350786693555,442.2050757066528
min,-1.7995948196503933,-1.081632342013334,0.00037387354747847796,0.12245190435733702
25%,-1.704849631282871,-0.9565816614209025,0.005034041598746082,6.091465761703123
50%,-1.6640803080048086,-0.8400233323230205,0.008339614413068037,21.241908282347815
75%,-1.626007030783521,-0.6333181315718635,0.01209350769413127,54.55819185948232
max,-1.4862298324149261,-0.4839320410003561,0.021010881349336256,4118.4882820273415
