,X,Y,SPEED,CURVATURE
count,180.0,180.0,180.0,180.0
mean,0.8348200875432567,0.4567399095980915,0.010317858987781862,32.37894589969506
std,0.23907497806050862,0.06487471836547258,0.004690864415946776,53.787646599662054
min,0.5322914206478198,0.3457365018468124,0.0028869349439192894,0.01352286580903182
25%,0.6072591357658013,0.41035984212199894,0.006537857201167339,5.140087386967128
50%,0.7798978776063741,0.4588083539024097,0.009842749784736536,13.930864985622081
75%,1.0570116251679273,0.49922401333605315,0.01333964559269579,33.784755861741296
max,1.2625204915765436,0.6801979536877863,0.02215044508155941,358.0174384437558
