,X,Y,SPEED,CURVATURE
count,180.0,180.0,180.0,180.0
mean,0.28964813559227426,-0.680307675873345,0.00933146956745519,54.21461688945305
std,0.14872642991013613,0.25649683744431834,0.004210037107825639,141.2788581339308
min,0.09507846525492569,-0.9591241258974331,0.0011675741084105232,0.06432416953613458
25%,0.1832934126221034,-0.8885282947986362,0.006329100304261532,5.366281440159942
50%,0.2176046424112696,-0.8013553327662506,0.0093779212682581,15.54235087725311
75%,0.4628798564656462,-0.4345590643721378,0.01219666874201024,39.77803265293732
max,0.5737931031801133,-0.21581251602171195,0.019206691183588535,1395.379079255935
