,X,Y,SPEED,CURVATURE,ARCLENGTH
count,180.0,180.0,180.0,180.0,180.0
mean,38.57151444444446,66.3257122222222,0.5926561147762628,2.3459812772580007,45.52671872445461
std,0.31722281669616775,19.56412896638278,0.44219729662370444,23.442067774042506,35.09820424387823
min,38.1159,27.659000000000002,0.01714416810463609,2.3094265640815242e-05,0.0
25%,38.30267500000001,53.392300000000006,0.228866421751861,0.0016503946980625317,16.139708106358846
50%,38.488200000000006,71.25835000000001,0.5110299780715947,0.006073461387003008,39.29517909405114
75%,38.78915000000001,78.328125,0.7830377498895731,0.049743242370777395,80.3746529558531
max,39.3044,93.4486,1.7901221243256027,312.27520906223947,106.6568279806219
