,X,Y,SPEED,CURVATURE
count,180.0,180.0,180.0,180.0
mean,0.14805394469111632,0.5307820376116873,0.010988842231078893,277.6833889342824
std,0.26677772055944676,0.15182522813144833,0.0058291651858782,3015.74289207523
min,-0.4448210304910745,0.3188904728905075,0.00014971137781670434,0.023638076055787976
25%,-0.059736574256782374,0.3926202045233381,0.006390454344315733,4.452388607474934
50%,0.27475169433247404,0.49098183061424117,0.010091551100882695,12.387211528004938
75%,0.35019841838916455,0.7030089542232321,0.015202181089526926,34.273376041961754
max,0.4028099954485936,0.81192207633625,0.025862871948799826,40432.23498366292
