,X,Y,SPEED,CURVATURE
count,180.0,180.0,180.0,180.0
mean,0.6183924121807463,0.7576241115423183,0.013629924419445988,72.35314966655605
std,0.22497476640156663,0.2621270172799559,0.007579677225525661,374.19192369328016
min,0.23025204263860757,0.3473985761024547,0.0006544374395524304,0.039517679062221235
25%,0.42787692592494797,0.5510418795305249,0.007713827408757981,3.070449308030624
50%,0.6759852817405385,0.6570303383937914,0.012483226908637981,6.825159884144032
75%,0.7814785278179548,1.0297235918199534,0.01799893682467693,26.118750811530738
max,1.1004953530171404,1.2021139174589037,0.032396567793977656,4083.847787758625
