,X,Y,SPEED,CURVATURE
count,180.0,180.0,180.0,180.0
mean,-1.350114258690557,-0.5999231216732906,0.01033442698151223,498.5502239407732
std,0.060583683605312764,0.31427304185182725,0.00619726554668478,4333.444867785751
min,-1.4416432733519653,-1.1547381916412371,0.00025439124492074967,0.02859850958624348
25%,-1.3964069858131625,-0.9218386987400409,0.0050381714682622035,5.632057913871166
50%,-1.3558074267481826,-0.4162756140442263,0.009295516855395893,12.789123138175537
75%,-1.3132971493910424,-0.3548856842903806,0.014756830166344175,44.628240127001604
max,-1.1619087518178783,-0.32437070771830145,0.0269087708496954,53048.07617769993
