,X,Y,SPEED,CURVATURE
count,180.0,180.0,180.0,180.0
mean,2.0754424943645513,0.6545862131268513,0.01245710676621889,155.3929282996452
std,0.10740882444207316,0.2678283350700671,0.00601949166185631,1280.7450582084682
min,1.8723218988260812,0.11257641626526087,0.00043997533547981347,0.0003947747161393404
25%,2.0304919535217025,0.4316614954974236,0.008132630063381234,2.529395519902125
50%,2.063160832610175,0.6793858352650539,0.011531117379392459,8.001658678206061
75%,2.159946893582778,0.9156833356314571,0.01672380546514409,24.182142330258788
max,2.2754179173137543,1.0050016126091161,0.02571380770518925,16063.715491766845
