,X,Y,SPEED,CURVATURE
count,180.0,180.0,180.0,180.0
mean,0.19315805265726138,-0.5623225688537299,0.012830430513595132,74.07525606719003
std,0.2976611099910034,0.24745178260044945,0.005571966253743764,450.4835737264738
min,-0.5643942549542503,-0.9332993288978053,0.0008783699248276657,0.21614621656753338
25%,0.11129816547196594,-0.8090885988736345,0.008672773516534666,3.92806864603732
50%,0.24836368366290557,-0.591948320154054,0.012760672037525435,8.456921858793542
75%,0.3904170607439925,-0.3153744946449598,0.016695434318289196,20.986942472767826
max,0.6192855127823937,-0.22619922985213223,0.02441776689432641,4601.263390701902
