,X,Y,SPEED,CURVATURE
count,180.0,180.0,180.0,180.0
mean,-0.9200722203269892,0.7598957418989825,0.016014475444226257,59.819724223706665
std,0.22782995850346086,0.3609134003756071,0.007521903021025133,306.19723934470056
min,-1.5414035887973605,0.1389472413025242,0.0008322856027623334,0.016943910478633275
25%,-0.9962924014354104,0.42657139740918104,0.012339349113960736,1.978191857919517
50%,-0.8429316066513837,0.7463239206372039,0.01665093487205971,3.7697317578563245
75%,-0.7897412666186924,1.1282789541535831,0.02066861507232899,11.811494753649821
max,-0.6601228749691511,1.2632026594178434,0.034942188557313444,3340.9615481034702
