,X,Y,SPEED,CURVATURE
count,180.0,180.0,180.0,180.0
mean,-0.0676882854546443,1.090515107700915,0.011304065912509011,5354.673910091033
std,0.12727411167140915,0.1915722340675427,0.006070042316280391,71254.86935871758
min,-0.47110322801642185,0.5625439637176481,6.268336892060898e-05,0.024330902596902047
25%,-0.09469600046039284,1.0367326283301557,0.0063286805044841105,3.5643874093549073
50%,-0.041942985334255216,1.125223845501689,0.011069581348759804,10.426206683285073
75%,-0.0014848403546619971,1.222222859549614,0.015589186376069823,31.618319641376207
max,0.10060080603533497,1.3681006764276398,0.02628156300744115,956026.8965326007
