,X,Y,SPEED,CURVATURE
count,180.0,180.0,180.0,180.0
mean,-0.4579731786343611,-0.6149815231257764,0.011330765816312729,72.23894653298093
std,0.16780351350930373,0.24534235351715605,0.007460731550772344,289.85041152344706
min,-0.6742060720613585,-0.9481992429266777,0.0010756206949097498,0.03051930733585514
25%,-0.6002250543612588,-0.809633355996078,0.00584063153178316,4.182900506744089
50%,-0.5144728396086651,-0.707564218075062,0.00928854315131935,13.721658765356862
75%,-0.33899488111260007,-0.3534986735990203,0.015653678501059236,49.1203269967941
max,-0.09814448256723597,-0.21145078602943063,0.03387283616050953,3652.6786388995947
