,X,Y,SPEED,CURVATURE
count,180.0,180.0,180.0,180.0
mean,1.0618482395581375,1.0043031037417338,0.016124355642045535,9.393105483224595
std,0.3696576567900467,0.5148439723875604,0.00634669229646792,13.587083271410298
min,0.6206214536112948,0.39996296026845884,0.004092992958450426,0.05084139445236135
25%,0.756896371581314,0.48117365715590443,0.011504412392310181,2.245449640604608
50%,0.9313002786968283,0.8947980338027515,0.015382753412694973,4.698640812750727
75%,1.367927621883109,1.5547559596941505,0.020761367074595815,10.468172393693058
max,1.9251996260819577,1.736618596773212,0.03065810597188191,111.40663278871862
