,X,Y,SPEED,CURVATURE
count,180.0,180.0,180.0,180.0
mean,-1.064974961347983,-0.8504299522193416,0.011326489883435912,862.5399779979615
std,0.1778625193310348,0.18101247242724625,0.0058169025985191115,10942.992752789825
min,-1.4207930397242103,-1.1343426437715667,0.00013916096910351823,0.012619132617079351
25%,-1.2287337824251627,-0.987431260668341,0.007195687657069731,4.223840084901269
50%,-0.9994416153769949,-0.8357005841958919,0.011035982469398813,10.36743350236139
75%,-0.9133787394275189,-0.6990742182054296,0.015816307233642007,22.133068902143194
max,-0.8724188896245202,-0.5035309724958716,0.024863638645975905,146849.27017015897
