,X,Y,SPEED,CURVATURE
count,180.0,180.0,180.0,180.0
mean,-0.9364778193606125,1.2738931853876978,0.011655960147376668,45.888220223083344
std,0.18444731008700163,0.203507924052039,0.006217469352689924,172.88648241676316
min,-1.138568904111774,0.880546955837674,0.0006870568850081989,0.0012820489533278447
25%,-1.078036752626898,1.1386588668386166,0.007304514425105004,4.775081824035888
50%,-1.0188035307554117,1.3031670351998585,0.01097955702940696,10.63171510117662
75%,-0.8007630142714501,1.4252832872234222,0.014955870844198797,28.89895676006634
max,-0.40155764591286025,1.641970409514753,0.03152453076829572,2086.651658072936
