,X,Y,SPEED,CURVATURE
count,180.0,180.0,180.0,180.0
mean,0.5178154483528453,0.2905134324035083,0.011988677449607096,37.80536698388567
std,0.2179494338422608,0.19847858325546028,0.006048093540754395,132.1062321623018
min,-0.04296820551612619,-0.10963216199032622,0.0005944127816518398,0.1526477901912259
25%,0.40178256563322745,0.15424767090415772,0.006920139552215846,3.154341086555385
50%,0.6001099230084481,0.28629731634455124,0.012204134820538238,9.5611801313586
75%,0.6455651356423857,0.44806299740573297,0.01644075812266976,25.797757506210203
max,0.7984867840375174,0.5987690007401691,0.02845821157537569,1532.513300051467
