,X,Y,SPEED,CURVATURE
count,180.0,180.0,180.0,180.0
mean,1.9600460559200905,-0.6056608464127847,0.01059143625381683,49.95120355605468
std,0.15082467466157548,0.2485983600618244,0.005217613699516184,175.36843399577742
min,1.6848290427208457,-1.0180040291221197,0.0009024293236236622,0.033877455775241656
25%,1.8504490274317735,-0.883014847406218,0.006553448117481502,5.9906352870394635
50%,1.9580176027259486,-0.47640346351034357,0.00986565295444699,13.702597851068726
75%,2.0511964662016826,-0.41068596247909256,0.013894305611588643,32.965664065424555
max,2.2988509883817216,-0.27410144603553027,0.027005178636463515,2072.112937957383
