,X,Y,SPEED,CURVATURE
count,180.0,180.0,180.0,180.0
mean,0.032042262845932395,-0.5765900563404105,0.010834632776287227,67.70156068601057
std,0.30012988221691184,0.11894355166311932,0.0067716895508420005,328.95960299437996
min,-0.4586592122838413,-0.7399691577348527,0.0009043922965836258,0.10363640943248417
25%,-0.30315101459107846,-0.6796882163827624,0.005535555080418126,4.395068139492562
50%,0.1251246898400296,-0.5961516953196342,0.00925648614787341,11.080199154728712
75%,0.32340216612391387,-0.4907872955917345,0.01399207157677325,40.924586041902835
max,0.410202862827446,-0.30243494790375275,0.03453241658563212,4086.4264256614933
