,X,Y,SPEED,CURVATURE,ARCLENGTH
count,180.0,180.0,180.0,180.0,180.0
mean,7.504864999999998,31.372868333333326,0.3777274103101446,0.5238073385837996,33.281626228591975
std,5.539944202958785,13.81413959892142,0.1836864577560464,1.587008803440697,21.049767668350615
min,-3.3147,8.9742,0.05011349618615705,0.0014106120276835984,0.0
25%,3.56455,14.94715,0.27591439341358776,0.0519906802782058,14.067369142943203
50%,9.042300000000001,33.5987,0.3497283490751499,0.1834637539102682,32.232464304772066
75%,11.9571,45.69055,0.4377707379489186,0.38519169307321366,55.29134968477427
max,15.4672,51.0722,1.021843864051647,13.828318400837764,67.7049754749573
