,X,Y,SPEED,CURVATURE
count,180.0,180.0,180.0,180.0
mean,1.6493593805079518,-0.9541792865487834,0.010694925775011967,57.84161006699732
std,0.2724197887031743,0.23414545225078517,0.004932722417595264,328.74408795876406
min,1.2892833299335813,-1.2655957343554218,0.0007864457698341758,0.034685537718510656
25%,1.4537325749504086,-1.1606111414484814,0.006961723337612923,3.80150223457816
50%,1.5430673927275265,-1.0327220018835748,0.010715029989596099,10.828087147927079
75%,1.9626001257057408,-0.6686897181499507,0.013588318547215667,29.52378717115894
max,2.121759626450996,-0.5790674917508329,0.02091257330621329,4288.173964205944
