,X,Y,SPEED,CURVATURE,ARCLENGTH
count,180.0,180.0,180.0,180.0,180.0
mean,56.506171111111094,7.633940000000004,0.0685591802505161,10.889440323876,5.953214064591143
std,1.1253077641591969,1.4829177584718116,0.0412311354939731,86.55027349782318,3.380493289936097
min,54.8536,4.917,0.002773535649671049,0.004793668173645355,0.0
25%,55.36772500000001,6.735950000000001,0.0473725476649136,0.30930998231890183,3.225271012283855
50%,56.7505,7.6631,0.06272669188674798,0.7535203465306247,6.323647712553049
75%,57.694175,8.69575,0.07797768256350053,2.460885485092523,9.18969756743298
max,57.8791,9.9692,0.22608779268240023,1150.961479280343,12.229121625698253
