,X,Y,SPEED,CURVATURE
count,180.0,180.0,180.0,180.0
mean,0.6629301967249661,0.027447165186240206,0.010391889911955048,44.964390130520634
std,0.16979298866449077,0.13469972058824872,0.006014035255284169,123.05744980673298
min,0.3490902010604325,-0.15219291581448413,0.0010284455116179405,0.03226557295771334
25%,0.5155128747336802,-0.04620902466603184,0.006274741207985152,4.717062198423397
50%,0.6509161553825229,-0.012885980499700214,0.009307209226629812,11.00054466707989
75%,0.8114534484672107,0.0625336535553436,0.013157733346552796,31.65308949261425
max,0.9362853793784418,0.38000169313748766,0.031010248039083515,1135.386965433703
