,X,Y,SPEED,CURVATURE
count,180.0,180.0,180.0,180.0
mean,-0.673314755351827,-1.2421584008251196,0.011739147973585459,78.99999416346965
std,0.16857661049929398,0.1586028945103435,0.007334724509067451,318.6450215527419
min,-0.8845545647731219,-1.579884245459117,0.0008092111198961588,0.008721108190675432
25%,-0.8018645424410575,-1.325514991642771,0.0067372780753822475,3.1030982581437274
50%,-0.7077845033066605,-1.2259263415039374,0.010061434302497542,8.329169910773619
75%,-0.5823602964773911,-1.1096639441925649,0.016778070736529774,24.183175725803288
max,-0.18016743508575156,-1.052859517711908,0.03138805483995893,3246.983026794764
