,X,Y,SPEED,CURVATURE
count,180.0,180.0,180.0,180.0
mean,1.7905755368939102,1.3558728398089197,0.010087035543910773,3439.119514388599
std,0.22074790091940744,0.13194553815634819,0.005156325856048453,45393.93528526223
min,1.4056450701136312,1.1650283801649215,6.446611737978409e-05,0.03023028783076057
25%,1.58159733616138,1.2571838238236177,0.006062027860415268,5.818509355584267
50%,1.8238095166373078,1.375317343576819,0.00957273302750642,15.377913340193807
75%,1.9768312618782795,1.4074587276929238,0.013647708286650437,39.99038317578736
max,2.10503595492234,1.649891351210629,0.02319865631823296,609074.9680230905
