,X,Y,SPEED,CURVATURE
count,420.0,420.0,420.0,420.0
mean,-0.12403008947515916,0.9816177300069958,0.007739524327599599,41.133524802078064
std,0.1950910953704921,0.09100186592445728,0.003818646107551695,371.4433726490902
min,-0.44693491735915863,0.7857711926625424,0.0002715275564858492,0.03997566150943784
25%,-0.2324034966254006,0.9093189176755294,0.004616937802880867,2.942644872264197
50%,-0.15960805363207045,0.9949162325967273,0.007143369166516296,6.275696005827129
75%,0.02468435578313091,1.0651483792905028,0.01035395882796074,18.999861040305543
max,0.2151632622973804,1.1233544614096274,0.016757046180015396,7516.702556084561
