,X,Y,SPEED,CURVATURE
count,180.0,180.0,180.0,180.0
mean,-0.651325976401109,1.005816772112906,0.01110913633512465,42.09101135422528
std,0.2550748944985163,0.2967851671632554,0.004643571205095142,192.7906943377785
min,-0.9969096693615843,0.5649650868586635,0.0006063903268959071,0.0544370718640897
25%,-0.877304855114027,0.683541018572122,0.008447248353680546,3.6820798951463605
50%,-0.6900357935996997,0.9912018898503615,0.011357637663641033,12.088009070402716
75%,-0.4090270697226927,1.307411127217722,0.01426131054795275,23.418006558216245
max,-0.24277444364529632,1.4270040589868096,0.02012199798282872,2426.271507165982
