,X,Y,SPEED,CURVATURE
count,180.0,180.0,180.0,180.0
mean,1.183974486447505,-0.36703082031644646,0.012029534340498776,63.37662642832523
std,0.3812072833018689,0.13538450662329063,0.005627609507069975,316.6121670588058
min,0.2350892314685307,-0.6991511043275903,0.0005377742415928968,0.01967093920960265
25%,0.8959944704523731,-0.4823385967810209,0.007737735238531685,2.6702564864128298
50%,1.2809706834855836,-0.33396713536006495,0.012211256140330305,8.188427452419559
75%,1.5305782240387606,-0.261440846132131,0.015941660454287125,23.646421192761938
max,1.608159471470037,-0.1333543078313116,0.025909843525024293,3729.6135310976883
