,X,Y,SPEED,CURVATURE
count,180.0,180.0,180.0,180.0
mean,0.21087689768592502,0.12477986495991442,0.014222149999840396,15.038779684121645
std,0.3229345427221101,0.2572343473031745,0.006473187482418321,20.877633822863082
min,-0.30081910802313333,-0.3333419078477808,0.004790252941164822,0.08024508360999454
25%,-0.07911247455809044,-0.12847344346554834,0.008814816824218417,2.751028600507309
50%,0.20404848613023707,0.19380845599118185,0.012972172132239852,7.609349140507875
75%,0.44743376541952296,0.38471482771346066,0.018961157885189334,18.46259622509999
max,0.7519088180184961,0.4365215942326582,0.030015007940490786,123.59337431806324
