,X,Y,SPEED,CURVATURE
count,180.0,180.0,180.0,180.0
mean,-0.40559838402870696,0.04927001276901457,0.010832202773621121,44.01000200742574
std,0.23413361374301908,0.22164578257439263,0.005344094605257599,123.9440319776957
min,-0.7155931222215368,-0.4840917536159877,0.0010533012295303144,0.04693903132172243
25%,-0.6042947864538039,-0.018889086182097968,0.006612089702867404,3.846691354153874
50%,-0.4504735750572105,0.1613232467692595,0.010823158140283659,8.652665546038746
75%,-0.2234695329897491,0.20709443210194844,0.014234187244927698,23.12491440816454
max,0.08734455300138239,0.2979481163040379,0.024510582308380362,934.8434892056393
