,X,Y,SPEED,CURVATURE
count,180.0,180.0,180.0,180.0
mean,-1.2550194475862189,-0.8726638941962835,0.012076859450096254,3489.7380858968795
std,0.12502904346395646,0.20838757922069606,0.0055909307270646125,46423.63470496672
min,-1.4738903645077484,-1.2984465838815116,8.519285441358979e-05,0.04365016464650501
25%,-1.3747737020028734,-1.0017189237726511,0.007954090460996734,3.7684632097625634
50%,-1.228707464716826,-0.8227467451455918,0.011992746196831069,8.881512239563005
75%,-1.1447980861067428,-0.7176167120733661,0.016232244924849433,27.32248397384702
max,-1.0972779143614202,-0.6164431281722029,0.021751695566700303,622867.3327733609
