,X,Y,SPEED,CURVATURE,ARCLENGTH
count,180.0,180.0,180.0,180.0,180.0
mean,53.08634499999998,71.81045500000002,0.9124139725034902,0.3576127902764063,92.76312506206814
std,17.771038307942995,10.725011384761833,0.538510223472831,0.81507867142427,52.518145870166464
min,21.814600000000002,52.830200000000005,0.11279425960570458,0.0007515574142793306,0.0
25%,36.947925,63.89205,0.4840196647440267,0.029477591513066115,46.76062387745211
50%,56.074250000000006,71.84815,0.8408334800848638,0.08889154797425898,96.58648838526028
75%,66.067975,80.077425,1.186072071423772,0.3046559914065236,139.96355671454933
max,81.403,90.4611,2.5585793680282833,6.701596354773341,164.22344996866403
