,X,Y,SPEED,CURVATURE
count,180.0,180.0,180.0,180.0
mean,0.6867257010043178,0.03500797701251121,0.010830438608781492,64.13214740064949
std,0.19626898983580748,0.2555720127825803,0.0067471003829414075,262.70713837927235
min,0.3485087751039846,-0.31886861598694716,0.0008750114608309923,0.1104160357113906
25%,0.47821851174834124,-0.17566051654265713,0.005339107876655018,3.4500457582490385
50%,0.7471014486076254,-0.014492705507840552,0.009006645295292163,13.129869279482744
75%,0.8813311389901696,0.2530034262480694,0.014263750284231661,41.75755355247449
max,0.9370317699931452,0.48331967423513894,0.027507848595740014,3315.9220809653907
