,X,Y,SPEED,CURVATURE
count,180.0,180.0,180.0,180.0
mean,0.4951735368613505,1.723610746496321,0.015036909077955454,42.86646514845539
std,0.14588524249300674,0.6193508041198268,0.008846649518248562,160.7135365931627
min,0.2949830178407055,0.9035969430203046,0.0016697424718429053,0.014962582168508815
25%,0.3650600897996055,1.1017811408209826,0.008390254598930669,2.3411776530963877
50%,0.48771654234680595,1.7285971379968958,0.012303585345066426,7.014067791196455
75%,0.5935564240939117,2.36975805239294,0.02224250154554372,18.622617067810054
max,0.7884926329092914,2.5228110219732476,0.03848730306315521,1768.7609310237788
