,X,Y,SPEED,CURVATURE,ARCLENGTH
count,180.0,180.0,180.0,180.0,180.0
mean,34.8934,61.46914444444447,0.643326667004963,1.0088317633089274,48.26063803107168
std,1.7941343269155625,15.893318837390517,0.44423206709309776,4.832349107951139,31.29596912863942
min,32.7763,37.2521,0.0277218325512584,0.00037028327324024597,0.0
25%,33.609075000000004,46.875474999999994,0.33911669300887926,0.008335453018607407,19.602514827197776
50%,34.1049,60.6366,0.5116446796058178,0.04369320674030894,46.99958160606075
75%,36.03025,78.02112500000001,0.962226956704459,0.1803618340259423,67.29176964405411
max,38.6069,86.5143,1.937355249431557,59.11209180364242,115.01034504854466
