,X,Y,SPEED,CURVATURE,ARCLENGTH
count,180.0,180.0,180.0,180.0,180.0
mean,17.204757222222227,9.211277222222225,0.31160396783889854,0.41179947750543516,24.8347206767078
std,6.951553651310082,2.5075204105360362,0.1325989153471028,0.588732345977501,15.98137801360744
min,6.1237,4.2767,0.06131696339513296,0.0026660594912672835,0.0
25%,11.396725,7.726275,0.18471823492884332,0.0757689276278173,11.690270003318384
50%,17.637950000000004,9.26135,0.30558731410954265,0.1727606951985303,23.24404380261587
75%,21.974100000000004,10.613375000000001,0.42062475877828703,0.44508587959403434,37.533206788245025
max,29.567800000000002,13.6752,0.564705695473315,2.825844693707994,55.981371243592264
