,X,Y,SPEED,CURVATURE
count,180.0,180.0,180.0,180.0
mean,-0.4245819738367327,0.1569010814614553,0.010592638810756649,107.66313077288625
std,0.1381480341742246,0.3190161867499302,0.005549140261303572,977.1507088524432
min,-0.637384922374078,-0.34447380648995324,0.00039398772210512515,0.026336013714553855
25%,-0.5180263378900598,-0.12032342277452528,0.006096556600978142,3.6987377287545695
50%,-0.4730952452920111,0.07840311751493242,0.0099652726016424,9.650121094501486
75%,-0.3036967760708551,0.5079725440242123,0.013962423419682799,31.10932893991839
max,-0.051607922586996306,0.5395286941067332,0.02472227866180796,13109.262673612897
