,X,Y,SPEED,CURVATURE
count,180.0,180.0,180.0,180.0
mean,1.9674939431817744,0.7876690236723194,0.012158341560279364,1110.9551310657578
std,0.2787355352274088,0.11777671042940724,0.006309468339553211,11998.78515983213
min,1.6271664455741153,0.43401540134634586,4.478793219872174e-05,0.03815533606432163
25%,1.8076170446236053,0.7281585513610261,0.007498216012035266,3.116426564009174
50%,1.8767808434197932,0.807122123882982,0.01219271336302944,7.763384223596192
75%,2.0820467359770376,0.8501251570072728,0.01726184370260819,20.877137245010232
max,2.7808697467868737,1.010689845275267,0.027389165746620096,158764.45948521656
