,X,Y,SPEED,CURVATURE
count,180.0,180.0,180.0,180.0
mean,1.1883916119621294,-0.896151645075421,0.014883892288234057,31.871197234872078
std,0.3469024536378634,0.15999141445849321,0.006752084848202733,117.17899859643872
min,0.6678422899352848,-1.162683779220019,0.0009260078277647495,0.048258521692107224
25%,0.8729205816258745,-1.0161467179342796,0.009963375582516127,2.4909208504582345
50%,1.1563979749489488,-0.860848029337365,0.014952067572353277,5.668441826694384
75%,1.4736552144187094,-0.8017028979211123,0.01964794342867045,13.665170499563807
max,1.8058531941008462,-0.5689451122715057,0.03236873513395671,913.7691137369738
