,X,Y,SPEED,CURVATURE
count,420.0,420.0,420.0,420.0
mean,1.465759685123414,0.04767297093121759,0.008848858195875605,65.15460730976496
std,0.1842288570292286,0.35082800851134155,0.004790567536855784,549.780345841906
min,1.0463196331219549,-0.3808089021736198,0.00030230306921189725,0.00025969104986517627
25%,1.3428535615904877,-0.2056414610660519,0.005429830963931343,2.0463261807236446
50%,1.4669936155919436,-0.11086436542826478,0.008618738916784337,4.930395869433365
75%,1.6083757543720956,0.3223809768345186,0.011981862615708848,9.458726969799649
max,1.7381481059630581,0.7254268381411761,0.01954567628829269,7640.288160821392
