,X,Y,SPEED,CURVATURE
count,180.0,180.0,180.0,180.0
mean,1.7565766043913758,-1.7468605565744206,0.013365021036697951,131.69230029397605
std,0.20535819111330697,0.3024369850502338,0.00613514640639563,1368.9213206557845
min,1.2493566864860357,-2.1804859871206808,0.00043786618341053223,0.10412687549846317
25%,1.678893318765474,-1.9568169839592062,0.009656803977909158,2.1405845697474337
50%,1.8035276629181332,-1.8113303279863007,0.013821998650973806,6.836313198396804
75%,1.8912669196530647,-1.5845636257155749,0.01717009146829188,20.32549296649497
max,2.0507584146482327,-1.0855838891136234,0.02868540883966493,18367.485593165537
