,X,Y,SPEED,CURVATURE
count,180.0,180.0,180.0,180.0
mean,0.9525089277875947,-0.14023249908884192,0.010221697440068851,8006.3466730458795
std,0.08988453284838989,0.18512336803593152,0.004703797845234978,106664.09790405938
min,0.764493977809892,-0.37286186806283905,3.4881275942967444e-05,0.041224525001583225
25%,0.9093420428497992,-0.3184268078394793,0.0068056527241177256,4.217009110969439
50%,0.9558755529290268,-0.20001337529658236,0.010696301228079411,9.927673919734762
75%,1.0171770070656845,0.04878616885637372,0.013619777885515652,32.556847149015766
max,1.1571525767986683,0.1748837192204599,0.02170469363396038,1431102.5185755563
