,X,Y,SPEED,CURVATURE,ARCLENGTH
count,180.0,180.0,180.0,180.0,180.0
mean,0.15760833333333338,-0.8747472222222223,0.004707445960692997,42.48948458427372,19.994780627996306
std,0.049208049796801226,0.10557232709959602,0.0019208412305272552,200.19530299813286,12.952109162358383
min,-0.0173,-1.0584,0.0005700877125495635,1.7173832029281674e-13,0.0
25%,0.13272499999999998,-0.9619000000000001,0.0032037874348558896,3.6389602559334615,8.296700303366695
50%,0.16915000000000002,-0.8873000000000001,0.004707703452764924,8.82822737162751,19.22378436800969
75%,0.19175000000000003,-0.7795000000000001,0.005770668542312625,27.7864926911119,32.002259233182066
max,0.2252,-0.7021000000000001,0.0093590864938839,2556.961456287474,40.113936553974014
