,X,Y,SPEED,CURVATURE
count,180.0,180.0,180.0,180.0
mean,-1.726996435666627,-2.1379184076044466,0.008287109328448094,286.1520333706221
std,0.07022663537581042,0.11123494033968001,0.004432411769570379,1847.612781692321
min,-1.8503567244513612,-2.300780822689637,0.0003722438318460834,0.2317655301869027
25%,-1.7792434433478372,-2.2276956277982047,0.005328212657993012,7.785625303506224
50%,-1.750355072524271,-2.1602510875309737,0.008120688374378859,16.525121303642685
75%,-1.6623835069943222,-2.105450251328037,0.01028923535319846,41.22124394433555
max,-1.5901898627279654,-1.8493800906201667,0.022143112351255954,22185.53879327196
