,X,Y,SPEED,CURVATURE
count,180.0,180.0,180.0,180.0
mean,-0.24493060789941154,-0.31091213793152234,0.012020525449544054,28.363287805174135
std,0.1677275317119574,0.11915983934841774,0.00418918171349991,140.41623426979845
min,-0.6971089123574529,-0.5983443403864551,0.0009554955321063143,0.10911864153384211
25%,-0.3312947779730565,-0.39690076071393043,0.009008985916455194,4.151510201691132
50%,-0.23459345173976634,-0.2964816123862767,0.012247544471088816,8.867660790609337
75%,-0.10453436090019666,-0.2091815977449925,0.014688786807080243,17.489476961980646
max,-0.02257554553630253,-0.12338589662302613,0.02506273398876133,1720.6730258960051
