,X,Y,SPEED,CURVATURE
count,180.0,180.0,180.0,180.0
mean,-0.6664206642046816,-1.2672047213127582,0.010916024907528212,61.20272276132738
std,0.19829604502393006,0.2346183094242906,0.005935839757841141,175.85371432943515
min,-0.9788278314762234,-1.5095337139099922,0.0006479904558177207,0.05380308330463374
25%,-0.8277646132351637,-1.442554228781139,0.006326119265608195,4.900791770877877
50%,-0.6878549036110786,-1.3728071297570168,0.010021314614761755,12.355179007026539
75%,-0.45016234702519703,-1.0948985065236747,0.014456863597540287,41.22505143523929
max,-0.3934032833261263,-0.8194635796812003,0.02711619835169475,1435.5462582982286
