,X,Y,SPEED,CURVATURE
count,180.0,180.0,180.0,180.0
mean,-0.3826766019899354,1.1073964675803711,0.011185995444889237,70.98150700613678
std,0.3196310829971484,0.27441086540759774,0.006510777077623652,289.35536312757046
min,-0.7603858725582694,0.7618518359668207,0.0008695759055531591,0.03993490412337662
25%,-0.7243445637280357,0.8130889509397748,0.005568205739265442,4.2319458972176385
50%,-0.34524507184803066,1.0990378192109334,0.010345457528422641,12.683159101695892
75%,-0.027813205790889674,1.3580709345234898,0.015849776598109915,34.551898272929094
max,0.055193009236806506,1.4982483813010177,0.026255977649068705,3144.4709583899494
