,X,Y,SPEED,CURVATURE
count,180.0,180.0,180.0,180.0
mean,-0.31086633791809476,0.17440146930311065,0.012724689415514618,34.30296066227679
std,0.27348761682920597,0.2057253683420441,0.00634243338731042,124.7761650784233
min,-0.6972815293176152,-0.257113975375621,0.0013908237992559967,0.009944437841290612
25%,-0.4694036257222729,0.08538589331658811,0.008901515763787343,2.969565464480562
50%,-0.38557177052664066,0.2056599879381854,0.011902470041262412,8.004930578304005
75%,-0.28322055735846474,0.242098808652241,0.01533719584451876,23.767010774969975
max,0.27403749892507606,0.5564976971703207,0.0347857202244486,1503.838309618024
