,X,Y,SPEED,CURVATURE
count,180.0,180.0,180.0,180.0
mean,1.255064468227609,-2.3287848028091744,0.013338986771241181,58.057219591166195
std,0.33607482695072755,0.15494906013252044,0.007295544631516812,235.8390463947623
min,0.3946863801622095,-2.7198978236436657,0.0010346423324244097,0.17052333670485798
25%,1.0932871488064804,-2.4439807364523207,0.007208453331438281,3.2129222887686315
50%,1.248462547908563,-2.302035244020968,0.012922396847283198,8.982705896378867
75%,1.603951900041043,-2.1925306381671907,0.01964505252808719,22.831054314193683
max,1.6999418471174714,-2.1261100693023347,0.030967887527695658,2380.7865330233844
