,X,Y,SPEED,CURVATURE
count,180.0,180.0,180.0,180.0
mean,-0.6503336981714666,0.3821884279199714,0.012072001042131856,88.4897664437938
std,0.23274277944994104,0.4255392393659696,0.005180262879206997,546.0697025461162
min,-1.0258558497984875,-0.21648428030178582,0.0006308712667209849,0.24850555917481687
25%,-0.8320742211954336,-0.08416456468163488,0.008522694002566123,4.073773558961015
50%,-0.6073008690440699,0.4141603926739136,0.012575695549304986,9.892579474124929
75%,-0.46770817849536483,0.6825422598978375,0.015803311036008662,21.05854113465796
max,-0.2965257111114657,1.0845052044763182,0.025645825369163697,6840.590745254288
