,X,Y,SPEED,CURVATURE
count,180.0,180.0,180.0,180.0
mean,1.4006967532406713,-1.9964270408757003,0.011814851433506727,40.008795884080385
std,0.17316764254323705,0.30191725325430835,0.005703463838813715,107.95151892241594
min,1.0690515222112702,-2.334897445343369,0.0007138487492594484,0.032120545316877885
25%,1.2587851861154338,-2.2941947283948467,0.007776938610802487,3.771984599564476
50%,1.385345110537433,-2.0364794373752737,0.011247830928430362,11.033569973698604
75%,1.57490382283513,-1.8062024724314036,0.01587820256180716,25.900899976199177
max,1.6853069767978914,-1.4106933028725692,0.02618562527002782,875.607172834863
