,X,Y,SPEED,CURVATURE,ARCLENGTH
count,180.0,180.0,180.0,180.0,180.0
mean,26.12536277777777,84.46096555555556,0.8130881296326056,0.4607351259514536,80.4333052306545
std,4.728575254567065,19.20289715334183,0.4593125887629088,1.1720345255078213,41.317806768362715
min,19.805300000000003,52.412800000000004,0.049573228662252826,0.00021815522367987574,0.0
25%,21.839225000000003,64.9136,0.4870086259622621,0.029741993925591993,43.62872358825631
50%,25.790550000000003,88.30285,0.6523063098873427,0.08313137483263125,81.23033086257253
75%,29.1004,102.96492500000002,1.1645916638967537,0.3690108714708651,115.95445967410804
max,36.443400000000004,112.7776,1.9959858316130463,11.373196600035877,146.4249920977364
