,X,Y,SPEED,CURVATURE
count,180.0,180.0,180.0,180.0
mean,0.20424073883696697,-0.5833359821690906,0.014337824670651257,37.195004341536084
std,0.23052035959420106,0.32657159206135067,0.005562410662063493,275.2057337852836
min,-0.12416674408905995,-1.3111548500726173,0.0006686562360948712,0.08441612666476978
25%,0.019344688351785173,-0.8058222415458748,0.010412575967139213,3.0855844655936813
50%,0.10234286900593674,-0.5758820831641733,0.013910717501204942,7.233204708575091
75%,0.43421594123762886,-0.29577386129646566,0.01801225672433122,15.979953655333482
max,0.5934167784914557,-0.13411251620219192,0.03157676303173928,3667.3763408176446
