,X,Y,SPEED,CURVATURE
count,180.0,180.0,180.0,180.0
mean,-0.19137350047385573,-1.1559242371124299,0.01066572900171455,43.607761669140416
std,0.15510194361939242,0.11886867952843568,0.004283993212436361,113.11232486926241
min,-0.4698904513511147,-1.3990214733761814,0.001218224153447315,0.12913705626260108
25%,-0.3121712260156413,-1.2385668666723586,0.007534760310507433,6.9808984996334225
50%,-0.19625172037455277,-1.1235818576052705,0.010797901500861094,11.886011433913215
75%,-0.09964128007273715,-1.0834926905826396,0.013698082766343503,26.69450493190065
max,0.1277539206074938,-0.886143520554104,0.019804090631198482,843.3258039598351
