,X,Y,SPEED,CURVATURE
count,180.0,180.0,180.0,180.0
mean,0.06427455219018835,-0.7865267094982938,0.011499330933684547,33.34784244471858
std,0.15752973322745786,0.21666722249115392,0.006302227807284643,85.20949441778036
min,-0.44699307252857196,-1.0463839364217982,0.0017243604542093055,0.06315609116717023
25%,-0.004123891327005861,-0.9752166223297168,0.00624712135039585,3.221410740623905
50%,0.09501468860671869,-0.8359207869610439,0.010043412056376226,7.596091856788096
75%,0.1747624419958337,-0.6084534368559557,0.016025044172627102,22.28838119170664
max,0.276881108913016,-0.3896180302711495,0.026891866787252725,897.9128395588875
