,X,Y,SPEED,CURVATURE
count,180.0,180.0,180.0,180.0
mean,0.41290173037163963,-0.43231834702464544,0.011436550805709418,44.929352660564774
std,0.21632354615283317,0.24518996546684563,0.005481384690537603,167.8856832110667
min,0.10052629155059417,-0.8256199481506286,0.0016409733927697562,0.07846488443078846
25%,0.23576845175672262,-0.6890274649942636,0.007074199987566703,4.2609948453673425
50%,0.33491237534805757,-0.3855716901048142,0.010745534123136027,10.244642926435155
75%,0.627424787875547,-0.20337593905440193,0.015593745902483903,27.256846656941327
max,0.7290878954047493,-0.0678508428023305,0.02662254228642646,1562.2824640792755
