,X,Y,SPEED,CURVATURE
count,180.0,180.0,180.0,180.0
mean,0.7434624160498127,-0.25069943781507564,0.010575625308831176,45.945207021884215
std,0.448732982638084,0.07482086351052773,0.0062004537671131454,133.307719529398
min,0.018372996101050598,-0.37159074968271555,0.0012693641580969737,0.02886746911109644
25%,0.32667127733425333,-0.31033464549431966,0.005200481653444533,3.568343617968291
50%,0.7080012631184192,-0.27314979060064226,0.009515361478829601,10.991765193130988
75%,1.1986011102931788,-0.17493100296170905,0.014925121254690667,31.447914785113234
max,1.2884657407824918,-0.11767854742070415,0.02824791447813451,1290.2071554032239
