,X,Y,SPEED,CURVATURE
count,180.0,180.0,180.0,180.0
mean,-0.13533166109304212,-1.1148990889281858,0.012527860480694984,41.62691396587662
std,0.1257898661022397,0.18713821043861545,0.005242717861176631,223.88540349394916
min,-0.342358752170938,-1.4414024465114053,0.0009210226589273322,0.023891860234956718
25%,-0.22077490387780016,-1.2441194334602643,0.009429060546370476,3.2388468685086496
50%,-0.15633065134884697,-1.1114073525268315,0.012601680521730916,8.373612565017869
75%,-0.01878446318474142,-0.9626044875356767,0.015673777259233367,20.414837320326438
max,0.08214969508836453,-0.8086486737766895,0.028899164929711174,2884.9406981834177
