,X,Y,SPEED,CURVATURE
count,180.0,180.0,180.0,180.0
mean,0.2625165357600289,-0.9591864514376397,0.011988014838262746,56.02684320885052
std,0.1969032271066529,0.23928674523940663,0.00813452999129236,201.81660587805834
min,-0.11803882039825563,-1.4237512143376412,0.0008415185537828252,0.12802302035202348
25%,0.15657574980513722,-1.1580665402335357,0.005740398033401265,4.836847096158999
50%,0.3411137263760919,-0.8297415550990552,0.010910282925193197,11.785095790980504
75%,0.4111623960669958,-0.7768912403476445,0.015047013557735904,30.36456290673939
max,0.49260623183176444,-0.6914790642138641,0.04327889291934536,2212.947507351606
