,X,Y,SPEED,CURVATURE
count,180.0,180.0,180.0,180.0
mean,1.747579469616285,2.714375782032085,0.010718320273948121,45.100695919545274
std,0.11737946378077735,0.10243705637505802,0.0050661031396567755,164.63493561659803
min,1.4944901356334124,2.5268417195498554,0.0014256440790027544,0.02097753581844979
25%,1.6649635571034846,2.611186587772401,0.006770239647635388,5.125608484540835
50%,1.7400979753471477,2.7406618711940602,0.010084662516760767,14.979414661533205
75%,1.847578199494274,2.8022713128971244,0.01412124930337756,35.77449874739825
max,1.9695846966850161,2.857291582315648,0.02306656557214041,2007.25341872175
