,X,Y,SPEED,CURVATURE
count,420.0,420.0,420.0,420.0
mean,0.2769023990329994,1.6286127081337989,0.010401983561524256,14.045100323291683
std,0.2332982498359344,0.2548538710834278,0.005493789247471951,62.64537908588518
min,-0.016797505876443318,1.2091234589772466,0.0005701459044417234,0.026013057158346446
25%,0.09434312414509713,1.3833887097819493,0.006094160168518193,1.5136279683448726
50%,0.18635414066149808,1.5890999017193144,0.009405836211351146,4.762577794387541
75%,0.43025445432025833,1.8586761152502034,0.01325683525836319,9.778305634444719
max,0.8633320425353966,2.0170123436933918,0.027464784689493045,1209.9835694876024
