,X,Y,SPEED,CURVATURE
count,180.0,180.0,180.0,180.0
mean,-0.3166599654186785,-0.0774607732783816,0.015110738267723673,18.85692207633737
std,0.14939350062772694,0.40252654935314236,0.006197143414915041,58.73748055383523
min,-0.7584367715529494,-0.6102534045119262,0.002276816332607988,0.053296320226803334
25%,-0.424292073818512,-0.46010293647992895,0.010563839794067612,2.33554747579162
50%,-0.2987730332503929,-0.09194689717260573,0.014993147692181024,6.797411556963643
75%,-0.17671745456722185,0.36618925332144553,0.018445626215318745,14.12947145373646
max,-0.11023426228565457,0.4849556398264211,0.03029816189903984,637.9440098462841
