,X,Y,SPEED,CURVATURE
count,180.0,180.0,180.0,180.0
mean,-0.6630232386056913,-0.2183494234061792,0.011914982280746191,58.92835867235328
std,0.10545421958581426,0.2640092833877135,0.005681943275491987,387.58341356587624
min,-0.9625228772617214,-0.6015869718341291,0.0006538739548215852,0.20335163812604276
25%,-0.7186512038012408,-0.47943400347524706,0.007835121660169836,4.348122088354088
50%,-0.6399263858657881,-0.23333083130427984,0.011334061594078015,10.945902310994231
75%,-0.5810078823220948,0.09438016063468535,0.015157909307141521,33.548237569630174
max,-0.5249855562677277,0.21846700804484898,0.026315452737941905,5179.110529182649
