,X,Y,SPEED,CURVATURE
count,180.0,180.0,180.0,180.0
mean,1.5478419054624803,0.22926865767285692,0.013499980373751594,40.72477690060067
std,0.3793115033759131,0.22689575474384263,0.0069508464044934085,129.9965923800222
min,1.045270423995286,-0.13179359991688014,0.0013855997647976188,0.18282113716911516
25%,1.153204151145602,0.03879752961120458,0.007036145590766913,2.6457851921600017
50%,1.5250832304740896,0.08189544935876102,0.013422359647537461,7.226048365388312
75%,1.903369010592204,0.5007353609367704,0.01985130029930028,24.992532394265282
max,2.1385607521149144,0.5917129257602975,0.02806441510351774,1481.9110286417417
