,X,Y,SPEED,CURVATURE
count,180.0,180.0,180.0,180.0
mean,1.1669416665205545,0.7241803483860879,0.009004415108302894,671.1355841186614
std,0.13815361106338692,0.09353246634948871,0.005055667932665577,6948.43652925569
min,0.9154457547025081,0.5368630587212265,0.00012338031076768245,0.024030389744703562
25%,1.0572607232025,0.6438124799747724,0.005250518236905566,6.658213025136861
50%,1.200376561501705,0.7428012108978115,0.00766113790580378,14.010397378389873
75%,1.2790976630164923,0.8002737520566229,0.012585235458573405,36.3108224842516
max,1.3513195455028486,0.8709903287627587,0.021132294034586392,92550.12119759439
