,X,Y,SPEED,CURVATURE
count,180.0,180.0,180.0,180.0
mean,1.880243093523577,-0.6634195550648809,0.012743059526928042,26.958398390616114
std,0.3337117105855832,0.3853731638943995,0.005331693691709968,67.98619070868611
min,1.325178759010076,-1.1876954481042203,0.002028587627765477,0.0023016744130719543
25%,1.6089723867160832,-1.0050076918473336,0.008486551972869728,4.181411017554254
50%,1.8634671602492467,-0.665727748982915,0.013470099841817896,9.048524803361932
75%,2.2477322938323283,-0.47455497946764214,0.01649033485869378,20.940440551104796
max,2.369775217909208,0.10789905198041218,0.02404501829801757,694.4155178247129
