,X,Y,SPEED,CURVATURE
count,180.0,180.0,180.0,180.0
mean,-1.0770287928810887,-0.6284626359165452,0.011725625124975596,41.931145356497844
std,0.2287817224843109,0.3106606103586321,0.006178188524335527,117.31934150055775
min,-1.3919190593074133,-1.1178548870557066,0.001626053078871936,0.11003024454800528
25%,-1.314878041055013,-0.9090250494672949,0.006620267760286344,4.490093262299621
50%,-1.1132634388073672,-0.6116910930722941,0.010133391252707985,12.47949204455349
75%,-0.8575257137749435,-0.30246405411720656,0.01655694208265399,33.240900848659365
max,-0.638423379483878,-0.24139243828969967,0.02523654471700516,1242.0311834902932
