,X,Y,SPEED,CURVATURE
count,180.0,180.0,180.0,180.0
mean,0.185421794158941,1.4535714920361105,0.012906169381297001,28.76265336099818
std,0.1307864993075544,0.2580779742622197,0.005506175520391865,74.67305687319028
min,-0.03321100740417977,1.0361326858036752,0.002116165975534426,0.08904975388795563
25%,0.09084835422702303,1.2528258536584032,0.008577241321260549,3.7151874807591785
50%,0.19269273169757772,1.4063470111268201,0.012600028210053904,7.582282813048968
75%,0.25630632060838227,1.5513123538000166,0.017383756816187264,19.040974241301157
max,0.49167938717656046,2.0832480463518146,0.023714489903977256,748.83454207857
