,X,Y,SPEED,CURVATURE
count,180.0,180.0,180.0,180.0
mean,-0.6814659582930088,-0.5635435388738932,0.011196057808307305,44.21608982515427
std,0.10651750548129982,0.18377495868194005,0.005104263920343947,180.2184682761407
min,-0.8055942493176103,-1.0133421282897197,0.000594179005150339,0.05993456072430211
25%,-0.7608791190456221,-0.5802167007685061,0.0068735051423320925,2.79973600569911
50%,-0.7183056398949683,-0.4965694653026572,0.011350194858195141,9.61367393576905
75%,-0.6084102937190815,-0.43699012986158564,0.014597037438465625,32.294098814200034
max,-0.35666076956317416,-0.3588681478780298,0.026498338412328196,2180.153419178131
