,X,Y,SPEED,CURVATURE
count,420.0,420.0,420.0,420.0
mean,1.0593376783547583,-1.1062594329545665,0.011010571648884476,146.0225465061274
std,0.1840006165950246,0.3762084726040053,0.00521020917903561,2752.18989744094
min,0.7909622521640246,-1.730403617479821,9.563396416479774e-05,0.029732046113049068
25%,0.9037624397731475,-1.4893693538093156,0.006789108299419245,1.2968690122968916
50%,1.0237458435695013,-0.9815361385247343,0.010278185037311377,3.522652920700554
75%,1.2146632098937853,-0.8448069677934842,0.014907164419728993,8.954953607426622
max,1.4330594284055578,-0.5133655095985362,0.02234323628290652,56409.150711345836
