,X,Y,SPEED,CURVATURE
count,180.0,180.0,180.0,180.0
mean,-0.1155668765850649,0.19586592599288172,0.012048175124526547,29.528618415825456
std,0.17834373371260975,0.2051629710381374,0.00474241592343643,107.09585884157026
min,-0.4939414569972232,-0.06663701036289438,0.001623599860003082,0.067243127803368
25%,-0.22412524249340907,0.014906978704578664,0.008710141922163548,3.839481297059868
50%,-0.1304339059960561,0.12173715294039741,0.01127979975335396,8.548294167085931
75%,-0.030294150307584058,0.36957928303681004,0.015880088745018596,18.196094144527045
max,0.2245784760788962,0.5761614095652924,0.02416395709458437,1147.0217422298515
