,X,Y,SPEED,CURVATURE
count,180.0,180.0,180.0,180.0
mean,0.503858728326544,-0.3324913942672156,0.00977194603757589,44.6783208924401
std,0.06821450171166217,0.17430454922079855,0.004230344872972446,100.01515317697934
min,0.39319798940736944,-0.5608997116581986,0.001211503957068807,0.12356504702179104
25%,0.4374116876800998,-0.4949164753716633,0.006383339118025644,5.2933883010242475
50%,0.5043240599288912,-0.381853521373708,0.010157884443789419,14.709712031633705
75%,0.5667010042548623,-0.18346864035689017,0.01270934424621222,36.22154284538072
max,0.6195229047442671,-0.050320045593500916,0.025148623012792477,853.7359216837624
