,X,Y,SPEED,CURVATURE
count,180.0,180.0,180.0,180.0
mean,1.4829780593157527,0.4937395865771898,0.010229568744874351,78.336718402489
std,0.1945871498900479,0.2603350749830958,0.006139868607673637,417.70353997527235
min,1.031045887661632,0.10400760783431728,0.0007074342659172189,0.07228818881868508
25%,1.3543927497039665,0.3562101853245487,0.005795230599430674,4.598932466799946
50%,1.498267484151722,0.4458558294868533,0.008782838189480781,12.695276538087462
75%,1.6584830655062759,0.6683317492327209,0.013476216939302682,36.01159620479713
max,1.763120537158007,0.9567155367491447,0.030437154012258483,5294.554601589382
