,X,Y,SPEED,CURVATURE
count,420.0,420.0,420.0,420.0
mean,0.04477582871312161,-0.042212589567516556,0.010411210656450502,18.430427457771692
std,0.3376105995047987,0.32185856607329144,0.005379121902451472,99.99422749051891
min,-0.5460858222805469,-0.49223042422550495,0.0006401466571949224,0.0218485349146933
25%,-0.16479382177345825,-0.35611487706348405,0.005904990712662845,1.5975547475819245
50%,0.12261104740174639,-0.0981232564781497,0.009547786586468012,3.8493027017026447
75%,0.33821005181442965,0.2643133879465051,0.013600900740118478,10.755630026828856
max,0.5669297285487714,0.5000473000425072,0.02197297168507657,1873.7735874893217
