,X,Y,SPEED,CURVATURE
count,180.0,180.0,180.0,180.0
mean,1.0678795427369627,-1.211420499894141,0.015276871479577153,17.870942408546384
std,0.3325164813354227,0.250507475978565,0.006564330317697499,49.94392666454696
min,0.34240513229641883,-1.6758686826546445,0.0020694110214415536,0.06272995134631788
25%,0.7443274376213643,-1.383769444301258,0.009688362434305056,3.041670541861366
50%,1.1437448984813632,-1.1985383733764114,0.014534063823605822,6.5516914369585075
75%,1.3384947479027873,-1.0442437574279813,0.02071385344139807,14.891819837486238
max,1.4924989231852361,-0.7988614707210213,0.030325668393543725,606.9221493952601
