,X,Y,SPEED,CURVATURE
count,180.0,180.0,180.0,180.0
mean,0.024409875677661272,1.2717983833892694,0.011536688507475547,24.745756619313397
std,0.2932860617720877,0.2399212280060739,0.004546919907254418,51.11421064199916
min,-0.40443729068987716,0.7370590517949845,0.0007126889755778057,0.1583420570069058
25%,-0.3202118472898986,1.1551569657696519,0.007874096653743437,5.064543751573969
50%,0.1613578777100581,1.3094019400698609,0.011568785512257162,10.577222298207655
75%,0.26035101550895934,1.470404229543023,0.014594798914855952,22.683600179651425
max,0.4681465324167026,1.5635394608042048,0.024691586185436144,366.3668727266514
