,X,Y,SPEED,CURVATURE,ARCLENGTH
count,180.0,180.0,180.0,180.0,180.0
mean,0.04695444444444444,0.2888366666666665,0.005459776059599216,28.796099833182733,0.5405561929305166
std,0.1290292199041562,0.11552620728576007,0.0025877824982482034,68.24193730388964,0.28575098313839037
min,-0.1749,0.1695,0.0011704699910719699,0.11185165571072345,0.0
25%,-0.063275,0.198575,0.0034382800837185314,3.8661470388108112,0.2865712527512255
50%,0.07045000000000001,0.2414,0.0051508485512577916,8.039278314823964,0.585792250134944
75%,0.147575,0.392475,0.006989755121808159,25.912257088353627,0.7594626689572755
max,0.23,0.5134000000000001,0.011718041645257962,618.941587798438,0.9747742943992201
