,X,Y,SPEED,CURVATURE
count,420.0,420.0,420.0,420.0
mean,0.5206040094078042,0.3253358317777961,0.012755583722156547,10.545410115431137
std,0.42060839197494687,0.4055040556696275,0.006832317786908729,25.812984648573703
min,-0.16031410486071185,-0.349809472031703,0.0020569219506130706,0.0010151217745545586
25%,0.07324690604400923,0.09723952021970994,0.007512235359330397,1.0509264108741159
50%,0.5552675129910002,0.3551676862112779,0.012093411360610387,4.337115641522676
75%,0.8412166757636877,0.733099019099836,0.017475053108376687,9.483501214681972
max,1.302491142144105,0.8839640494920213,0.027011921017694906,339.98740543735903
