,X,Y,SPEED,CURVATURE
count,180.0,180.0,180.0,180.0
mean,0.3334685235694734,0.2246917148640037,0.015601698384056914,11.809706113033181
std,0.3558390633562509,0.37250379432220926,0.006263848270926988,19.60733900360856
min,-0.5021300018333783,-0.25282117339044163,0.0025013176720673,0.024127491081518022
25%,0.21907923147873704,-0.1306786762418121,0.010961396822892735,1.942882645471553
50%,0.43521973420350546,0.1220520058110384,0.01535778266377515,5.077814858243084
75%,0.6417635724400526,0.6103331730647381,0.020609660376336242,13.041002810735284
max,0.6836618477669124,0.8332086109185364,0.027956645504997685,152.42578230047488
