,X,Y,SPEED,CURVATURE
count,180.0,180.0,180.0,180.0
mean,1.6279325005756011,-0.6816248191846965,0.010550244045681209,175.6698886481646
std,0.08588562555612912,0.21100240563071251,0.006119986961739529,940.7799359652183
min,1.5133228518560338,-1.1988367753054388,0.0005399613272540043,0.038029344940357465
25%,1.5595945996746463,-0.7209445290900893,0.006005524507305599,4.3404344661485235
50%,1.5943431699967827,-0.6157473234510975,0.009087908392462905,12.320786245184742
75%,1.689758828841544,-0.5423074017984454,0.015130229689672847,44.94916030784681
max,1.8585993878805138,-0.4682361864446757,0.026795268802968147,8501.763785644152
