,X,Y,SPEED,CURVATURE
count,180.0,180.0,180.0,180.0
mean,-1.8298280773174416,-0.900516111923486,0.010920106486457689,55.400827126366494
std,0.2714980264746206,0.20201614687056865,0.005941810868528486,139.27337065603484
min,-2.1527471590972667,-1.1441898466523057,0.0016796198019727606,0.0010473115600093238
25%,-2.024586646830334,-1.0799126076779906,0.0053118695473952995,4.423631992048389
50%,-1.95043639150289,-1.0114689819519946,0.010465734722645368,9.824353006402985
75%,-1.59211955220309,-0.7147447977873608,0.01560658304176217,43.31644251614861
max,-1.332420237176032,-0.5487223853280989,0.028566543622755527,1431.2578479891097
