,X,Y,SPEED,CURVATURE
count,180.0,180.0,180.0,180.0
mean,0.2724417857386103,-0.014242231462506938,0.01070899705887275,66.249305511282
std,0.1859560481349291,0.09618536336575528,0.005603553316653046,220.32973807063848
min,-0.13246190084934847,-0.3139823946538576,0.0010564135214675896,0.18895429797325378
25%,0.12865421383511505,-0.04791707816694153,0.006168787429392632,4.679166877057445
50%,0.3328029425971223,-0.019151828904961248,0.0108470403276953,11.002644421196155
75%,0.41804739440788896,0.009776405282793412,0.014606478887051088,31.18677645634397
max,0.5193647647016192,0.17546185053744298,0.025607315923926132,1913.3560455064946
