,X,Y,SPEED,CURVATURE
count,180.0,180.0,180.0,180.0
mean,-0.8869366328644575,1.420709564933357,0.011951293584305451,27.569065594420923
std,0.1471966691076875,0.2018790388925037,0.005325827534809192,50.14846967988765
min,-1.1195420622962295,1.1171411857772608,0.0012870216416778493,0.04700676694076196
25%,-0.9915123497298004,1.2827413325843613,0.008017885669644976,4.73155288358211
50%,-0.9161590259302275,1.3589447929088125,0.011888594764046686,10.8151918705307
75%,-0.7843522213719751,1.5838903696385935,0.014950542548330597,29.66851535059922
max,-0.5256935294818171,1.7794115726959265,0.025872838122568433,454.772448637097
