,X,Y,SPEED,CURVATURE
count,180.0,180.0,180.0,180.0
mean,-0.06090931391024203,-0.4700054531561974,0.01262247663080457,30.862673460315815
std,0.3746270016969015,0.2229047980795529,0.005777503933389174,78.46257170383892
min,-0.5339800366552799,-0.8753744308506004,0.0009358551945224291,0.05219020979387359
25%,-0.4961892772627547,-0.613607925217148,0.008682493771939663,4.7051449351963015
50%,0.029819799197740242,-0.525138158602398,0.011981051882428116,9.146541156358497
75%,0.3242654050554019,-0.2673267227022872,0.01717840633997594,19.343453240800155
max,0.3841531964880776,-0.08424520592981256,0.027435028179716832,646.095695494939
