,X,Y,SPEED,CURVATURE
count,180.0,180.0,180.0,180.0
mean,-1.0017954632099886,1.9068308930712745,0.013034945728809295,35.21618822307149
std,0.41445959322231407,0.23866831116151485,0.008315777473608262,76.75403415528157
min,-1.4801558914608206,1.3221318841967316,0.001634741418547383,0.03941502613213711
25%,-1.4295644045249307,1.842003838377962,0.006325793869762746,2.8149289850617594
50%,-1.1878070943240615,1.983473478157658,0.011331228813383994,6.361796050463296
75%,-0.5643425183078616,2.07665185612087,0.018229957498811004,25.499077481964694
max,-0.45804899669371185,2.140631690449868,0.03611684617599119,445.56387999172273
