,X,Y,SPEED,CURVATURE
count,180.0,180.0,180.0,180.0
mean,-0.5030289241295086,-0.5548686156322543,0.011346120781133472,31.92517462614052
std,0.2491682400523294,0.1595177674594402,0.004870510332217202,134.50812928923577
min,-0.8043131525102533,-0.9467506104721906,0.0010254824727340163,0.223290395563529
25%,-0.7251223828345874,-0.6262938353739103,0.007994758228990031,3.8592945583915004
50%,-0.5483572187939605,-0.5373488041851715,0.011144501068703868,9.275877583456436
75%,-0.3744594567477967,-0.4420698495463819,0.014325764479969593,21.40859766027976
max,0.07753458571508166,-0.3004313675218157,0.022778614802098588,1694.8275887794712
