,X,Y,SPEED,CURVATURE
count,180.0,180.0,180.0,180.0
mean,1.6839161697794813,-1.2637033562123563,0.012042356598417295,25.523315193868278
std,0.2355076933968494,0.18302802297585063,0.005017016248866291,90.80610830015151
min,1.2023134032357117,-1.6644024551203938,0.00231798182020216,0.04578023591010963
25%,1.5572212882999268,-1.3432339985782495,0.008652094864845153,4.341265217975918
50%,1.6629694864385092,-1.2566015986354215,0.011112096538601051,9.581634526653733
75%,1.8843199831809763,-1.1153781467109438,0.014450055133242937,24.46883464932663
max,2.0308588210210483,-0.998868054783003,0.028874164724868076,1186.3075685242343
