,X,Y,SPEED,CURVATURE,ARCLENGTH
count,180.0,180.0,180.0,180.0,180.0
mean,41.39355833333333,94.11695222222218,0.4564256750795706,0.2180713245612793,36.35196701238736
std,7.06896922081222,8.277008852111251,0.19451065506378692,0.37500197786022954,23.678498911384267
min,30.471400000000003,80.0356,0.1628304409500905,0.00043441663227829403,0.0
25%,34.122425,89.27035000000001,0.30694968444860454,0.02861078085346604,13.193894151823393
50%,41.30590000000001,94.63055,0.42226156693988226,0.0773953667154705,35.35277238769986
75%,48.6694,98.31475,0.5761182457148977,0.22083319280172287,54.267939002540025
max,51.087500000000006,116.55170000000001,0.9247382007898197,2.518312014826158,81.84667524792896
