,X,Y,SPEED,CURVATURE
count,180.0,180.0,180.0,180.0
mean,0.7022476232673676,0.9445329635613332,0.012935851073871997,54.94509674203654
std,0.20327164741644108,0.1814235194928184,0.0072763016347349154,183.05657448850658
min,0.3218339825182949,0.6750079523137323,0.0014738674711835982,0.005152255890836415
25%,0.5069961591555596,0.8103887965801211,0.007594222402028018,2.696308471305948
50%,0.8176585211142263,0.945064987405762,0.01175106497957712,7.8842958565471255
75%,0.877341083234493,1.0466370207653277,0.016948533408779387,26.382331633656072
max,0.9421821589262265,1.3944101709402907,0.03701520867691514,1597.3392621062812
