,X,Y,SPEED,CURVATURE,ARCLENGTH
count,180.0,180.0,180.0,180.0,180.0
mean,11.658277222222225,44.885517222222234,0.6246616813616012,0.9297032624460773,59.88266187397393
std,8.068669158093813,17.07250389237223,0.4656206132315096,3.897454536050156,31.132050838469826
min,0.2872,13.423300000000001,0.0505328605958539,2.7383355788982808e-06,0.0
25%,2.6086,28.90115,0.2698127683423506,0.016240489711531435,39.1598420010935
50%,11.7284,47.393950000000004,0.4490253208119753,0.09717212406153342,56.445810036062866
75%,19.2692,54.328175,0.8846951903707294,0.38930486935292274,91.04694862514555
max,23.9802,81.7191,2.024698165159441,42.295578661389094,112.43697389692915
