,X,Y,SPEED,CURVATURE
count,180.0,180.0,180.0,180.0
mean,2.088414508276116,-1.113161730030782,0.013584439010145053,30.442681060401682
std,0.3862912472393958,0.20672291723431405,0.0061153172458336316,94.93627573416036
min,1.5882508827791952,-1.4118729130511323,0.0015870705360376736,0.16599732180145793
25%,1.7617956805160375,-1.2851963561576756,0.008786472060387865,3.134516867025252
50%,2.0048568916910074,-1.1344680103012816,0.013180382940635019,6.837481049643209
75%,2.4259494234292434,-0.9679956218617455,0.018238053943091716,17.76759916073645
max,2.741737910113236,-0.6839484204227377,0.029075370847599098,787.2360367169728
