,X,Y,SPEED,CURVATURE
count,180.0,180.0,180.0,180.0
mean,-0.35254181218777,-0.3010188985500974,0.011781527227075251,51.9744813279425
std,0.21217573737326775,0.16988938891681377,0.007307668600432047,195.88474968926957
min,-0.7224154980115555,-0.5306062653543234,0.001168244200731515,0.031267493316122594
25%,-0.5106989041361707,-0.46787941157603774,0.005786039298049574,2.716067182521164
50%,-0.4067918221927621,-0.29222671648158094,0.010592533327749922,11.502365272367113
75%,-0.11373582725364999,-0.14355580032527526,0.015384848128758568,36.829867252952276
max,-0.05281412923121638,-0.037890648586424894,0.03582486787186118,2461.836314430282
