,X,Y,SPEED,CURVATURE
count,180.0,180.0,180.0,180.0
mean,1.3508520575772283,-1.7912249980668977,0.01291978128779247,38.8359612163787
std,0.2301173920463327,0.32547119302511013,0.006120120696833305,188.59271664422408
min,1.0018231168351746,-2.187969079537866,0.0016153312702411843,0.17699769509794042
25%,1.1697859412466522,-2.0860283281108547,0.007589009134777124,3.719542137205651
50%,1.349292677882774,-1.929146650205121,0.012214024293754726,9.96613904741423
75%,1.626883951740259,-1.4268726507446012,0.017498713542891772,25.991785232012358
max,1.6827728678783085,-1.316353636095151,0.027624365884267237,2415.483001905582
