,X,Y,SPEED,CURVATURE
count,420.0,420.0,420.0,420.0
mean,0.33098661809070207,-0.7893636603315242,0.011420865404385732,23.739921360085116
std,0.3026330015762469,0.2520346126157356,0.004884842575800901,127.56386917048742
min,-0.3142080966289641,-1.3249862892980304,0.0007482035831647869,0.003529311759017727
25%,0.05621969785037421,-0.997490575205046,0.0077814119039213295,1.3581148687718625
50%,0.5003450761775419,-0.7302457421435999,0.011989920583316074,2.657816155412783
75%,0.5708906807591932,-0.6088638151537082,0.013593930789615773,6.175983169419725
max,0.6303015509819521,-0.3621566560904628,0.026316264603176175,1473.3588696138693
