,X,Y,SPEED,CURVATURE,ARCLENGTH
count,180.0,180.0,180.0,180.0,180.0
mean,19.72215444444445,56.432921666666644,0.8789460134775041,0.5290376608018511,78.24703365423973
std,13.586312510755974,19.09126409929634,0.5058933750747003,2.3726767606610237,40.973344594199226
min,0.2786,31.671000000000003,0.0468993070311306,5.1678159637696185e-05,0.0
25%,2.862775,41.717125,0.5494807308033868,0.015979061205971788,46.50199984209014
50%,25.63635,51.628600000000006,0.7971727710844579,0.05128589820194379,84.48328878280633
75%,31.205800000000004,66.72685,1.1290736455864943,0.19059898673276213,109.12224410816697
max,36.6942,96.77090000000001,2.393448936681123,28.27057925720773,157.2332276942791
