,X,Y,SPEED,CURVATURE
count,180.0,180.0,180.0,180.0
mean,-1.7454465758801603,1.3090145400263293,0.012007503802124717,37.92532058348601
std,0.19923074355991896,0.12119736787152129,0.005773477114542335,142.54273691191403
min,-2.0356767230694657,1.0406819404286767,0.0007877941303451188,0.018631715350979263
25%,-1.9256167369463388,1.2366958779759238,0.007999603081756896,3.6942359809839385
50%,-1.7497523889052227,1.290103569181262,0.01096584095977795,8.748984268564033
75%,-1.5567251065014531,1.3851765409596428,0.015223436076285774,26.64532288708728
max,-1.442909895338613,1.5657268188626434,0.026328624466487382,1743.5151733894716
