,X,Y,SPEED,CURVATURE,ARCLENGTH
count,180.0,180.0,180.0,180.0,180.0
mean,68.10487944444445,23.991173333333336,0.4605018232270814,1.106242720246874,41.70257845383669
std,9.79822964472686,2.1890558422046937,0.2744833121670432,4.522815141766913,27.868576108670446
min,49.5307,19.876,0.05423329235810747,0.00027918159378739445,0.0
25%,61.391575,22.27595,0.2480853986017314,0.016384850085295298,14.037042531005985
50%,66.72295,24.446350000000002,0.39051030723066343,0.08866346771319,42.40921629459571
75%,76.49735,25.664150000000003,0.6656514551423398,0.38544381545819956,67.85807111312941
max,84.2371,27.9445,1.146037395768569,37.15739508302218,82.85880752544799
