,X,Y,SPEED,CURVATURE
count,180.0,180.0,180.0,180.0
mean,-0.32387859041105416,-0.5833070335898052,0.01417645220084727,27.335463533085836
std,0.4105216895326718,0.1313841715450483,0.00728744303127249,65.62711646648506
min,-0.8674690104734107,-1.0782438698763182,0.0016130250644675681,0.0348901914138277
25%,-0.7340030231359267,-0.6447746522752721,0.008388924671640707,2.6449846777649912
50%,-0.30714049686973816,-0.5485399363238337,0.014054443720342726,7.3350448191893864
75%,0.06453681488849697,-0.5034443439427972,0.019601558722166443,21.20282145485398
max,0.26652623384149915,-0.4256156513886398,0.028853492346908184,607.3534790695471
