,X,Y,SPEED,CURVATURE
count,180.0,180.0,180.0,180.0
mean,0.18184036672589127,-0.3417698945865004,0.010047116674362006,80.87267501680336
std,0.24744186069243382,0.16085219056308456,0.005237697474332602,388.07540924196263
min,-0.16454840566284765,-0.6743397339967496,0.0007356561208503892,0.09275177584479864
25%,-0.10121922229602953,-0.4321920499064423,0.005808555117987642,5.016600247323866
50%,0.2741413541478769,-0.28651684375550623,0.009964283811091098,11.854322120633164
75%,0.399708627656407,-0.2439075985777657,0.013061580112356985,32.91574420281113
max,0.5582724602928749,-0.11040552117247353,0.024324688231458457,3758.1341157247507
