,X,Y,SPEED,CURVATURE
count,180.0,180.0,180.0,180.0
mean,0.8976786984916963,0.19470345009054452,0.010966368878008642,45.84922742795138
std,0.274134077005436,0.20165563702866163,0.00516082214059276,217.9440869522678
min,0.5609183394985564,-0.28476810913391093,0.0012416881955621634,0.12771860183839148
25%,0.6745936777229233,0.06770821770366098,0.007280133762804421,5.339415389993969
50%,0.7619887321882723,0.2475527840931166,0.010313013202598944,13.221747753725449
75%,1.2331104911179032,0.3468504952486249,0.014367982620076958,31.910524843241767
max,1.3149471059139013,0.4630005987703378,0.024718529247427637,2730.6150818791707
