,X,Y,SPEED,CURVATURE,ARCLENGTH
count,180.0,180.0,180.0,180.0,180.0
mean,22.97994777777777,-12.777556666666664,0.16726879133071715,0.5069970094958764,16.072855015533346
std,6.481710734785716,0.6467654082488201,0.06074540056235024,1.576498951376364,8.55561753808703
min,14.9528,-13.588600000000001,0.02754360179787633,0.0012361841283283972,0.0
25%,17.978275,-13.27325,0.1276801333025045,0.028718793980679305,9.235313792317172
50%,21.065800000000003,-12.974350000000001,0.18132731587230366,0.06621694047136661,16.560955522779736
75%,27.670125000000002,-12.263225,0.20455755991158137,0.23463714368445443,23.53946231495242
max,36.8412,-11.5545,0.30118658668672676,11.87327813771266,29.885686022037792
