,X,Y,SPEED,CURVATURE
count,180.0,180.0,180.0,180.0
mean,-0.6471970334837972,-0.0018629900908902909,0.011483461267325374,58.47383393955732
std,0.09154093494508979,0.3468954930415414,0.005585238228603366,198.6701794460963
min,-0.8072218461356924,-0.5213545518147877,0.0007478090812915437,0.10023390205787443
25%,-0.7230494052455029,-0.39803741100017287,0.007382542396013858,4.90128079357379
50%,-0.6417446287681108,0.14431098150697938,0.010847946654856042,10.30085719940312
75%,-0.593343468597968,0.3048200965803802,0.016412188483511267,29.173745286932828
max,-0.3706566041667839,0.3935798949116356,0.023624627197401073,2001.768990681944
