,X,Y,SPEED,CURVATURE
count,180.0,180.0,180.0,180.0
mean,-2.019007060252066,0.7662365642931512,0.01311552938670064,37.73566271872267
std,0.32584344986335806,0.17918556700588764,0.005963559010772764,121.55164096528831
min,-2.459282136670349,0.3866635215981287,0.0011157818591228546,0.11750174264800965
25%,-2.362907312866276,0.7054725392496475,0.008560328385280444,3.1422525616801966
50%,-2.033782700764705,0.7843852115946877,0.01271790569706669,7.889421281538205
75%,-1.7168459647727816,0.9310792616737416,0.01804092046695587,17.852105778023986
max,-1.459837747331577,1.0060469434353583,0.027561009698734453,1071.5398121562419
