,X,Y,SPEED,CURVATURE
count,180.0,180.0,180.0,180.0
mean,1.0639734815797985,1.7144298758614611,0.012269163933370146,184.7576085959505
std,0.30660546052784393,0.2744582290887806,0.008149048218760828,1172.8836039066653
min,0.5862373268412407,1.4329671224607916,0.0003517093425564938,0.028744174293007557
25%,0.7201572479596833,1.5823082286580323,0.0058836483298034805,3.4978063885596242
50%,1.096612233274087,1.6010929933164593,0.01033620741050063,11.396927460259988
75%,1.3426250205224137,1.6944393556100832,0.017567905693428344,30.65167435035622
max,1.4544093408128795,2.3632340984026756,0.031452084692949224,14359.058182522102
