,X,Y,SPEED,CURVATURE
count,180.0,180.0,180.0,180.0
mean,-0.19832973502397905,-0.06265834236971018,0.010094559558436503,39.88999099638818
std,0.1833503844003727,0.09854546933822116,0.00467128782849625,99.40330447466155
min,-0.49833058687993637,-0.21194214277051676,0.0009137773320806744,0.011045550371939368
25%,-0.3632562849386404,-0.14165590606667275,0.006425940177324308,5.0241764917800165
50%,-0.20100210579367794,-0.04998931446572645,0.009820560053078298,11.739034596497362
75%,-0.030314989487871303,0.008661146024941398,0.013444963077976903,35.878194180152505
max,0.11401851286705458,0.21594137666737645,0.0219217138734667,950.9113454112371
