,X,Y,SPEED,CURVATURE
count,180.0,180.0,180.0,180.0
mean,0.4367728549338462,0.24638828347746486,0.010865448437920842,44.542254200821745
std,0.13640914072872834,0.21204390573983284,0.005379223382215434,115.27811503828413
min,0.2926465542835251,-0.21113306845740992,0.0008256846041000965,0.16066227515964462
25%,0.34741014928858277,0.1755226648176044,0.006981938294993426,5.976530510255054
50%,0.3813957297720263,0.30912323789365825,0.010151075174284364,14.528923539963507
75%,0.4513445053350863,0.40502023707761786,0.0144420091585711,35.01234351120248
max,0.7729622929969708,0.49080033439299436,0.027307572067186325,1140.2786806933834
