,X,Y,SPEED,CURVATURE
count,180.0,180.0,180.0,180.0
mean,-0.3215502146840083,0.9225968567815261,0.014093693933426275,29.2987055208315
std,0.16043218462299605,0.3845042507279424,0.006724075849748294,93.0975445604113
min,-0.5934231606699734,0.48761616257205537,0.001490819850572133,0.004481216346248734
25%,-0.4877224252404557,0.5841235527684985,0.009410866363219994,2.1910864245786605
50%,-0.26667518501617526,0.8406371019092758,0.013509785970445278,8.256960090632084
75%,-0.21759384671273446,1.1040407312636784,0.01735291344620895,20.143393275060294
max,-0.05685703905728157,1.9656142724946017,0.03349666214319979,1086.1430270950113
