,X,Y,SPEED,CURVATURE
count,180.0,180.0,180.0,180.0
mean,1.5917065529867807,0.8675261713969215,0.010632284819300196,53.764095548128935
std,0.17572944202402044,0.17768513691694623,0.005653922678155993,172.07427655371993
min,1.3623750662503353,0.6420158603407211,0.0011825888605872246,0.12363579958209661
25%,1.4166730467535174,0.750052535784003,0.006704588950627756,4.737336042319741
50%,1.579487617213787,0.8251799070240429,0.009479425384411471,12.624576584955394
75%,1.7561199584448166,0.9203332299428166,0.014335832495196401,40.11342683370542
max,1.8915772542933804,1.2711913377005024,0.02714519719978388,1815.0570669841816
