,X,Y,SPEED,CURVATURE
count,180.0,180.0,180.0,180.0
mean,-0.23965503733564175,-1.3266044050072239,0.014073412802483655,23.74137828290563
std,0.22893448985260378,0.27630918041490016,0.006260742103924612,57.825118995510906
min,-0.5280140096570654,-1.8692409141616588,0.002361776115779832,0.018383645247535302
25%,-0.4548841811876525,-1.518662195950387,0.009406980820331168,2.7756607685098307
50%,-0.26726495751145485,-1.3719771569167651,0.01354582960951161,7.299758985105106
75%,-0.07721876871540301,-1.2325465990889164,0.01864629785206441,17.649858350982406
max,0.17041019722117504,-0.6841008535840115,0.02991924064986441,589.4266600381703
