,X,Y,SPEED,CURVATURE
count,180.0,180.0,180.0,180.0
mean,-0.0824883978975474,-0.10609168381483912,0.009713380262336329,57.16085182286178
std,0.10803662539268814,0.1890284636182903,0.004387951311213025,176.23198521534644
min,-0.29974479294365813,-0.32979872867088306,0.0002346508658168157,0.14485742883332006
25%,-0.1429454945056245,-0.25195836314902265,0.00669048322600567,5.706015631344286
50%,-0.08075864987223684,-0.20774292268322803,0.009531092327271149,13.043661905495217
75%,0.010471067441603959,0.15149689662580842,0.012548498068433276,32.209493609851144
max,0.1411434614219006,0.21225651764238776,0.021911673065650682,1544.9516223190485
