,X,Y,SPEED,CURVATURE
count,180.0,180.0,180.0,180.0
mean,-0.16460214528944617,1.044959479773131,0.013468090395359058,99.13347348029886
std,0.3761623653413752,0.15731159245481113,0.005973314341983456,804.1905691333897
min,-0.7831450216694968,0.8129733572665041,0.00028686240762142265,0.06490284015207506
25%,-0.5444500047117687,0.8829412675859618,0.010078742457294202,2.5828010392097878
50%,-0.03370955484920547,1.072049496445337,0.013325274966329254,7.038107892202721
75%,0.07400921706141882,1.1721265047028855,0.01679965568062314,18.6034888339332
max,0.493147841462934,1.2955548279859983,0.02857227474140133,10377.319519672179
