,X,Y,SPEED,CURVATURE
count,180.0,180.0,180.0,180.0
mean,0.2645012002924419,-0.3209775122369392,0.011768293303986016,35.58883567115817
std,0.24218424511595438,0.1985002494606341,0.00557379092474385,106.72419240261829
min,-0.14649461943383305,-0.6789517329473447,0.0016636904578003913,0.015051638231278246
25%,-0.031191793682508618,-0.4454623701212115,0.007016101742990239,4.554313223206883
50%,0.3458431426198248,-0.327536691739152,0.011431306222384929,11.669656361070942
75%,0.4459806014685441,-0.2654686778196885,0.015794572094109425,27.562434784012293
max,0.5932735110285068,0.17178181367517245,0.029152640820667725,1261.933193363321
