,X,Y,SPEED,CURVATURE,ARCLENGTH
count,180.0,180.0,180.0,180.0,180.0
mean,0.07797499999999997,0.27262777777777786,0.009557672987014553,21.791753115050284,0.9899619632128128
std,0.3729965991839515,0.07593070794113511,0.004387663427501178,137.53555392341525,0.517790659027264
min,-0.6687000000000001,0.1824,0.0007017834423809038,0.010951588630907163,0.0
25%,-0.2068,0.21335000000000004,0.006027798823742002,1.188888700975007,0.5459606280249288
50%,0.23105,0.25160000000000005,0.008686920548861665,2.725236841764964,1.1769704533984164
75%,0.366075,0.33105,0.013262792869625919,6.547281783324596,1.398657367113099
max,0.4808,0.4501,0.017406392503904983,1616.6208804363112,1.7146788094299412
