,X,Y,SPEED,CURVATURE
count,180.0,180.0,180.0,180.0
mean,-1.6889425584383329,0.026913810471941208,0.013406059135467965,181.0429061636289
std,0.15592189994055727,0.29969475262760525,0.006143310961890456,2133.5664692231862
min,-2.0375358469553335,-0.4064889534140712,0.0003125137276161225,0.036572803031777776
25%,-1.7483623983717012,-0.2559757060041319,0.008727739637908575,2.342478938676178
50%,-1.6773118727651495,0.056421874811445887,0.013769085857642027,6.692985963155927
75%,-1.577843586899552,0.3159051301477186,0.01661534481477597,14.806337610389175
max,-1.450537863218387,0.47698965248897934,0.03315399518369363,28635.74005947942
