,X,Y,SPEED,CURVATURE
count,180.0,180.0,180.0,180.0
mean,0.05023376424332333,-1.823135210582337,0.010693537619228309,44.47212798667643
std,0.2983434164939315,0.1674696635837753,0.005095658829928551,192.36486884602803
min,-0.4324001503417642,-2.1716523795500855,0.0008016809990925375,0.10851801959686812
25%,-0.24318471359546437,-1.9089042065137258,0.006727473042389615,4.621929232892365
50%,0.04748955179872121,-1.8359392148927596,0.010507610004668934,11.11160439645054
75%,0.33413713015716767,-1.7090684020758857,0.013234961800232498,33.56476369122425
max,0.49133301529220824,-1.5391988930769276,0.03145314676412326,2398.964128479232
