,X,Y,SPEED,CURVATURE,ARCLENGTH
count,180.0,180.0,180.0,180.0,180.0
mean,-0.8918916666666661,1.264953333333333,0.0070780409753775225,39.13677810804197,102.40947727707292
std,0.1722194082182352,0.17694524463168076,0.0035448723461645867,181.80253176634753,68.55011116838595
min,-1.0266,0.8794000000000001,0.000500000000000056,0.0984631083860835,0.0
25%,-1.008625,1.1544750000000001,0.0039776082705506675,1.4677695920486855,38.768656003565226
50%,-0.98685,1.2776,0.00689575222294533,4.460439962847064,98.37807006664491
75%,-0.7816000000000001,1.430075,0.009951632993773845,18.803302965780688,161.606717881249
max,-0.5462,1.4914,0.014203960715237178,2199.9999999992656,225.93295025443499
