,X,Y,SPEED,CURVATURE
count,180.0,180.0,180.0,180.0
mean,0.6828604616694853,0.6208746652398337,0.01108412033014174,117.66108564176191
std,0.24749173115846682,0.30161017222263276,0.00842265469741698,819.0735498179347
min,0.2966812945597697,0.16291644973179242,0.0006262384046366624,0.042454227306408125
25%,0.47693509543692353,0.34890498800900704,0.00496307060436797,3.5473795785732816
50%,0.7940088288710705,0.5521096252017517,0.008190584962706178,16.360004663815204
75%,0.90509875375469,0.9679405004951169,0.013686399144911852,54.82761243721116
max,0.981542077753377,1.0304904104987598,0.03426291856938433,10931.105027013778
