,X,Y,SPEED,CURVATURE
count,180.0,180.0,180.0,180.0
mean,0.6257251191147516,-0.9202676345544029,0.014296642227864281,47.92225931567148
std,0.21630380343757216,0.2397728338408077,0.006407467072499622,257.60271943150224
min,-0.026989748519690757,-1.41129516329379,0.001015330377850446,0.09742858361975854
25%,0.5517243534404226,-1.0932949299960741,0.010005759953645976,2.59112658389822
50%,0.6655621473602839,-0.8335132185572969,0.014461509294134605,5.841925172647907
75%,0.7827806914737802,-0.7542654967592495,0.0185348115003705,17.004479442030352
max,0.9003370267925914,-0.60384377437557,0.02796920100070322,3165.652548818261
