,X,Y,SPEED,CURVATURE
count,420.0,420.0,420.0,420.0
mean,0.16244149429781674,-0.6892227352634253,0.010822056676725708,24.373529366347135
std,0.2299397473065662,0.4304302688270846,0.0041295420533282575,205.1576415583261
min,-0.18805245829668837,-1.463994458601076,0.0005091742733355987,0.004510481319961732
25%,-0.029701659771291716,-1.0901407037755402,0.007972176150857418,1.1543106099268954
50%,0.14326616168810238,-0.6377532948875515,0.010863835190164234,2.284845301049386
75%,0.3387007524541374,-0.2700369899530794,0.013981703399879199,7.0239464591214515
max,0.599534349019563,-0.1428565211577047,0.019361944091564526,3210.181117393129
