,X,Y,SPEED,CURVATURE,ARCLENGTH
count,180.0,180.0,180.0,180.0,180.0
mean,0.2293016666666668,0.7628227777777781,0.004465803734212518,44.49936492612383,0.36819480702926105
std,0.033395477690363974,0.12426925345945121,0.001920177280789018,125.50640057287168,0.23788224310123074
min,0.17,0.5691,0.000806225774829835,0.0,0.0
25%,0.20884999999999998,0.655625,0.002926174977679919,3.2450267385004317,0.14377165659211247
50%,0.22715000000000002,0.7571000000000001,0.003886332501520956,10.93190453921893,0.39646766027457636
75%,0.2475,0.8760000000000001,0.006006349117018143,40.82605423951006,0.5825972257325428
max,0.337,0.9698,0.009233904916123005,1359.6115137663853,0.8004260811597091
