,X,Y,SPEED,CURVATURE
count,180.0,180.0,180.0,180.0
mean,-1.117281597976537,-1.1607516200100538,0.015956231532932602,22.885763339102237
std,0.39136938509392405,0.24187204006297439,0.007183232630563394,79.0582566006305
min,-1.7849929699693001,-1.7992681452038568,0.0012946782614014854,0.04979210322619021
25%,-1.5144379859219963,-1.1617907838135948,0.01127968880410492,1.990856321581717
50%,-1.0904547422984754,-1.0901309379471424,0.015374253168487286,4.834721225203618
75%,-0.737796182130328,-1.0019868172966448,0.021294192160534447,12.242431812094834
max,-0.6015402747129684,-0.8144385643426042,0.03207635693209371,952.251783064176
