,X,Y,SPEED,CURVATURE
count,180.0,180.0,180.0,180.0
mean,0.627160789175621,-0.6659410467098499,0.0133513200241446,63.205143573396455
std,0.28491608043796063,0.3323015714041579,0.007958301557749596,255.4213203587951
min,0.1799169644934502,-1.165244139594898,0.0008314692314712286,0.028342349353798046
25%,0.3508836964047073,-0.9774636395652088,0.006980598475884328,1.9624493337362183
50%,0.7051235245098516,-0.6386730829208431,0.011283332546663036,7.109101901508647
75%,0.8091921078159365,-0.3145723225726858,0.019450300064643423,19.30700666444253
max,1.0805147357944938,-0.2357414310842582,0.03042794428926452,2398.1317588428087
