,X,Y,SPEED,CURVATURE
count,180.0,180.0,180.0,180.0
mean,-0.6329595234030929,0.09514108248803807,0.014312265134898496,23.824355351324904
std,0.3838363647394851,0.2062378374910656,0.0061831529768267566,59.78386880231444
min,-1.112745713923225,-0.17365299687464497,0.0018435812217156874,0.12168690502160372
25%,-0.9109855396164618,-0.06234386069167071,0.010187756351212229,2.6971100514049904
50%,-0.7724114439343082,0.018826247254236275,0.014360368343759956,6.7498340181862115
75%,-0.47133627517493026,0.28653455648522663,0.017725873408051807,16.89030830101496
max,0.25238921461850206,0.5094932504286204,0.03036455455562994,498.6718245285054
