,X,Y,SPEED,CURVATURE
count,180.0,180.0,180.0,180.0
mean,-1.3982783606638116,2.2027328004863382,0.010554659294594962,125.9371422802832
std,0.21869560240761438,0.12541648000543595,0.004887792499444145,896.145918274814
min,-1.7969167601167142,2.0031937414938294,0.0004611354596580922,0.057576237040167594
25%,-1.5592011625529225,2.0906882591463996,0.006715461192728645,5.126941331666897
50%,-1.4846433061427464,2.1968988226450827,0.010311444611856247,12.760894118402032
75%,-1.1850935156816969,2.306123053806229,0.01374640059393295,29.705323750324755
max,-0.978359618340895,2.4925962849276733,0.026094883467747652,10997.622696328366
