,X,Y,SPEED,CURVATURE
count,180.0,180.0,180.0,180.0
mean,0.2452016524372764,1.3807023933481093,0.009033724833276231,95.45550489912158
std,0.07511507493193977,0.16528791443672683,0.005156600245873981,272.89297598030686
min,0.1466275090436119,1.1109453076235956,0.0007081986135943983,0.012901298795523214
25%,0.19000043799009514,1.2123754119830115,0.004594563132304169,6.9459822544582055
50%,0.21481018452178405,1.4114219389053944,0.008958485593563444,17.093988164219557
75%,0.28913352311443075,1.4916758335126283,0.012795644682447115,58.180280004658144
max,0.44552431930386865,1.6631329534905759,0.022153765922043413,2078.1559106681575
