,X,Y,SPEED,CURVATURE
count,420.0,420.0,420.0,420.0
mean,-0.1415933548802756,0.671225668418507,0.010564018826733083,20.10047012691607
std,0.18263661505189352,0.45090914547290467,0.006823483999785253,56.852123163943986
min,-0.3529948147346072,-0.007608290317284275,0.0008388754834562718,0.006986242466146834
25%,-0.2821408123043452,0.22396124760610314,0.0049779606012788115,1.3797805841096749
50%,-0.21484461580122316,0.6160628792979792,0.009231060338843775,3.7287086125113236
75%,-0.049549292946967124,1.164463716856333,0.014715585720055824,12.10335756986176
max,0.3940724198810811,1.3451647421125383,0.029817402471840608,607.8664435184894
