,X,Y,SPEED,CURVATURE,ARCLENGTH
count,180.0,180.0,180.0,180.0,180.0
mean,36.75678499999998,59.17385055555559,0.49826087743802533,0.8854309718170434,42.38938675727918
std,10.820727797859087,3.4625777893203598,0.3217518007714758,2.155129731392541,21.41535394240168
min,15.484,51.516200000000005,0.050472269614118534,0.0003513335653213948,0.0
25%,29.763475000000003,57.578625,0.20713508035003086,0.016888638172135265,29.63950448993397
50%,34.467,59.31215,0.45099670948462023,0.045260337164083175,46.019364930486745
75%,43.7106,61.55085,0.8011197203567827,0.47392395902312257,51.85346688228707
max,66.8291,65.9722,1.1553614867217954,15.32695194907708,89.27409181363718
