,X,Y,SPEED,CURVATURE
count,420.0,420.0,420.0,420.0
mean,0.2942883668960446,-0.30633650517333727,0.007123722587671771,109.8597763706027
std,0.11262191365364198,0.2134419204336877,0.0039352699575229,1311.4807203042474
min,0.07799633499848287,-0.7493086207229658,0.00014462226636533058,0.01046437017354417
25%,0.2034152525665733,-0.4515728336169648,0.003787162830146771,2.5762992478873668
50%,0.2751770941648263,-0.23593318949990272,0.007108401514588317,6.597952300135447
75%,0.40278374241560155,-0.15328879224376518,0.00983530624601689,17.223538865765907
max,0.48658983942630174,0.020874947606392694,0.01604093702155842,26301.291075864887
