,X,Y,SPEED,CURVATURE
count,180.0,180.0,180.0,180.0
mean,-0.7022551733795849,0.3638452792854085,0.009794380430361597,76.6185621351591
std,0.10844927035139107,0.15269553713627804,0.0054769003782710254,425.5947876795575
min,-0.8603005000010963,0.103524025663836,0.0006388451196469255,0.18851744888697852
25%,-0.7685961790333032,0.23288720506641974,0.006158800734760209,4.481208262414167
50%,-0.7091821542281121,0.4012589948651686,0.008577858296504356,14.915416176785863
75%,-0.6870846063262263,0.4867952478090429,0.012624751235326203,40.31413270142501
max,-0.3886016720138681,0.6230296885117378,0.028399531482221557,5460.863497470605
