,X,Y,SPEED,CURVATURE
count,180.0,180.0,180.0,180.0
mean,2.0801385808502704,-0.1748473403425041,0.01344944696246509,35.78135359156106
std,0.23190813249753384,0.45783481964760453,0.006963144403852817,109.00246422519275
min,1.766326969776989,-0.9894482374355376,0.0014899155040615777,0.018544012299042904
25%,1.8794540390766445,-0.511040199333549,0.00765119894104235,2.958649834585166
50%,2.030646664365503,-0.09490297227123803,0.01225557729251059,7.336866227510679
75%,2.2969154124095756,0.2712999464745445,0.019933001251718388,24.2068866422542
max,2.5310574194184086,0.3930840936339596,0.027959406734325773,1059.6574141055012
