,X,Y,SPEED,CURVATURE
count,180.0,180.0,180.0,180.0
mean,-0.5170786427312054,0.48198016337099575,0.011917220017484282,40.602905859749455
std,0.1636188261393183,0.15332696598880027,0.00612844208989546,115.34681320641417
min,-0.7774289336549619,0.1987889016151133,0.0008532015528276699,0.045594665640660614
25%,-0.6425839293467842,0.3635659114587678,0.007610228288461201,3.324226667830089
50%,-0.5354241457048666,0.46592851501866694,0.0111035488223485,8.993259109001343
75%,-0.4055239991455424,0.6212883894605004,0.016010491046098058,28.898952521684457
max,-0.0868051787252826,0.7351195673097682,0.02605531551217194,1080.183231137317
