,X,Y,SPEED,CURVATURE
count,180.0,180.0,180.0,180.0
mean,-0.6227600164080219,-0.6863259157369557,0.008643307485710542,145.5725772053394
std,0.10320890094009363,0.15451119066767666,0.0050041597780740065,798.0269507112982
min,-0.8427214101867876,-0.9316995369740741,0.0005736569571832068,0.06166766478550903
25%,-0.6966156504320644,-0.8442203611883714,0.005057173635345098,6.333972522461119
50%,-0.6044846822976351,-0.6234422686120187,0.007047479772622356,17.445626337658048
75%,-0.5630714659295711,-0.5403004502202341,0.012166238964009885,54.06801465852919
max,-0.4522905354669114,-0.4811126845960786,0.022506357239158056,10374.908106036595
