,X,Y,SPEED,CURVATURE
count,180.0,180.0,180.0,180.0
mean,0.502307527976552,2.9827857750304343,0.011513975784298457,34.465402231075664
std,0.32526634851583563,0.19955642996944067,0.005099208098492173,100.00973232320798
min,0.08167516459000078,2.505149953719511,0.001018970324134285,0.2324427045596089
25%,0.24627198914970758,2.8416016735826997,0.007951401230479306,4.75993097489217
50%,0.3706742943672059,2.946987675574319,0.01065471599698935,10.270607253762794
75%,0.7850437256607368,3.180090294486883,0.015435744224999586,24.90750044512589
max,1.1589721301636449,3.293173018000238,0.026104140710707387,1112.8430141446172
