,X,Y,SPEED,CURVATURE
count,180.0,180.0,180.0,180.0
mean,-1.0724316975832424,0.8227000928946429,0.010686961003053289,137.505214959741
std,0.12860113673295093,0.2477678541016914,0.00631543254084841,668.2584838933445
min,-1.2720229759506694,0.5498314251353026,0.0002514685140983593,0.16898999960755975
25%,-1.1751605458152243,0.591447597554347,0.005485942732551027,5.287753641722832
50%,-1.0767780441073693,0.7841966267219954,0.009533361757561318,12.554042152296438
75%,-1.0119666924744506,1.0035930558357,0.01543818307148305,44.58917724084961
max,-0.8367419925606563,1.295204650771923,0.026978206375352386,6151.903705902316
