,X,Y,SPEED,CURVATURE
count,180.0,180.0,180.0,180.0
mean,0.9235447991001584,-0.9052237331581918,0.01170631648204436,57.39729785584617
std,0.254754121948029,0.08006012630096034,0.0061217567642074455,357.99882751812083
min,0.5491230645511858,-1.0311534928739559,0.0007600143569496502,0.18540663280268407
25%,0.6968366052073582,-0.9593891030638301,0.007201381323722273,3.775503901078069
50%,0.8814978500977373,-0.9174171681818779,0.010929425460214632,10.252442020800888
75%,1.165637420122404,-0.8768018043934129,0.014404667658814539,26.477046603087878
max,1.3454074638020515,-0.6759246407503198,0.033639468686420884,4675.597249712794
