,X,Y,SPEED,CURVATURE
count,180.0,180.0,180.0,180.0
mean,-2.9333161000509196,0.8527323762730408,0.010843573428844412,97.26248161514866
std,0.29418337771968356,0.13616243480634607,0.0058201316248607665,636.2819037520851
min,-3.2295455470770937,0.6073142415557065,0.0002740780223132895,0.0016812958611566536
25%,-3.1771015431908958,0.7642893428658071,0.006832655382054664,3.1888043370749273
50%,-3.0847900477886663,0.8214730926398277,0.009716384820272168,11.248170243041935
75%,-2.5707815306026913,0.9584707437052694,0.01452329407764515,30.76971127230756
max,-2.424802820408382,1.1633292764061578,0.025516324807285214,8407.196841841358
