,X,Y,SPEED,CURVATURE
count,180.0,180.0,180.0,180.0
mean,0.160393974127533,-1.0043696584979445,0.012101258933506788,19.42512568795448
std,0.40147876945429006,0.10359443220010386,0.005229917895879504,42.41231296124991
min,-0.3878438677320621,-1.1837466911800467,0.0028879862294035625,0.10014062269364989
25%,-0.20346624357916,-1.1030926152904126,0.008785809041957027,4.167103752244126
50%,0.06532263480842769,-0.9803068400461954,0.011000664856518957,9.26365066734888
75%,0.5774937243644014,-0.9167683133216797,0.01467454365682371,22.554385780498617
max,0.8180409448253155,-0.8537998195138907,0.029662879038318234,502.6486238334374
