,X,Y,SPEED,CURVATURE
count,180.0,180.0,180.0,180.0
mean,-0.5193665799897657,-0.6474622660781387,0.012278068629970917,28.907604116974127
std,0.2956908384957314,0.23354357551788826,0.0051627843114472015,97.43688950029822
min,-0.851948271342187,-0.9773697602948881,0.001416945272464717,0.015242809371391327
25%,-0.7205888149929087,-0.8552004188408764,0.009422882746605549,3.3318608288352847
50%,-0.6378316274795212,-0.7095621859216328,0.012131626391331085,8.332771462623562
75%,-0.33090435703060544,-0.42889497673323884,0.015009915402026137,15.904398591496651
max,0.1367602033643295,-0.28473972658287056,0.028610103693422317,1022.9067546402381
