,X,Y,SPEED,CURVATURE
count,180.0,180.0,180.0,180.0
mean,-0.5445411773664479,0.15946952614108173,0.008844731391015642,317.9316583586572
std,0.17761553475223135,0.05094191316765415,0.0049997405891047085,2157.452776416824
min,-0.8378290310761982,0.06130402507130354,0.0001916744825415784,0.3589156201555878
25%,-0.7034450296453574,0.11936580223562185,0.0046614401301792365,5.802060902739338
50%,-0.4683661353055712,0.15506085906807532,0.008159836591600998,18.024807343907586
75%,-0.41562885690904067,0.19466071609978078,0.013042959536054863,48.21848715809618
max,-0.2736102835620552,0.27360375200679254,0.021708630651661166,27288.545298733436
