,X,Y,SPEED,CURVATURE
count,420.0,420.0,420.0,420.0
mean,1.1684433231145517,-0.36440239974568994,0.009607267688290299,17.356063660870237
std,0.26228383838398495,0.2071323234283236,0.004197442112580707,101.4250171728018
min,0.5970039694971715,-0.7325897114111911,0.0006686065279241615,0.08133676296054194
25%,1.0065105938557393,-0.542048497587619,0.0062254434812811605,1.8321947768516746
50%,1.2665176420553361,-0.32480777303674524,0.009305869154080113,4.476093862307976
75%,1.3860018887173267,-0.2655958525006833,0.011998921829566288,7.9138793818499895
max,1.4666479252635245,0.03356996143545714,0.0198559486546954,1668.6423440342346
