,X,Y,SPEED,CURVATURE
count,180.0,180.0,180.0,180.0
mean,-0.6254405608903146,1.9241057585202022,0.01257635858180697,26.593057143483943
std,0.34471913123722564,0.11784391832751043,0.006083517258720124,88.89042487444603
min,-1.12279952094631,1.7089670414311835,0.0014976388128715955,0.034820900085799515
25%,-0.9421136692863572,1.8384547194425194,0.008679669750171716,3.37279693998092
50%,-0.6876144116964162,1.9292274390775401,0.011298268778177408,8.542810064333459
75%,-0.30573515691398545,2.005514816425163,0.016291490069274467,21.735222285904044
max,-0.08081023864070733,2.1982368158644543,0.032472283308547845,923.7862907936131
