,X,Y,SPEED,CURVATURE
count,180.0,180.0,180.0,180.0
mean,-1.2357052847550944,0.1325805438001043,0.00896901205541534,11481.986749499
std,0.22224270099524435,0.10199853185332054,0.005283969033649549,153113.40404752633
min,-1.496458047893714,-0.038540259081593295,2.3110420656186483e-05,0.004934383140210303
25%,-1.3844843387706822,0.06541150807267226,0.004396395525088282,5.9975145383831965
50%,-1.3480516605186108,0.09196039010370853,0.008604172019972343,17.32778780314961
75%,-1.0394755568174419,0.21917571328214663,0.012273918727690828,35.69472687656454
max,-0.7181006566411381,0.32104266982174695,0.024384499350761635,2054299.581070164
