,X,Y,SPEED,CURVATURE
count,180.0,180.0,180.0,180.0
mean,1.4598363348514893,-1.3640377893206097,0.011369210012809099,42.67242510995321
std,0.0982407783276124,0.38967385181251557,0.004378257089444213,240.70444189419905
min,1.2181753856344282,-1.926497224214755,0.000388442839603639,0.010384163863642836
25%,1.392474994891468,-1.735121501509529,0.008078967659274502,4.412036819171523
50%,1.435653041108575,-1.395928489515447,0.010834639880725116,11.275156271147626
75%,1.5190055703459762,-0.9447909885763548,0.014226726021684342,25.603546089582732
max,1.6574390273837227,-0.7619108895999827,0.023562612147273426,3178.729688291261
