,X,Y,SPEED,CURVATURE,ARCLENGTH
count,180.0,180.0,180.0,180.0,180.0
mean,26.86843777777777,62.7485,0.21937960127641618,0.8940306760923188,17.380258434635653
std,5.372422102517184,4.686085551714652,0.09884400342620205,3.195361605762129,11.225064169050713
min,19.8379,55.6974,0.01873032300842749,0.0005651447637941951,0.0
25%,22.157075,58.669425,0.14310183899373305,0.09758148497436253,7.571952579412569
50%,25.87555,62.51825000000001,0.20115719477367053,0.30320110363610453,18.18771024339639
75%,32.110275,67.285225,0.2970436201600326,0.8386230216336104,26.424634117990006
max,35.8725,69.4941,0.4451339798307916,39.96726211676978,39.29918110852535
