,X,Y,SPEED,CURVATURE
count,180.0,180.0,180.0,180.0
mean,0.3800906566628357,0.923519876388637,0.012126498562656667,50.14565197028945
std,0.19455527837279893,0.2504370919563954,0.006882161836464922,222.37752371110122
min,0.02713880739759221,0.43176675181877316,0.0010145600146594306,0.002583676489498151
25%,0.1996812250387088,0.7146724719527895,0.0063143620261957925,3.627277044506522
50%,0.4630479118090913,1.0000025118448972,0.011061483712969609,10.043441723362825
75%,0.5250812356295878,1.106289045119895,0.016940518878767324,27.03524038409159
max,0.6856091823018614,1.2987561318431475,0.02883376100723927,2648.214417690304
