,X,Y,SPEED,CURVATURE
count,180.0,180.0,180.0,180.0
mean,0.049391965481559955,0.08569012213229953,0.014998532964205379,162.6656244165103
std,0.20230744760487207,0.43538930428235945,0.008283146369940422,1748.0961434069086
min,-0.257831788693184,-0.5789394612072373,0.0002836168805506445,0.024208146294476898
25%,-0.08854827802534494,-0.22284811446973196,0.00988957027487794,2.7079498249535585
50%,-0.04185208478250742,0.06275928063810059,0.013921751331781735,7.188334828154317
75%,0.25124509615847473,0.5164440947120672,0.01817850832437044,19.234222396678813
max,0.39749157832401216,0.9019881981758455,0.043620592930939776,23453.499274050537
