,X,Y,SPEED,CURVATURE
count,180.0,180.0,180.0,180.0
mean,1.118797939725202,1.5215934933432578,0.009637822297456666,73.24793172192572
std,0.16898883866867018,0.11935394524745958,0.004500193352059758,387.0558678744735
min,0.7931857883628355,1.3143722996650378,0.0006208827545752496,0.09062210082924303
25%,0.966043416953919,1.4358332830459466,0.006265911489863528,5.407475803799837
50%,1.1196972800621485,1.4920244549908228,0.00944147235971405,13.504707935536853
75%,1.2422290621308376,1.63380883034678,0.012199968354717993,31.283613091769062
max,1.4171512176437018,1.709746409202282,0.021652083000435293,4520.796518797587
