,X,Y,SPEED,CURVATURE
count,180.0,180.0,180.0,180.0
mean,-0.8681226847907163,0.4583243043173939,0.013305853810343965,33.04765894182745
std,0.22860272491710615,0.18837064022314617,0.007352266405751914,88.83972237666968
min,-1.234081143590887,0.19643650705692983,0.0012894641355723313,0.013596034908215274
25%,-1.0211512981487343,0.3376484445852771,0.008394311541221305,3.462542829671497
50%,-0.8743021446143576,0.37352669870832433,0.011627240808693654,8.029500412456771
75%,-0.8283770377863212,0.6229308219906475,0.0162645509114782,24.25532856752988
max,-0.2173855690313558,0.8060425332073654,0.03482828039795864,720.3714063327694
