,X,Y,SPEED,CURVATURE
count,180.0,180.0,180.0,180.0
mean,0.9968461334300293,1.0884643847375166,0.011582133949906955,48.700623490875216
std,0.23705014937288982,0.19128023929260043,0.006985390681219588,127.20409007124935
min,0.48047643103340676,0.8196712658985406,0.0009295552646986706,0.028178577217535097
25%,0.8239294554041374,0.9231182373932554,0.006083501275119592,3.6465851307244375
50%,0.9370824782719012,1.0155307555602922,0.01102194320447222,8.639092191164806
75%,1.1979893385411786,1.323689957791751,0.015361867284968892,33.38233279595581
max,1.3915030633186598,1.4131334786735132,0.03040956425664361,1095.3234451909084
