,X,Y,SPEED,CURVATURE
count,180.0,180.0,180.0,180.0
mean,-0.9694320241199672,1.1686221613020193,0.010568942474326952,143.03077597160154
std,0.24093927824551098,0.07383817754636215,0.005578866458873359,805.9664689195731
min,-1.3795594734545154,1.0056307788029841,0.0004074280759613481,0.027668107407109697
25%,-1.177757923715465,1.1222835030894844,0.005906047935016937,4.9590130762223925
50%,-0.9496324289074143,1.1681580093821589,0.010006677162381187,12.523299467697353
75%,-0.7868746789931851,1.2373047527929457,0.015035459293094598,36.885671454656965
max,-0.5361934931965328,1.3002448041885917,0.02107137982062421,8969.92776899405
