,X,Y,SPEED,CURVATURE
count,180.0,180.0,180.0,180.0
mean,0.4318140452770025,-2.126425090883232,0.010086067154778222,31.377199265303346
std,0.2887294492608635,0.12867776918017734,0.004451136276145204,56.70670807177329
min,-0.00886808600210179,-2.388968172185492,0.0018721795422374059,0.2161194955662473
25%,0.14854118730622665,-2.20805076238462,0.006675718393658951,4.234533670842962
50%,0.42263278820356387,-2.1077019750883066,0.009968270896777346,10.29547303243221
75%,0.633860664682902,-2.0302351979807116,0.013345751157643714,32.83238275831906
max,0.9306261046078173,-1.8354609838547808,0.025286224886592844,450.71989344963805
