,X,Y,SPEED,CURVATURE
count,180.0,180.0,180.0,180.0
mean,-0.21501740887082035,0.31524050217371447,0.011745789510323177,47.116913077336164
std,0.15315134348301496,0.2555905843536166,0.005986841802469217,269.19457850965557
min,-0.44044478008676646,0.01997815677384054,0.0008298248732605336,0.0790497734657885
25%,-0.33391599889293005,0.1601110732642384,0.0071125291238774676,4.5677315514586505
50%,-0.23811193220523025,0.20566806523504128,0.010428467678788703,8.809505508980509
75%,-0.11310842290491699,0.4462323944121738,0.01612545838724582,20.702861615753065
max,0.19329318013480368,0.8655146474111851,0.02939750881669797,3423.376408822339
