,X,Y,SPEED,CURVATURE
count,180.0,180.0,180.0,180.0
mean,-2.3111029535191654,-0.5354237530747268,0.011367155717194244,37.527738581051075
std,0.2709883614161852,0.2444430770367282,0.005149899060066622,150.8535034422314
min,-2.7257324965079346,-0.8956003773504647,0.0012572000409432035,0.01901536272448901
25%,-2.5689999668060652,-0.7390611483113831,0.007426794453538558,4.029602139889789
50%,-2.2889219240162966,-0.6130444880901966,0.011787150659869714,9.690076419034245
75%,-2.0320631845091843,-0.2862417703042972,0.014885985683521638,21.857330846329567
max,-1.9659677920566592,-0.12604703299534292,0.02603653458720252,1845.0183939350209
