,X,Y,SPEED,CURVATURE
count,180.0,180.0,180.0,180.0
mean,-0.9338318010041798,-0.4154389972566647,0.011225521667397135,41.99912616215087
std,0.20603420539823958,0.23092001156922784,0.005394582166631657,133.0021637828707
min,-1.2057104852955387,-0.8072851890451774,0.0011382352396752328,0.07001665679198786
25%,-1.11774621209377,-0.6263984151042951,0.007425252789086782,3.5346237155471503
50%,-0.9995131004836988,-0.3526338761495821,0.010458374707667008,8.188471109086105
75%,-0.7715820078549063,-0.22971134603223453,0.014497483387775095,21.075099866676677
max,-0.5263221613181566,-0.10084592436555767,0.02567889968149643,1230.6637442763674
