,X,Y,SPEED,CURVATURE,ARCLENGTH
count,180.0,180.0,180.0,180.0,180.0
mean,1.0059366666666667,-0.640523888888889,0.004995358968124077,372.712583127854,0.4141125444720725
std,0.06719201028254815,0.2574650938783696,0.0028742718099666336,4289.409081892235,0.30626182288119363
min,0.8986000000000001,-1.0170000000000001,9.999999999998899e-05,0.26971986341742654,0.0
25%,0.95015,-0.9437500000000001,0.003246804912762724,5.323515223640278,0.13941915359958323
50%,1.0197,-0.59355,0.004271541271710965,10.07289341022133,0.35003368254078815
75%,1.0740250000000002,-0.4066,0.00724134470247433,23.974431460650134,0.7447771129478564
max,1.0948,-0.2838,0.012700885795880544,57500.00000001743,0.8980511795339361
