,X,Y,SPEED,CURVATURE
count,180.0,180.0,180.0,180.0
mean,1.1914480937432874,-1.3536967106550863,0.012343583082761735,91.19326511071142
std,0.1928678610095121,0.1921672960934015,0.005828828252920208,785.7293849913923
min,0.9260282768556489,-1.721182420230373,0.000665529400957861,0.022716031302151548
25%,1.03724397349006,-1.499798246233747,0.00786491334170379,2.756194551708389
50%,1.1556079648228392,-1.3468574365272006,0.012069651441394302,8.467226382123073
75%,1.3351196560758645,-1.221852758155217,0.01584492040974817,19.065104245401926
max,1.538022454950186,-1.052897620519465,0.027866382543408782,10369.743811744329
