,X,Y,SPEED,CURVATURE
count,180.0,180.0,180.0,180.0
mean,1.6482499691788044,0.9003940000272409,0.01680669759731149,18.104516235595447
std,0.658618840378967,0.3137322946002222,0.006868426480102969,61.21362437652244
min,0.5128899269201769,0.38663884469632115,0.002022834172094282,0.0015568285267361195
25%,0.9730550259846089,0.7023302663492219,0.012434957674782678,2.1851614791533023
50%,1.8908434445586644,0.8617021815058676,0.016512152853334162,4.479455067076357
75%,2.22435241302642,1.1908868530967682,0.02098687443876122,11.518939998589122
max,2.4061354535536252,1.465701272831934,0.03348283634121458,704.9489865177777
