,X,Y,SPEED,CURVATURE,ARCLENGTH
count,180.0,180.0,180.0,180.0,180.0
mean,-49.254595,47.02979055555553,0.5358995241006274,0.68262355467478,48.28394747764797
std,4.4087781508086215,11.61479462124532,0.32468793954482666,1.5816929885161268,25.689714616358295
min,-57.264500000000005,33.5561,0.07542269220864457,0.0002472210594459059,0.0
25%,-52.049825000000006,37.132925,0.262310075245847,0.05498872785740953,29.06209915263273
50%,-49.21155,41.31,0.4728053526367869,0.16096405429933247,51.00675213966935
75%,-47.1883,59.10935,0.7483190102534814,0.6785645086743308,62.37089868069917
max,-38.7436,69.2953,1.5057174776497753,15.782707839132264,96.30979448618876
