,X,Y,SPEED,CURVATURE
count,180.0,180.0,180.0,180.0
mean,0.7898724757250746,-0.7936769227760574,0.012614902876474472,65.40482355148487
std,0.1732954002463813,0.12762462072560976,0.0076917456608601295,206.69939212671335
min,0.4911400334283332,-1.007105133807906,0.0005786143224283361,0.008933711124836088
25%,0.6435587844640676,-0.9066144960555683,0.006806890064550392,3.813642692273549
50%,0.7906818296441833,-0.7781507958191427,0.011903104115484814,11.365655534461784
75%,0.9207046231053202,-0.7087739670070666,0.017043583778770285,43.42687074513842
max,1.3142799113934784,-0.559270550825674,0.039251455877522407,1743.077356562249
