,X,Y,SPEED,CURVATURE,ARCLENGTH
count,180.0,180.0,180.0,180.0,180.0
mean,67.86357944444445,-11.52828111111111,0.07039885124957641,21.119139686193137,7.629750670168556
std,2.074381811331763,1.0496002578682964,0.04020799666102199,253.59020640985892,3.2117419451476876
min,62.0364,-13.0724,0.001150000000002649,0.0014709564447723477,0.0
25%,66.656525,-12.498675,0.049498280769065595,0.11622317335477336,5.521635566037764
50%,68.55195,-11.4436,0.06423765763849743,0.3523614669322087,8.225095633828005
75%,69.60310000000001,-10.848275000000001,0.08057309536063148,0.949825794825468,9.934015745457181
max,69.93090000000001,-9.549000000000001,0.16944913691134855,3402.6465028199923,12.567134758513777
