,X,Y,SPEED,CURVATURE
count,180.0,180.0,180.0,180.0
mean,0.4576585747183114,0.027214448350565006,0.013351507517931512,29.720624579921655
std,0.24466606438951216,0.12113546551390081,0.0064687132283009294,91.17345629628467
min,0.04152273148123304,-0.1634423529157745,0.0015619103728498978,0.017091363125667145
25%,0.2678213412982083,-0.051080970310208806,0.008060208184732697,3.1822107617709228
50%,0.4906040966541756,0.017058657801994233,0.01247454504615851,7.169815001196394
75%,0.5623193006481515,0.10130318904777458,0.01741539280800038,23.42150612002387
max,0.9028136650283274,0.394836292652979,0.03493294955806007,1059.22041424026
