,X,Y,SPEED,CURVATURE
count,180.0,180.0,180.0,180.0
mean,0.0005555966758555194,-0.42678255451265656,0.010829589177824594,109.00904483372008
std,0.09333382043203965,0.30048936541048904,0.00622557681831317,485.07729384424897
min,-0.20334918916890263,-0.913641960080394,0.0007087461668410299,0.03374235942715737
25%,-0.08766168284820819,-0.776835042951798,0.005394421883910827,3.627989545988415
50%,0.02254665781034116,-0.3804622851244809,0.010429599824069508,10.70547334730469
75%,0.05486724986528696,-0.13665687332238088,0.015626820234657054,37.575850032138916
max,0.19262375706159388,-0.07703658327322352,0.02476516362718654,5625.284344788918
