,X,Y,SPEED,CURVATURE
count,180.0,180.0,180.0,180.0
mean,-1.8738844288507377,-0.6026995289225303,0.01044399150658412,42.6393687237293
std,0.2823536195658929,0.2395827207423785,0.00583896313343711,89.35731175606178
min,-2.240140767967289,-0.9116400504719224,0.0014137103000988823,0.16794213012405332
25%,-2.1534608107925743,-0.7995125965369442,0.006121656616202109,4.428101105775065
50%,-1.924821235406379,-0.6818350856599489,0.009696310076225675,16.416931217665944
75%,-1.5574325449260664,-0.3215245820261878,0.013862500161543587,40.63964857741588
max,-1.369773728592747,-0.200719459553071,0.02928373758764158,886.7606659648723
