,X,Y,SPEED,CURVATURE
count,180.0,180.0,180.0,180.0
mean,0.4388438403097654,-1.4529122409727324,0.009373957489524224,175.6709639200615
std,0.12597629329102697,0.18715985749353925,0.005958824922405679,1198.8243417114684
min,0.24599854270392665,-1.6690900764495329,0.0003300326784754357,0.1574370554392926
25%,0.3314898187327354,-1.6326322259013084,0.005133205861465962,6.428983831136591
50%,0.39872098449989496,-1.507244718213113,0.007268826413456174,19.038080636846402
75%,0.5534626477334192,-1.2420040121411007,0.013638980863136332,48.85518580227703
max,0.6581699887307961,-1.1594761944584164,0.025580694731590498,15143.556762571685
