,X,Y,SPEED,CURVATURE,ARCLENGTH
count,180.0,180.0,180.0,180.0,180.0
mean,1.0729749999999998,0.8602838888888887,0.0064885429904119225,14.237199763183108,126.35862458293407
std,0.14804117382689416,0.20720999608226473,0.002006812107016995,22.70304511644218,80.12688304393771
min,0.7372000000000001,0.5326000000000001,0.002517935662402833,0.006457619278485328,0.0
25%,0.997425,0.6336250000000001,0.004646876323624035,2.2854638123328592,54.096104451464484
50%,1.1022500000000002,0.9235,0.006507569012438937,6.520849497470578,124.42168087249709
75%,1.145075,1.04305,0.008371907667904112,14.980844491984598,194.06925901686935
max,1.316,1.0989,0.009682974749528164,187.14318958862086,271.70789291315316
