,X,Y,SPEED,CURVATURE
count,180.0,180.0,180.0,180.0
mean,-1.4204415044008414,0.7061944554889742,0.009689770736699018,252.17004134445207
std,0.20531734858288647,0.1336195589469124,0.005260600907404543,1457.8912905238565
min,-1.69558489844856,0.5171488223824383,0.00026706026323082365,0.3210939916388251
25%,-1.5693119622159208,0.6057900897739033,0.005611532534323943,5.416026480268777
50%,-1.4565183997126732,0.6580678497669077,0.009256883269986268,14.098573878343275
75%,-1.2911804188471476,0.8068919194085452,0.013532532292719876,29.187270428426004
max,-1.0207775569930424,0.9734294672060773,0.025463772335360554,16872.349696344827
