,X,Y,SPEED,CURVATURE
count,180.0,180.0,180.0,180.0
mean,0.7157768863438049,-0.46229953592481143,0.010270014329849976,35.659921343182894
std,0.17576258026897112,0.23554889065546053,0.005051996167934711,82.47889960476019
min,0.2940624518455434,-0.8180803246112656,0.0010090799270003595,0.2644857490181282
25%,0.6599737556722779,-0.6668078660786635,0.006618435615620104,7.166336547992306
50%,0.7697376196671575,-0.5219566376929592,0.009204868699992184,15.920630866651
75%,0.84376944370595,-0.23244202731111152,0.01268000282255877,37.21376130874399
max,0.9063462364565164,-0.07439383404183848,0.028179448483277338,997.1925779164843
