,X,Y,SPEED,CURVATURE
count,180.0,180.0,180.0,180.0
mean,0.15509119032706536,0.3768428068806125,0.012116496269738146,64.5036088311783
std,0.3514920293780871,0.18723619828741875,0.006205279319057702,396.70775473631016
min,-0.4723593050907645,-0.027078178532076884,0.0007495517847751849,0.00043704495472350293
25%,-0.03853450023052231,0.24171849240866305,0.00788032554639523,3.9336491851486786
50%,0.1336301006305831,0.39790054264055685,0.011044964243290096,10.762565981319902
75%,0.39400643551554154,0.5234474929168395,0.015199503830380438,24.44542402458087
max,0.7922480771348304,0.6492398542130129,0.02940293738353005,4881.5700323452
