,X,Y,SPEED,CURVATURE
count,180.0,180.0,180.0,180.0
mean,-0.0779214986927569,0.14126795431978703,0.01045995420078608,48.13518205685791
std,0.13849260585394402,0.16084331200271093,0.004822507269095351,151.62887583352656
min,-0.3182354940536453,-0.10531022049518682,0.0005795070967626831,0.16388917265079206
25%,-0.20543704325041662,-0.005058314381115291,0.0065135931302524154,4.370150604809519
50%,-0.03713895404948267,0.12135073924060495,0.010239168606305332,10.451467372410775
75%,0.041094066041677306,0.30663670103054763,0.013647658086674473,26.871559556610137
max,0.1021595249636642,0.3850449310691197,0.02349840246757729,1353.1160716941722
