,X,Y,SPEED,CURVATURE,ARCLENGTH
count,180.0,180.0,180.0,180.0,180.0
mean,61.94928555555555,22.306446666666666,0.9545538467732727,1.1567354583501288,70.17533104747531
std,16.976526787039663,7.749694180143047,0.5878258473636905,9.128748306089333,52.20195171458316
min,36.3004,9.5408,0.03045554136770567,0.0002352088868354667,0.0
25%,49.33455,16.725725,0.4877431579527332,0.017113944355961547,25.60574361140681
50%,58.086650000000006,21.85125,0.8108305171287585,0.056204336807559374,56.442687114390544
75%,73.23085,28.50915,1.3269231254419165,0.13770915824989766,105.46483875409008
max,96.0719,34.2391,2.3737530200086154,120.07812949304132,171.83085666855638
