,X,Y,SPEED,CURVATURE
count,180.0,180.0,180.0,180.0
mean,0.78755204549004,-0.6624878004057565,0.012905978658930521,46.5642724071479
std,0.22099069991977907,0.10895366507830569,0.006041002378874148,213.76996012353789
min,0.511616358193124,-0.8725347085688839,0.0006548658856729383,0.16818468197824626
25%,0.58016041607169,-0.7706753161176886,0.008605527428132477,2.2949058145456744
50%,0.7359873507439898,-0.6363132099675316,0.011989617797446582,7.843205275574094
75%,0.9688438460140832,-0.56886896929411,0.016401428792424146,19.48413513781357
max,1.264322488382412,-0.5063895427565498,0.029982002486234307,1941.9272465624588
