,X,Y,SPEED,CURVATURE
count,180.0,180.0,180.0,180.0
mean,-1.7919005714424265,-1.7746790501955574,0.013453330068167969,49.74790126395601
std,0.212862393785982,0.33403130169085443,0.006882528650426538,182.57593043736924
min,-2.014836459721896,-2.44936402502088,0.0007483785184099367,0.009851399204271747
25%,-1.9650937469816374,-1.9300516372073866,0.006935427429020508,2.059416916567362
50%,-1.909329075612126,-1.704291569715258,0.013950060930240801,6.826887813342969
75%,-1.5814449782110616,-1.5835803115267728,0.019368754478139114,23.038544876744933
max,-1.412308798042873,-1.1832016087913544,0.026494485319074817,1803.1327469619393
