,X,Y,SPEED,CURVATURE
count,180.0,180.0,180.0,180.0
mean,2.370682303190397,0.9672348804295569,0.011343602144148974,42.73821891976772
std,0.2796512610591909,0.14314972990737404,0.006675979069504226,136.30592717847352
min,1.7288728993151812,0.6908895707097639,0.0011434446594329377,0.0895842600907273
25%,2.323362899234932,0.8517259143522997,0.005722280126068411,4.127548836661767
50%,2.4126609331644664,0.9444460806898036,0.010505318557368136,11.16017479650976
75%,2.565846207809982,1.0712973858599053,0.015052221090747237,33.57005990057239
max,2.7083843121496627,1.2120259769166115,0.029852393034674414,1499.9961492112611
