,X,Y,SPEED,CURVATURE
count,180.0,180.0,180.0,180.0
mean,-0.7606655583300577,-0.15072947361281314,0.01076114431439222,126.99795724402783
std,0.1179037113871729,0.3357807482105592,0.00579250239767234,1080.5108486500571
min,-0.9682451686647007,-0.5073346793240915,0.00047352213764704777,0.21883284501695388
25%,-0.8346895461316715,-0.42494910824434196,0.006334003198665474,4.874804852531926
50%,-0.7987243265832322,-0.3254810268846907,0.009933633175571152,11.614070358038926
75%,-0.7365523613690506,0.2569771608201549,0.014790013278911027,41.56494736470564
max,-0.46260422064203993,0.3960576967237475,0.027556401960107443,14441.187403986578
