,X,Y,SPEED,CURVATURE
count,180.0,180.0,180.0,180.0
mean,-0.630977730845656,0.1278091489699538,0.010035840341093009,197.7673157589509
std,0.15228731298319276,0.10263712623074987,0.005432257100725717,1347.5337283698232
min,-0.9234360616796926,-0.06606994863346251,0.0003768505821342417,0.1726806441515849
25%,-0.805980848087531,0.03833926907940797,0.006126535664272839,5.6214905108390365
50%,-0.5824653222906153,0.13044743144986126,0.009193508320175892,12.612403077813845
75%,-0.5219718696192379,0.22638844564395735,0.013123930593495944,34.4976747486233
max,-0.41876569205872816,0.2735151467567147,0.02467512113536664,16599.192029183665
