,X,Y,SPEED,CURVATURE,ARCLENGTH
count,180.0,180.0,180.0,180.0,180.0
mean,0.542881111111111,1.1990294444444445,0.00660248088553137,21.148936900243505,0.6501300782290932
std,0.1229368711090702,0.19079761622523364,0.002854014919836975,58.32946842858215,0.36487799551117456
min,0.36150000000000004,0.923,0.0011704699910719569,0.030522779525330376,0.0
25%,0.41800000000000004,1.025925,0.004654746283006289,2.224578056204844,0.31056722356940314
50%,0.5649,1.19415,0.00637900847333543,5.923083875389006,0.7167964530958835
75%,0.6414500000000001,1.400325,0.008450776585465197,19.800817291694553,1.0090478895204817
max,0.732,1.4477,0.01382461572702835,562.8159022550682,1.1829217415005688
