,X,Y,SPEED,CURVATURE
count,180.0,180.0,180.0,180.0
mean,1.0720082366488677,2.356965446044828,0.011888660109821071,40.90486670896704
std,0.2643892446346732,0.22073812818093383,0.005997873808275369,230.08284933910815
min,0.5475577464365224,1.9847943146649916,0.0010686291176673606,0.009201643588245222
25%,0.948056118598884,2.172638483192814,0.007012020822821033,4.525823462465072
50%,1.144493586160336,2.3783776314683864,0.0110426892040492,9.431173127795873
75%,1.2380404035553114,2.582798122417765,0.01619825474182692,22.107468739582533
max,1.452541497569438,2.6531927937012814,0.032179451883800204,3021.3877105610995
