,X,Y,SPEED,CURVATURE
count,180.0,180.0,180.0,180.0
mean,0.020343991883671288,2.1331729486124473,0.011396993828947875,210.4686323093324
std,0.24049572989966558,0.17820620022271452,0.005648125571607915,1293.106556350476
min,-0.31751909981251614,1.912388493187109,0.0004671635527842803,0.0030561888870088705
25%,-0.22330251143810181,2.031646385093926,0.00727933290123576,3.096139119346657
50%,-0.005116628363748306,2.0580962117786408,0.011259291329311149,8.793984135427543
75%,0.23664625081722146,2.1869838562787174,0.015477155571329417,27.787226867825833
max,0.4320189640901281,2.7003043223472716,0.022874493277701108,13185.19341254786
