,X,Y,SPEED,CURVATURE
count,180.0,180.0,180.0,180.0
mean,-1.7721357334104426,-2.25236520815168,0.00977793551884609,148.94928935721188
std,0.17449573656792564,0.12243860965489563,0.005015794432689133,846.4714598168102
min,-2.0821603279287832,-2.4377661122608796,0.00043788084333032726,0.002460530347947372
25%,-1.9230944906325105,-2.3161346993475664,0.005977982982926484,4.592242697698385
50%,-1.7071320918968462,-2.2683219826175676,0.009849937745795175,13.112481440351727
75%,-1.6319023947666094,-2.199466256371447,0.012874899831138003,38.50735531952727
max,-1.5471319465427404,-1.8465092922058295,0.0232221371803144,10323.02404994993
