,X,Y,SPEED,CURVATURE
count,180.0,180.0,180.0,180.0
mean,1.556913626924222,-2.1088910557039084,0.01117609876151178,74.02371648286835
std,0.17911945169148583,0.16194391980941497,0.006480297026992037,333.5113266035773
min,1.2851558395469191,-2.3971463492663116,0.00048412301113148114,0.034585927965644685
25%,1.4042277010531659,-2.235558754323775,0.0058397894888893905,3.856757256219884
50%,1.559821178397877,-2.072128897292224,0.010147222422767607,10.430091905149588
75%,1.7186536637674454,-2.0088472622318174,0.014424146918905773,30.57178273071115
max,1.855011978532638,-1.706226694318706,0.02710188046581488,3612.3453016446383
