,X,Y,SPEED,CURVATURE
count,180.0,180.0,180.0,180.0
mean,-0.09581961675338978,-1.634870258106063,0.01129751238560483,64.52366461813013
std,0.36655103829964225,0.09926209345865909,0.005916108693944293,239.58541740446245
min,-0.5787063379382679,-1.8556301069158785,0.0008413757284421861,0.301022480069963
25%,-0.44134196518767865,-1.7078238476038639,0.006435780670907949,4.639995344182882
50%,-0.14440821969657486,-1.6587624139817008,0.011229098862338993,12.423486883171613
75%,0.20265322280692574,-1.542013082003792,0.015246604217276697,43.33148210216348
max,0.4479291725324869,-1.4887185803734861,0.02395314846334602,2849.313045624959
