,X,Y,SPEED,CURVATURE
count,180.0,180.0,180.0,180.0
mean,0.3556713712623075,0.1992415078069017,0.012915781608601616,27.327839546154447
std,0.19220738059648027,0.2696437488683584,0.005312011384981846,78.76246514713218
min,0.018430104140596454,-0.38250125535030144,0.0019067022843453217,0.1608592786282583
25%,0.19218560027584627,0.0807337377709729,0.008623534569583322,3.0598764449683014
50%,0.40162542367933196,0.27353051775454673,0.013171376058076185,7.883637790766291
75%,0.5228896579113107,0.3935426018198255,0.017148695827167586,18.287843091405556
max,0.7776729592786314,0.6032856022611564,0.023371982629483864,693.9559808722296
