,X,Y,SPEED,CURVATURE
count,420.0,420.0,420.0,420.0
mean,-0.7556684922696856,0.17088347136704185,0.012843802846633912,73.19343296903247
std,0.5655421691619972,0.17711096601580867,0.006873239023203654,1339.7038457098406
min,-1.8769599780828972,-0.22853334628935446,0.0002213016527831286,0.00800491118466473
25%,-1.3525539035868697,0.026871895814051406,0.008005513431669685,0.8549259008860918
50%,-0.45628538801517815,0.2236179265901282,0.011116859813327584,2.5718447455263904
75%,-0.24360814613620294,0.32267700599524285,0.01583250764353255,7.020348769028668
max,-0.1690384351388899,0.3978294624303658,0.033671325658176654,27453.600855240154
