,X,Y,SPEED,CURVATURE
count,180.0,180.0,180.0,180.0
mean,1.6963536339131742,-0.08407787516649454,0.010020956514162675,73.34006894808049
std,0.22108886703346034,0.10979086584700148,0.005514300215460437,218.00420211854757
min,1.3730647710934136,-0.3375853275793714,0.0008243444965561082,0.20396537595280334
25%,1.5441993411624342,-0.12054345381219639,0.006289158019784719,6.417448830059879
50%,1.6863667148684969,-0.06061699419941908,0.009619134367159202,13.911362393360246
75%,1.8851821473640715,-0.006726890086988832,0.012879436172480722,34.231504677646036
max,2.2357855847539776,0.06757447769730217,0.029555479881776987,1948.0402320028975
