,X,Y,SPEED,CURVATURE
count,180.0,180.0,180.0,180.0
mean,-1.404588804492011,0.3434657410464918,0.012303401845584948,106.17945689812343
std,0.342643997499827,0.2578721471218107,0.005412725358852349,1064.325627993455
min,-1.8883750618647577,-0.07450439842334787,0.0002663783668330234,0.028532774748887976
25%,-1.810596657331185,0.14540957003714006,0.008307434582359097,3.814009474875107
50%,-1.3790957051567905,0.26363710528237605,0.01112486680008203,8.485103290602517
75%,-1.065397763257105,0.6380851598670352,0.016501456048016706,18.733089859068606
max,-0.9522692672645351,0.7417189170331074,0.024578127114070217,14160.54821678268
