,X,Y,SPEED,CURVATURE,ARCLENGTH
count,180.0,180.0,180.0,180.0,180.0
mean,0.747601666666666,-0.5687533333333333,0.00471763787969658,186.8128885243032,0.31213763834198177
std,0.20811021614578612,0.06289979651981903,0.0031176988098043723,1600.1446143483263,0.27172024771827435
min,0.30660000000000004,-0.6954,0.00011180339887497717,0.03170613900735172,0.0
25%,0.594225,-0.60435,0.0020987967144866105,3.9689857758040916,0.08874751504193558
50%,0.8942000000000001,-0.57355,0.0033085110974612354,16.777362251420797,0.18271549549290617
75%,0.91335,-0.526625,0.007508717723836291,77.65371856396871,0.5358111498569982
max,0.925,-0.4576,0.011397587464020607,21466.252584003327,0.8488648818185363
