,X,Y,SPEED,CURVATURE
count,180.0,180.0,180.0,180.0
mean,1.065248328336669,-1.0877463798601894,0.012309387858612388,74.38524984090127
std,0.08419371246321943,0.34522906481878507,0.00672305378508728,457.5215901761863
min,0.9333802760222991,-1.4855481025737713,0.0007827402257163949,0.04366788891452231
25%,1.0109558869604331,-1.4256018729106614,0.007418493370366326,3.936522426461773
50%,1.0477802411642627,-1.187418231870768,0.011463558008788219,9.673178879903698
75%,1.1431609949337584,-0.7800409392386024,0.016190850660176406,33.34164665446081
max,1.2239652669509447,-0.4754326113165751,0.03114548938689949,6021.849846497412
