,X,Y,SPEED,CURVATURE
count,180.0,180.0,180.0,180.0
mean,-0.12437875369605816,1.8021369717907265,0.009704847575296391,63.735079109452414
std,0.12962501182137465,0.12058964431407414,0.006098489187986585,275.138173608116
min,-0.2974133242748861,1.6035021679468113,0.0005785159055617147,0.12452245797543017
25%,-0.21203766904663904,1.723654341746479,0.005425185382487931,3.8207024843610116
50%,-0.1440310819578394,1.7940467029538159,0.008516247160257926,14.12063214523301
75%,-0.09638200736174554,1.8588541168576305,0.01227724315865118,38.052417140215475
max,0.16386228253397375,2.039897805856139,0.02798898717138151,3527.4457919133647
