,X,Y,SPEED,CURVATURE
count,180.0,180.0,180.0,180.0
mean,-0.5054458031603387,-0.5991174740994661,0.012334323644765471,26.461847894441952
std,0.1636412082369244,0.286008516072279,0.004886935847541291,97.32586574971864
min,-0.8277985677038054,-0.9802853996417193,0.001807477805470291,0.03181594014003025
25%,-0.6240317377436254,-0.8396321861784004,0.008848153862548554,3.2566706212590892
50%,-0.5318379450586775,-0.6680437234970165,0.01225363770687362,8.197572297987076
75%,-0.3600451785408198,-0.5071317372958818,0.016480942098091488,19.32846603582671
max,-0.2204327704565459,0.04062472243053847,0.023533346352913563,1213.9922679244005
