,X,Y,SPEED,CURVATURE
count,180.0,180.0,180.0,180.0
mean,1.132430390411915,-0.8470032683759571,0.01117828199729936,45.735412003583534
std,0.33243054492798674,0.08250329458460542,0.005329489902849999,135.71930766454102
min,0.43659500080267033,-0.9727164579215348,0.001272850867135173,0.14147873099099947
25%,0.8856926405335588,-0.9135710494674948,0.006984503920165547,4.580103514305347
50%,1.2669108900475727,-0.8750581444053707,0.010872196279529282,11.026911720408776
75%,1.4269167786557442,-0.7661983736322315,0.01566228342908549,26.47650562299583
max,1.465372206695268,-0.6948390621702036,0.024383289858729396,1232.738636021373
