,X,Y,SPEED,CURVATURE
count,180.0,180.0,180.0,180.0
mean,0.3780405364953559,1.4675630976381542,0.013948516161457683,150.7171588436577
std,0.5290013496380517,0.19047875152793092,0.006916261352778884,1167.9879762222613
min,-0.32468128842915267,1.0503598007910513,0.0005436475596128922,0.002801270514815677
25%,-0.2141256382678134,1.3453749415345586,0.00871206764652063,2.7040688350122273
50%,0.40565892546144966,1.472855433951613,0.013934266478225096,6.9655397270007935
75%,0.8287271328160426,1.5311026255874438,0.01932767415669773,15.786241805503895
max,1.2128506923470295,1.942650807905491,0.029838140455542037,14567.150270636192
