,X,Y,SPEED,CURVATURE
count,420.0,420.0,420.0,420.0
mean,-0.03759973566200208,0.23848545838989085,0.009458720412127938,18.259658745928526
std,0.34976660845978913,0.27586102663811835,0.0048412707960955835,40.18157861241703
min,-0.6828047543836384,-0.13194735408936217,0.0017710236021400577,0.04371299656076136
25%,-0.35811913533943124,0.001584298591389478,0.005232567202654177,1.2652531388668138
50%,-0.001552242821698426,0.18066852894771088,0.008917150474748147,3.7331743490736766
75%,0.28175242338249834,0.5459291442365044,0.013357431989083835,13.807146733522824
max,0.46038499446550296,0.7196400710812844,0.019520720097923036,314.7640878672752
