,X,Y,SPEED,CURVATURE
count,180.0,180.0,180.0,180.0
mean,-1.499081129029407,0.11854647062193883,0.010656569370419918,394.2204038979658
std,0.2952794039087593,0.19373336992019904,0.005083604576438616,3915.9837766195246
min,-2.026773211385293,-0.10893862590511988,0.00016120959600737816,0.02778767230649256
25%,-1.7833480312191676,-0.07841186574619957,0.006605139086940313,4.204477976523081
50%,-1.3906641013583059,0.06454483515975018,0.010909250680893764,11.157609862521806
75%,-1.2218278926311372,0.27421967471657493,0.014102548447492258,28.25296818389757
max,-1.1844734074310055,0.500674499830789,0.02320220642712426,51637.79739757175
