,X,Y,SPEED,CURVATURE,ARCLENGTH
count,180.0,180.0,180.0,180.0,180.0
mean,0.12592833333333336,-1.42519,0.005526419040959691,22.180922900573087,10.86977048385856
std,0.13311472444147002,0.14611328508459553,0.002742006834570971,51.75646235616025,7.854200940479508
min,-0.0398,-1.5965,0.0013000000000000025,3.622078496713498e-14,0.0
25%,0.03275,-1.5467250000000001,0.003443553479417105,1.4048811456105799,6.148938117824692
50%,0.09375,-1.478,0.005014468105919573,7.83035935455316,8.924233073572976
75%,0.195125,-1.2958,0.006669674385999331,21.686719530362097,12.872211996240932
max,0.4173,-1.179,0.012234786471369295,473.3727810651004,33.81207011562968
