,X,Y,SPEED,CURVATURE
count,420.0,420.0,420.0,420.0
mean,-0.27886605901771394,-1.7955336168905596,0.01111480658773655,15.516452666161074
std,0.42828166979163346,0.25361691241630985,0.00495179616377747,74.1735685043807
min,-0.9999138325613173,-2.3292180913120792,0.0009229723783519197,0.0017097812562734617
25%,-0.5876229357829829,-1.888807171765676,0.008009701386271492,0.9956731081183623
50%,-0.35815183824803115,-1.840981641690846,0.010801149536076504,2.4354306362607394
75%,0.09473219630090823,-1.5325034423607111,0.014221885213043012,6.566581990732181
max,0.5752237434174889,-1.4092402168836535,0.02249598933831463,1277.5841392817974
