,X,Y,SPEED,CURVATURE
count,180.0,180.0,180.0,180.0
mean,-0.04160879101327361,0.7174345013052874,0.013264371292342597,29.535163077633154
std,0.15491092693339442,0.245206957944646,0.0063028050411573135,69.19778949467873
min,-0.3743549225328097,0.07694549075357407,0.0012920852060222233,0.09148608182147838
25%,-0.191482849754434,0.5791542680298528,0.008712358255459737,3.870537511510617
50%,3.283532018615238e-05,0.7433364819425272,0.012665596676583861,8.78508426925126
75%,0.07946564746422916,0.9235326723410333,0.01660788324746713,20.463068355846083
max,0.17328551654054503,1.0350873484672474,0.030318548593853075,561.2884362685239
