,X,Y,SPEED,CURVATURE
count,180.0,180.0,180.0,180.0
mean,0.7046232335091104,0.6878016538608164,0.014832791276757162,43.24805188284985
std,0.32889185179229247,0.24788303874726703,0.008045790052442226,137.76197079992974
min,0.2933819543034281,0.29848002650266653,0.0014748409270014273,0.01839243503374239
25%,0.38136801104107043,0.498143650880866,0.009383402338144114,2.332844547532396
50%,0.6273116234442309,0.6411962801167974,0.014350210604082933,7.186500819785206
75%,1.0497702840147478,0.9156228890148892,0.02065021500851063,20.09165167102606
max,1.2428731328741973,1.0823868943596016,0.03488881902853312,1322.3143140604182
