,X,Y,SPEED,CURVATURE
count,420.0,420.0,420.0,420.0
mean,0.4077175338749896,0.4790423662885645,0.009471525410223388,32.43517737290253
std,0.2223820150302566,0.15925896885356444,0.004437061128703288,135.38674524614035
min,-0.037711315916422336,0.12231874063325873,0.0006165972997795947,0.016134108170004744
25%,0.28310468844651016,0.3535006442603976,0.006100972453342213,1.0977609474565488
50%,0.41748456981315746,0.4694128884032528,0.009982346788577722,3.227211585440071
75%,0.5450600381586943,0.5937223660057882,0.01250852114823275,9.709185348045613
max,0.7781567039562725,0.7801251882669249,0.019485716244960264,1535.5229323379763
