,X,Y,SPEED,CURVATURE
count,180.0,180.0,180.0,180.0
mean,-1.1041278145130582,-0.9087231691365321,0.010524234099022905,44.88917813361147
std,0.10331828654409145,0.23072736959833734,0.005506288085321674,90.17006367486432
min,-1.2827531805320058,-1.324133333622488,0.0014065056264402915,0.09393068422737641
25%,-1.1669135469902445,-1.1150810200143761,0.00565334143589419,5.505953491433899
50%,-1.12192558772829,-0.8830729981447888,0.010220204408541296,14.669076016641885
75%,-1.0258139255568022,-0.786742653913355,0.014712647169473032,33.65607946808528
max,-0.8968860687771809,-0.45740406348262286,0.024394088406998853,572.9909080879034
