,X,Y,SPEED,CURVATURE
count,180.0,180.0,180.0,180.0
mean,-0.18683928172202754,-1.6039894651900957,0.008094235340034901,96.26604641216582
std,0.12292853947228856,0.06838418787078103,0.00395183406921556,281.08529950284685
min,-0.3620444603477707,-1.727676110345445,0.0010705445355548668,0.06273594388617876
25%,-0.2677639505449702,-1.640580678347348,0.0048994367585511915,7.380720772638224
50%,-0.227351152404095,-1.5925716121052338,0.00791710118732524,23.552286846724574
75%,-0.12773843833369997,-1.5573108531894426,0.01115648962200555,63.7661708663711
max,0.05697114687192529,-1.4848631584850134,0.018085718994587812,2243.3362303547697
