,X,Y,SPEED,CURVATURE
count,180.0,180.0,180.0,180.0
mean,1.6009001126846616,0.19689286584414595,0.007358490665313872,70.84818026185914
std,0.061307477817037874,0.09217312285340531,0.0038595038787446277,191.57824650979623
min,1.4279914730484453,0.03566775693554011,0.001172903524038698,0.04348016847693083
25%,1.550789025876868,0.12308363238710458,0.005138757150585281,9.505722575354051
50%,1.6146112818359315,0.2114817554588544,0.006496299345934216,28.51061392637149
75%,1.6556248976815702,0.2524387037918917,0.008868884300800354,64.06265088983429
max,1.6834563895642705,0.3617795394900662,0.022622679811087388,2113.7522412501667
