,X,Y,SPEED,CURVATURE
count,180.0,180.0,180.0,180.0
mean,0.5422667757759458,-1.5706099581542015,0.012386213460070213,59.77624208415996
std,0.15708163870622271,0.21605978094113798,0.005474994358453509,543.7906237471267
min,0.2658900298130104,-1.8594667937075438,0.0004973694790033663,0.3252298060994531
25%,0.4182723207519735,-1.7668099310916021,0.008119166888061262,3.226764574982012
50%,0.542838623687766,-1.5897854437227765,0.012227577485350128,7.970199672091972
75%,0.6505393575110069,-1.4008413453097832,0.016180383579375242,16.507186164034493
max,0.8444999417207932,-1.0631625029933274,0.026541047689988818,7298.218088189679
