,X,Y,SPEED,CURVATURE
count,180.0,180.0,180.0,180.0
mean,-1.5343113394460217,-1.3461582045786797,0.008532094725721447,104.80648164617062
std,0.153241074920787,0.13994756363790256,0.004596604012088942,496.58632784940954
min,-1.7848950323431276,-1.7023838962423812,0.0003206983852433121,0.09298702710752997
25%,-1.655268627074374,-1.3905235113839067,0.005050112803263231,4.979881370005332
50%,-1.5509153234424409,-1.3295312754469668,0.008163924549174724,12.958485040116486
75%,-1.4148510237247396,-1.222745101017591,0.010927859769004289,43.05769334961021
max,-1.2747883043005954,-1.1730883963949927,0.021976547911792817,5705.436471135781
