,X,Y,SPEED,CURVATURE
count,180.0,180.0,180.0,180.0
mean,-0.5638265486000383,-1.041895023452763,0.015905666912136348,342.31276037775194
std,0.16773384300140917,0.6730813121462282,0.008330448130841717,3734.6065708425426
min,-0.8567114011266589,-1.919685863130078,0.0002465577459642007,0.027686848017139717
25%,-0.6793065302574945,-1.7937278450277025,0.008779006059112977,1.8505641268159914
50%,-0.5828596677084132,-1.0004443802592338,0.017163423612462016,5.294086779502272
75%,-0.44012452240962596,-0.38230340131767077,0.021748724299044016,14.958408583032986
max,-0.2591407456128195,-0.13686824377140674,0.032459646802963725,49995.15097483519
