,X,Y,SPEED,CURVATURE
count,180.0,180.0,180.0,180.0
mean,0.26855431199825164,0.16426747178188375,0.011101720408925424,142.54919621552725
std,0.1256503362834683,0.2342784444048535,0.005931709125979042,1346.8788651509137
min,-0.10991616072417644,-0.1339998061179224,0.00030557938419962366,0.07067138044223224
25%,0.22015247593274626,-0.03788833313864711,0.0059297863986344,3.6802474230102784
50%,0.2751375536360116,0.08108555270472811,0.010558000446184648,10.325356471708472
75%,0.3787539347741865,0.35846155504689436,0.015753982760130958,30.991845525563367
max,0.42987728968007755,0.5712751755348795,0.02464769661299432,18039.54657809461
