,X,Y,SPEED,CURVATURE,ARCLENGTH
count,180.0,180.0,180.0,180.0,180.0
mean,37.050645555555576,52.69233555555554,0.3293072752706699,1.6219819840721927,24.99806431258102
std,19.586597208752547,3.3567267472678965,0.2137648791800649,7.400603966504437,20.98298257370475
min,14.845400000000001,44.2434,0.012027988194208313,0.0001591798391340296,0.0
25%,15.559000000000001,51.256675,0.10236901187411569,0.014106958193948773,2.4200025790113395
50%,35.98095000000001,53.6407,0.3409865616515748,0.06777697476541096,23.822157006519745
75%,54.470575,55.313199999999995,0.5056468530075974,0.8575580013724803,43.46284338254485
max,67.0154,55.8573,0.6624564759287981,81.99294990439213,59.13198364030167
