,X,Y,SPEED,CURVATURE
count,180.0,180.0,180.0,180.0
mean,-1.635392811723908,-0.4028891494035718,0.009498734215602631,62.67967424789361
std,0.210993930116045,0.14853305151743634,0.003950935480149758,354.77079749097703
min,-1.9360343265042894,-0.5364919459175163,0.0008926220058100648,0.004339949211005537
25%,-1.8477308650288504,-0.5027457022439946,0.00621932333883729,5.801678205695462
50%,-1.628292698058744,-0.4729062737108389,0.009698809685477944,15.9885914682839
75%,-1.4544940854433892,-0.3255305943686101,0.012107938033518229,35.57468127995744
max,-1.2951547732312285,-0.012737211391465513,0.019842952420870537,4720.8563152721135
