,X,Y,SPEED,CURVATURE
count,180.0,180.0,180.0,180.0
mean,0.10528368064819947,0.6320689511408097,0.010838153860347645,72.48809350670658
std,0.11767977399550401,0.2156255669875605,0.004669128445084039,523.9986619649628
min,-0.20025687091635516,0.30435394781450437,0.0007339282144463846,0.0763098873127167
25%,-0.015182508868424906,0.45131017543860563,0.007399546361887594,4.481649775471341
50%,0.13270214019168186,0.5553203113991462,0.010354027458284055,11.975384755379244
75%,0.20225028229074013,0.8612843024747046,0.014106600654781015,25.694213848086104
max,0.29704983452403677,0.963166305992692,0.021066057007236724,6859.451767894868
