,X,Y,SPEED,CURVATURE
count,180.0,180.0,180.0,180.0
mean,-0.7892314914942294,-0.9482045143234455,0.012439543912789138,61.96312664179679
std,0.16629037174684574,0.4566815888870415,0.0063561774995237645,435.622493156943
min,-1.1287761144053912,-1.4087458314223402,0.0006072766959001409,0.12593201722340971
25%,-0.9797578543392014,-1.3364511014730487,0.007737201226480807,3.263489715459923
50%,-0.727368414746155,-1.2216949981228549,0.011432254773815324,8.394988786107916
75%,-0.6577803083122586,-0.5151056008915066,0.016102376149588624,23.325931073143092
max,-0.5546691902411348,-0.1781898885506485,0.027348708287625544,5754.950647396594
