,X,Y,SPEED,CURVATURE
count,180.0,180.0,180.0,180.0
mean,1.0738400952322036,-1.5119863629415082,0.012950142761297773,42.214653483521566
std,0.4263890222187266,0.219816707971934,0.006424447987247378,198.96949160800412
min,0.6149431641828311,-1.8488809570707365,0.0012291732213764162,0.15902249022329754
25%,0.7234903939603943,-1.6812816121623468,0.00840203595284783,3.633520069809215
50%,0.8964619720160361,-1.5666864403385872,0.012443103833630809,7.689444370988159
75%,1.4541870652482172,-1.3250490804383688,0.01799594104728708,18.970591975460316
max,1.8598609228738479,-1.101756542472037,0.03113058102597996,2063.960141240062
