,X,Y,SPEED,CURVATURE
count,180.0,180.0,180.0,180.0
mean,-0.19505604976909174,-1.7683105554696366,0.010485721138640464,59.641580769295324
std,0.19167834424686533,0.19755682779586603,0.005430850456756694,234.15701612266562
min,-0.49414264630207727,-2.055184405304134,0.000323594346017115,0.017256712780322942
25%,-0.32909271880402524,-1.861807184823932,0.006314360896433082,4.623102258797572
50%,-0.2611852315580043,-1.8243129764536565,0.010111655632623787,13.789240173069324
75%,-0.0695859342289752,-1.713332153133521,0.013441666682856353,42.24192846458365
max,0.1595145574294249,-1.3688964423468322,0.024942295841385097,2992.370260913778
