,X,Y,SPEED,CURVATURE
count,180.0,180.0,180.0,180.0
mean,0.2957818269094125,0.8626780577268783,0.012447918415798127,31.997073823715365
std,0.23164260529083294,0.3337694795926721,0.005560402538612732,108.48005174375106
min,-0.17414901820406428,0.4182855520913437,0.0014877355036292518,0.07744041508739301
25%,0.05906731564886348,0.553538983248113,0.008256252900321278,4.109632391383771
50%,0.38986736356343543,0.8339106924204076,0.012293469050558108,7.787475729149348
75%,0.4527720727106828,1.1301591993012683,0.016859968495339897,19.62658421631758
max,0.5931329830887305,1.5015321018801056,0.025102580026251098,1137.9715149269941
