,X,Y,SPEED,CURVATURE
count,180.0,180.0,180.0,180.0
mean,0.3216661933311799,-1.491562067263643,0.010027073818530253,60.265993921583544
std,0.11571568369187615,0.3272250464132059,0.005149168873530824,225.29368028988034
min,0.06050288725145305,-1.828878742318895,0.0008801509422990125,0.19916236751337502
25%,0.276607855967133,-1.762268869451274,0.006054459845247697,3.5288397714887187
50%,0.3332791352656489,-1.6697062485183762,0.008965652085018096,10.584693650838005
75%,0.38882669305198275,-1.1520511690842201,0.014158059184667254,40.2501653329846
max,0.49047555716776065,-0.8819672303110141,0.02289400191113372,2113.6343231924825
