,X,Y,SPEED,CURVATURE
count,180.0,180.0,180.0,180.0
mean,-0.03756101238429285,-0.11497031976436138,0.01033775717901301,38.697609947175174
std,0.10160576695877208,0.19140509624225963,0.0045474199323156245,108.16141360936022
min,-0.21145136668151243,-0.48741770257142825,0.0021853056053773145,0.0527920066600736
25%,-0.10422577551929725,-0.2746617958157203,0.00707911982719482,5.002375187195833
50%,-0.07332338026175342,-0.05564475335064392,0.009968962511063661,11.4001805197449
75%,0.020338457946970968,-0.007898123589010394,0.013170187528784927,27.949699915027132
max,0.26957526711738256,0.18216842962791763,0.022933989076809914,976.8795516196368
