,X,Y,SPEED,CURVATURE
count,180.0,180.0,180.0,180.0
mean,1.0443472249988546,-0.3514305076503614,0.007254399071672121,66.80376590989056
std,0.0985346978649651,0.12043528516595974,0.002821875524556897,180.65166315183743
min,0.8856091608868206,-0.5538904730803251,0.0011185386987821284,0.0897334506345843
25%,0.9522102636768345,-0.44854387087246467,0.005158320336451047,12.657750893353025
50%,1.0184116068357092,-0.37427923172834043,0.007178290293997664,28.642338666065292
75%,1.1366532644705727,-0.24756884424091413,0.009196118976659257,52.48517261807041
max,1.2533978263294547,-0.13654753922217408,0.014250407795435982,2096.047279943033
