,X,Y,SPEED,CURVATURE
count,180.0,180.0,180.0,180.0
mean,1.1050452860211164,-0.11171499218172395,0.00990684800175692,104.01374380534057
std,0.15613724021948427,0.15790625891200485,0.005276577664747952,528.2266150568071
min,0.7867111292162233,-0.2756339859081627,0.0007906380026070486,0.12382591469586193
25%,1.035219074089288,-0.21417300555142177,0.005672688570688034,5.305595887210464
50%,1.1587592573614711,-0.18433437006917408,0.009480081976410704,14.060996428639264
75%,1.2255839970863684,-0.08195969742422286,0.013476600126016813,42.59706447183725
max,1.2992635360114893,0.3583393172272854,0.02324419748002563,6580.318720987304
