,X,Y,SPEED,CURVATURE
count,180.0,180.0,180.0,180.0
mean,-1.9502499388105599,-0.2814036800630353,0.016198835273291336,54.47980030327211
std,0.2867679164785789,0.5733457792161556,0.0087679732671001,305.40269222685646
min,-2.4072022898519014,-1.1105115155006173,0.0008950044468972385,0.05694792756617306
25%,-2.159031312766885,-0.8997814925098638,0.010460904101529766,2.0298423106222634
50%,-1.9922440164791326,-0.038403584523498374,0.016055323134964123,6.128805839822359
75%,-1.6830464877981808,0.2660478910650591,0.0208984616944536,12.22776675627498
max,-1.4972340940930637,0.44100383556946415,0.044471781087720895,2872.430435831463
