,X,Y,SPEED,CURVATURE
count,180.0,180.0,180.0,180.0
mean,0.31926158070925226,-0.05277975574065391,0.010023493838338643,39.134119986953344
std,0.243932982330599,0.1999496361510859,0.004184814228260778,105.53362189225875
min,0.013411846409622844,-0.41188105634407074,0.001955067000925791,0.011008046128781788
25%,0.0909994359322497,-0.26085653130799774,0.006868044749845825,4.7203377746145865
50%,0.29210572913102284,-0.0035786187898769212,0.010069340177021841,12.32885727926444
75%,0.5301846325239334,0.06113996337701395,0.012962233340141245,28.556899681320072
max,0.8470406332783871,0.2796507027709686,0.019828886035841393,1016.106499600267
