,X,Y,SPEED,CURVATURE
count,420.0,420.0,420.0,420.0
mean,0.8733965924629993,0.524370397991475,0.009375570462805806,16.012814482824925
std,0.2113549092528723,0.222038795055556,0.004402446110758776,108.58269552725056
min,0.475768226813047,0.10128328483806706,0.0006290110339048236,0.0006956215421098359
25%,0.7373052917803873,0.35284430425734853,0.006014943660184445,2.678904676218565
50%,0.8791413768157263,0.5568423726649592,0.008773827137129021,4.086838233607368
75%,0.995456808903269,0.6945511234465311,0.011365288604534986,9.422926182620875
max,1.2604004075741437,0.9196441578427449,0.0198530241477967,2119.0429372937065
