,X,Y,SPEED,CURVATURE
count,180.0,180.0,180.0,180.0
mean,-1.0405133557037873,0.40775402486168744,0.009140723740246114,496.38895824416915
std,0.10808844689727476,0.22921233670472296,0.004275838616115989,5883.407711651035
min,-1.2711944556875825,0.14396258227137523,0.00021621813288057962,0.10029472385775055
25%,-1.1070723601736323,0.2427459664016679,0.006221665244390752,6.2673376477343385
50%,-1.0035261235394461,0.30694697346547767,0.008594990016993768,14.720369594216228
75%,-0.9651983060065791,0.6161382873258953,0.011573590720356259,38.627328624401386
max,-0.8840129902153996,0.8672951216554291,0.022479669486194644,78942.17684273116
