,X,Y,SPEED,CURVATURE,ARCLENGTH
count,180.0,180.0,180.0,180.0,180.0
mean,81.73469000000004,95.25280166666676,0.9948705470322742,0.18045138039400935,94.48973639179981
std,9.87190366685215,20.830925070942627,0.47196586956474257,0.23845507756269813,52.182479888526956
min,64.6434,66.5874,0.21919307698921914,0.00026709919800047027,0.0
25%,73.541425,77.120025,0.639732753408261,0.03040133921694773,58.86533891013351
50%,81.54840000000002,87.37515,0.9066017542846094,0.07942362057725863,93.02249898925513
75%,89.768075,117.60725,1.2322463740234055,0.24481084721325946,138.0664533007963
max,98.3305,129.4677,2.371545120802048,1.182187735654771,178.69628491453688
