,X,Y,SPEED,CURVATURE
count,420.0,420.0,420.0,420.0
mean,0.12207804731643335,-0.6231976311454044,0.008983800080243631,20.652086523303574
std,0.2454945086300207,0.3349082377106108,0.004775282043245791,84.02621263227634
min,-0.173630376186838,-1.0765951558073332,0.0006796864007789815,0.03370126905477913
25%,-0.06673160748742035,-0.9596116795063251,0.005505637342815245,1.7262634891177988
50%,0.058498537288939126,-0.7062186183262416,0.007913951837906524,4.986982013963804
75%,0.21618739027294703,-0.26323364369736896,0.01150089624544132,15.35261900313855
max,0.6179244970936616,-0.10308362965530045,0.02533115493613466,1371.9995107677448
