,X,Y,SPEED,CURVATURE,ARCLENGTH
count,180.0,180.0,180.0,180.0,180.0
mean,49.88659666666668,56.94427833333331,1.0032021565448395,1.1273341636019911,94.72529927894806
std,32.93110046546549,5.831449359319692,0.7636804046180972,6.362166034692908,58.711701412114536
min,10.7688,46.642,0.028660163991156007,0.00010136774910354508,0.0
25%,13.57755,52.6058,0.2647487986435423,0.003147030890761153,45.31519630149352
50%,46.790850000000006,58.641600000000004,0.9538682986278684,0.022704641210612053,91.96033009677053
75%,86.86710000000001,62.109825,1.5990993970581027,0.31967343504137763,150.6993278647375
max,94.9201,64.0746,2.346293641043251,70.53475900417739,180.4589926411784
