,X,Y,SPEED,CURVATURE
count,180.0,180.0,180.0,180.0
mean,-1.7881355263549399,0.10145864843572767,0.011019922708044581,182.2821690029022
std,0.13662505531141836,0.19724736307305182,0.006044698173149141,1152.8144721102944
min,-2.0175703253757806,-0.360825117836496,0.00045893363248801695,0.08775454948854153
25%,-1.905818234052727,0.07237487683681953,0.006660563777827178,5.040542457711222
50%,-1.8016354314703353,0.14109833630169055,0.010489520825419325,11.737797472469047
75%,-1.6756700722028242,0.22566648711391557,0.014432321614636269,31.67741174775273
max,-1.5415647863810162,0.39953907239601255,0.02882677143475457,11472.303115603643
