,X,Y,SPEED,CURVATURE
count,180.0,180.0,180.0,180.0
mean,-0.09075956190986197,0.9938921343571762,0.013015306545005776,65.2805553178684
std,0.17616011858758085,0.2608313611747562,0.006837975072764128,312.24393664836964
min,-0.3320492124473218,0.5213216977631892,0.0006695790923787552,0.01900909825442212
25%,-0.24148940230555038,0.7866252665321496,0.007961967036445602,2.529111926033865
50%,-0.0882397982381174,0.9274452379560163,0.012962510066267249,8.243112140247613
75%,-0.037581880495150585,1.2376929002979802,0.017596139237538843,20.525010581676135
max,0.26512580468941926,1.4727358872873797,0.03225044346731633,3811.3124623772173
