,X,Y,SPEED,CURVATURE
count,180.0,180.0,180.0,180.0
mean,1.6676468113739884,-1.2579900211052728,0.012417071489414495,44.81354518491537
std,0.20770861432074647,0.17379119755866015,0.007086520669809645,142.98879534133664
min,1.4311992601548356,-1.7145495051617174,0.0009900114883564916,0.005857249130941619
25%,1.5324343552741189,-1.3302282695155552,0.007083616579331371,3.8862661244491843
50%,1.5639011840880133,-1.237121459546763,0.011288460495920846,10.134675557740618
75%,1.7811233501004966,-1.1163211913947468,0.017437288096045257,30.8698969596467
max,2.179771864218813,-1.0191920670139163,0.032814714074566285,1710.5385783209515
