,X,Y,SPEED,CURVATURE
count,180.0,180.0,180.0,180.0
mean,0.3311519033502176,1.2443546800810903,0.01071970470683777,325.4982663705192
std,0.1765714656375341,0.3326720449271834,0.006451693634227484,3518.5786184728445
min,-0.1499102098178449,0.735758749970013,0.00012439509114808088,0.025184635135892575
25%,0.3511022114537174,0.8933933714838054,0.005417182865011629,4.03195662573487
50%,0.38065245984836804,1.2891868495351262,0.010695316464816675,10.984125644982427
75%,0.44558837423354314,1.5649482815311206,0.01459264016331944,32.35614207843751
max,0.5061988947791226,1.7055180638925953,0.029182551645644747,47207.99799560326
