,X,Y,SPEED,CURVATURE
count,180.0,180.0,180.0,180.0
mean,0.9161158114004612,-0.07206052726649968,0.015248783572271763,41.55440823794786
std,0.44111664123222644,0.10112418639010913,0.007401088019585472,249.4063595709812
min,0.08101261616954285,-0.5199979948230624,0.0010178066288174703,0.03224751741623891
25%,0.5952680507672914,-0.0774642727022959,0.010605657586771983,2.25406550997699
50%,0.9611346788830173,-0.0462806980597396,0.014098923542869641,5.5138325186158905
75%,1.3468350212844478,-0.02265554250649625,0.019127825155197776,14.534791155242168
max,1.4824660874307847,0.05289028232576894,0.03449378113882246,3047.614022736624
