,X,Y,SPEED,CURVATURE
count,180.0,180.0,180.0,180.0
mean,-1.991186538722939,0.30645874254135347,0.012809388404777024,30.83670936094865
std,0.12787173361117715,0.44776173252343143,0.005270732417933723,143.85588368227158
min,-2.2371691780404004,-0.23288427707569065,0.001305901203205312,0.030150049696273957
25%,-2.1038728744039115,-0.13069193033304147,0.009349444400279969,3.812793157178433
50%,-1.9732622853270456,0.1597197606402403,0.012048527805979762,8.872173223631881
75%,-1.8781816740451687,0.7511234996924834,0.017109363531880674,17.877551079936083
max,-1.7652806482512973,1.1331593059961935,0.02409521127242367,1787.7673582085022
