,X,Y,SPEED,CURVATURE
count,180.0,180.0,180.0,180.0
mean,0.3023779415196113,-0.03385555447401068,0.01089562598063168,38.23484403256584
std,0.2957294037928298,0.25107408957987876,0.005822715013667416,90.89175173128322
min,-0.37302510339165035,-0.5083995849585278,0.0015897706093625718,0.03480046461846812
25%,0.19655924230006042,-0.1853040765423912,0.006690130853166159,4.485978846879455
50%,0.3695135700611396,-0.028855902484226786,0.010317675446163455,11.112513902738488
75%,0.5128019124056766,0.17011530278278772,0.013929617983694211,28.789949151982505
max,0.67983621032771,0.32643186510603167,0.029241209444404653,761.5115802369816
