,X,Y,SPEED,CURVATURE
count,180.0,180.0,180.0,180.0
mean,1.1284147581896902,0.24814015266424833,0.01236178352490666,33.90233043493652
std,0.18104953027892567,0.14334377372144153,0.005983605957257705,92.63202741623692
min,0.8508240700839326,0.042234637050681215,0.0018638882895944118,0.08744157410718141
25%,0.9536129605248592,0.15134752421558292,0.007507440008958307,4.105146689240555
50%,1.139345239512498,0.21590132264638084,0.012309133371471192,9.080970632154273
75%,1.2495946603635457,0.3578814620281856,0.01725720145293489,25.77246609878252
max,1.532676071310185,0.5414814718849712,0.02662447748115574,860.5633992575109
