,X,Y,SPEED,CURVATURE
count,420.0,420.0,420.0,420.0
mean,1.9948437458157628,-0.276077946992926,0.012175422779338196,83.53957727187623
std,0.37474782285489483,0.23936055684508642,0.005799787587701939,1208.7039319178566
min,1.1942580360392787,-0.8392410138583416,0.00016508816186627643,0.00025552996737266304
25%,1.8296169714956931,-0.4739962799271088,0.008071336771357795,1.5422208835539397
50%,2.130928200339352,-0.20934683157328438,0.01157241746616777,3.419644748685506
75%,2.299958458001112,-0.10839940443525609,0.016235095073628712,8.282648343302732
max,2.4112462904751504,0.056148776746383404,0.029430425662796057,23920.18702643878
