,X,Y,SPEED,CURVATURE,ARCLENGTH
count,180.0,180.0,180.0,180.0,180.0
mean,-0.6127016666666665,1.5801388888888885,0.005271740710739604,20.75755426276203,87.7647265937744
std,0.14708103777572537,0.1996353573628005,0.0018618411296401562,34.116810902540166,46.77059271224746
min,-0.774,1.2536,0.0011236102527122113,0.18623358548164592,0.0
25%,-0.75145,1.3753000000000002,0.003617805253708472,3.6553878590554767,48.06764339900289
50%,-0.66735,1.6703000000000001,0.005575165562095278,8.335578101778669,93.28095184078651
75%,-0.5150750000000001,1.7577250000000002,0.006805088046921907,21.3054779521446,129.83916208326994
max,-0.29410000000000003,1.788,0.008654045296853992,225.06155798042315,155.24162203188172
