,X,Y,SPEED,CURVATURE
count,180.0,180.0,180.0,180.0
mean,1.152212850752728,0.882788834346735,0.010693896222440281,33.89131187985082
std,0.23443695359243485,0.12380004155782204,0.004343603510106416,85.06981033938663
min,0.8907843575754335,0.6630997533603071,0.0014862544019373504,0.062420212175749425
25%,0.9492281044605392,0.7806555846983712,0.007439928562716585,4.822970774019516
50%,1.037717439308726,0.909388082080943,0.010828547315869474,11.094095467046653
75%,1.4539139238191194,0.9713608207464708,0.013531363819568853,26.255182976590806
max,1.5181984119879233,1.0929571933488094,0.022541699875398887,891.098196098313
