,X,Y,SPEED,CURVATURE
count,180.0,180.0,180.0,180.0
mean,-0.3994543608539664,1.989803846674125,0.01230596136060234,49.612375968321004
std,0.3243750142699925,0.243675743629646,0.00633118863685382,166.48819570689815
min,-0.8886439815991933,1.6439591425864437,0.0014130237087225603,0.13805712925825134
25%,-0.713056729784022,1.7371722042669475,0.0071876111780098395,2.929540290124635
50%,-0.3856998751077927,1.9844504509024925,0.011686800978518295,8.204276680945963
75%,-0.07509949823001288,2.220831872512744,0.017385447603326026,27.4160156730796
max,0.021569110180280404,2.356352803475478,0.02566826856418886,1520.1563520473162
