,X,Y,SPEED,CURVATURE
count,180.0,180.0,180.0,180.0
mean,-2.0124714712053047,-0.22219981330766608,0.012254426711175857,44.29806188446595
std,0.2685245905631809,0.3485579738647439,0.006202121674755476,159.13771006105446
min,-2.5492439278050263,-0.7400289986957137,0.001197121390598075,0.26644387337927417
25%,-2.1254337017001044,-0.5012650903099514,0.0072499446649271024,3.6482249028816662
50%,-1.926020422692194,-0.24980090262664847,0.011569922166024836,7.701977624441792
75%,-1.8021394319524238,-0.04267518431272923,0.01795756525165229,27.972507470081144
max,-1.6887557201378678,0.4064924152435266,0.029455582234844242,1819.755822764467
