,X,Y,SPEED,CURVATURE,ARCLENGTH
count,180.0,180.0,180.0,180.0,180.0
mean,53.25069500000001,71.9744466666667,0.6921294190882993,0.5112246895093442,64.50146917833783
std,8.85359631199576,10.36513295872811,0.33562057588897704,1.5528057153771617,33.73357337145151
min,42.876400000000004,45.849000000000004,0.09686284117245605,0.0021629636211176594,0.0
25%,46.55865,67.27877500000001,0.43686604738771784,0.043031118828950714,40.72991705267484
50%,51.728350000000006,73.093,0.6274765203879158,0.10944652985967651,64.86681526368037
75%,54.67645,77.564575,0.9037407165405374,0.2864163433565486,86.63656155010898
max,75.49560000000001,88.193,1.5064656982487186,11.487085561245358,124.36999114359469
