,X,Y,SPEED,CURVATURE
count,180.0,180.0,180.0,180.0
mean,0.24672364524646134,-0.23107980536377748,0.013562814615762388,37.05169162012987
std,0.2672474077619262,0.16623903124189504,0.007187140272977219,110.71938882268773
min,-0.1519703215575455,-0.5190444454529182,0.0016635191928074887,0.059213213068621255
25%,0.05235912444434073,-0.32682140017348904,0.008424206215760646,3.707849591885478
50%,0.19492012386651827,-0.297239475433431,0.012096058026376243,10.029044938451712
75%,0.4945503017049435,-0.041900109714842926,0.01710069341827285,22.52278576797827
max,0.6897501865120104,0.04136674486596762,0.03452608689095813,1048.9649954797217
