,X,Y,SPEED,CURVATURE
count,180.0,180.0,180.0,180.0
mean,-0.764549232388666,0.1781030711500637,0.012485074025580285,27.50022784344127
std,0.2771104820331409,0.14414968953279067,0.005475452671007558,71.72051942132353
min,-1.2383420764882356,-0.1944048799058687,0.0009525621265255184,0.17049360035478733
25%,-1.0241173105169992,0.11303531705166828,0.008223293363273735,3.2945096733624455
50%,-0.6569360514900133,0.19254025440918288,0.013088339056333661,7.578821782472468
75%,-0.5025211438186838,0.29328948003882654,0.016038951761069616,20.94451040264755
max,-0.40408301224876486,0.36285650203528524,0.025291849114324506,537.1037534324857
