,X,Y,SPEED,CURVATURE
count,180.0,180.0,180.0,180.0
mean,0.408118161781831,1.0586339044880997,0.009962041251808556,107.1793240077408
std,0.0958020750214369,0.14641637347577693,0.005238594571839375,592.5227158194613
min,0.24962929939323783,0.8325603552783079,0.0004200141007650965,0.05898612851205155
25%,0.32747156546909306,0.9508031307949705,0.00595360119924519,5.576998768289543
50%,0.42033006122826855,1.0398526577406337,0.009101747549527982,14.322922023236362
75%,0.4816330436218346,1.1733118597687247,0.01317270952458874,41.25431258305329
max,0.5745865971960612,1.3223652040746565,0.026494871320598006,6373.584588116204
