,X,Y,SPEED,CURVATURE
count,180.0,180.0,180.0,180.0
mean,0.18112225468218238,-0.669871387698427,0.010270063964770447,488.4330948591182
std,0.20929157474991716,0.05615203959987333,0.005248591547646991,5015.867814645902
min,-0.31566140220752376,-0.8133911628138208,0.00010717669682909304,0.12234438506957195
25%,0.1348004485370945,-0.6983847031832264,0.006241183546493299,5.415777918134903
50%,0.23098400160373367,-0.6701565426265862,0.009440990695023986,12.197765376796252
75%,0.3158754838485559,-0.6343991304452057,0.013752325430588588,32.97258871741943
max,0.48901837988081515,-0.5669393516174912,0.023864940981126386,66522.0483600048
