,X,Y,SPEED,CURVATURE
count,180.0,180.0,180.0,180.0
mean,-0.08547189302700836,2.4873160657412927,0.010975193332021013,50.2469503534571
std,0.17559973641561702,0.09111336839827539,0.005565721534216841,105.07801952946272
min,-0.38928838494661094,2.2703916241262494,0.0007973872293202416,0.02649653480242001
25%,-0.2281329351653021,2.4419377203942796,0.006474418554829637,4.24485225460713
50%,-0.1267777465493606,2.5177391406587013,0.01010671267915391,13.27041462318309
75%,0.05628303159902359,2.5460084043114186,0.015049259888191942,39.63083100216818
max,0.2053561004306073,2.614084100827711,0.023441717457536676,694.0238079066442
