,X,Y,SPEED,CURVATURE
count,180.0,180.0,180.0,180.0
mean,-0.049525348622154394,0.9608163981081391,0.012243198607853136,157.12277738262995
std,0.3712329069729679,0.3457907458207154,0.007764563615286837,1472.678557239605
min,-0.5484640993479664,0.10183545672119827,0.00035001985710322186,0.03016717981147988
25%,-0.3556778674429979,0.8610089777507457,0.005734737379366703,2.6093903667905796
50%,-0.10767776685185487,1.1588670687097258,0.010250984026465028,8.17892718166488
75%,0.2275725015353041,1.1892845436802897,0.017775510161636372,28.407950234072132
max,0.7125566468098982,1.2216433635866353,0.031203084057738202,19731.45051240818
