,X,Y,SPEED,CURVATURE,ARCLENGTH
count,180.0,180.0,180.0,180.0,180.0
mean,36.180623333333315,18.99598555555556,0.2896650014150151,0.3659999404514203,21.060218116711532
std,10.348996887001276,2.3865799744460827,0.14860270096575928,1.0512111831829338,14.7441414797187
min,20.983600000000003,13.4952,0.05798450223982258,0.0003211694483875363,0.0
25%,25.7513,17.223575,0.1657390267504582,0.013991381267625677,7.365130158724839
50%,37.64025,19.658250000000002,0.2853590718206784,0.06224575247463551,20.24038616243535
75%,44.949600000000004,21.009300000000003,0.38553515014532236,0.15858935307893074,33.75498986613317
max,51.7029,21.6587,0.657970554052381,6.560835372033076,51.7485504391677
