,X,Y,SPEED,CURVATURE
count,180.0,180.0,180.0,180.0
mean,0.8536180231749546,0.07185696875991075,0.0106959376990214,53.8437627993483
std,0.18766790796575464,0.2023388098051306,0.00598094614251065,144.20758834396935
min,0.5600151482297255,-0.18567049101566882,0.0012034481300930906,0.10819675668997672
25%,0.7169452790810362,-0.1090731717477525,0.005295787007656564,4.797717635229743
50%,0.7753345741740721,-0.006655863301670843,0.01000667957968442,11.251106661016532
75%,1.039708268321938,0.28649721896069646,0.01609778709231934,35.146638992189885
max,1.1754395054516333,0.4255045536080828,0.023134139676974228,1139.5969592870467
