,X,Y,SPEED,CURVATURE
count,180.0,180.0,180.0,180.0
mean,-0.2651220998340869,0.9716434544415277,0.013394515126657201,91.8156025003726
std,0.1437936407527436,0.3607710371827155,0.006817489321378256,711.7967658866636
min,-0.548984286565887,0.3224205807414051,0.0005821721971553529,0.11005387553906677
25%,-0.3483350605181213,0.742384975163145,0.0077691627787354126,3.3359848808038826
50%,-0.21249917673421015,0.9915431586133145,0.012732352627680226,7.996057098165866
75%,-0.16776186054229986,1.2800946136575877,0.019227394177286222,22.792533089152734
max,-0.05630734688279872,1.4652977204704263,0.026846727621023993,9462.533375666992
