,X,Y,SPEED,CURVATURE
count,180.0,180.0,180.0,180.0
mean,1.135241877026567,-0.742244767694718,0.008450639413298665,151.36987250754825
std,0.08495661754698557,0.10904685454416863,0.004286757473202824,692.5096844301522
min,1.0177908514443317,-0.8892741139702423,0.0005609689832145265,0.09264325155432392
25%,1.0597751297082298,-0.8364528622050441,0.005229780320405129,7.588334949247178
50%,1.1142940534442443,-0.7634030613000713,0.00829107578571036,21.59074092159826
75%,1.2229921944657247,-0.6249506963537549,0.011724741903270856,69.75010639352935
max,1.2768986660140513,-0.5605278421093126,0.01967734336984426,8120.211815812663
