,X,Y,SPEED,CURVATURE
count,420.0,420.0,420.0,420.0
mean,0.21056274074725534,-1.1480910579297836,0.008828985530031799,25.22961760728944
std,0.18360983598528163,0.22937721089032978,0.003433188466650386,163.45623490063744
min,-0.10175115465222118,-1.4646667855766644,0.00039791641342958506,0.007308316492685766
25%,0.0522260872242459,-1.3100003269671685,0.006285310474115334,2.553727264366524
50%,0.200198814856676,-1.2300530451639216,0.009036309122252112,4.508947725131658
75%,0.3570522518849109,-0.9466676569942678,0.010654932315866561,11.973799872191275
max,0.6112088404457415,-0.723804819398673,0.016288741904576912,2801.2017725784294
