,X,Y,SPEED,CURVATURE,ARCLENGTH
count,180.0,180.0,180.0,180.0,180.0
mean,-0.9023111111111113,0.03829777777777776,0.004580235511400682,133.34472503035204,113.49549187051667
std,0.025417663960652155,0.1019462893725017,0.002751002538251804,611.945766573079,66.79360850887606
min,-0.9399000000000001,-0.21730000000000002,0.00019999999999997797,0.0,0.0
25%,-0.9273250000000001,-0.0214,0.002440904054036992,4.431542833714531,55.43349247657552
50%,-0.9014,0.08805,0.0043984099518764586,14.091307143911102,113.65248786658732
75%,-0.884825,0.11762500000000001,0.006179799120315424,36.27921028855904,170.5797395926302
max,-0.8528,0.1272,0.011923925528113631,6250.000000001382,228.44068370650785
