,X,Y,SPEED,CURVATURE
count,180.0,180.0,180.0,180.0
mean,1.4340709980886166,0.3807068182241813,0.01187641314772966,114.66436067959518
std,0.1841776769628261,0.10401956961151354,0.005176345301532263,959.7448251911169
min,1.1480036104391327,0.1825830526584541,0.000380730284844334,0.07633452719250053
25%,1.2862743097301874,0.31848575506292254,0.00857677039666076,3.7282940598575065
50%,1.4069012007936639,0.3578915252877688,0.01166185721911019,9.972637603554736
75%,1.5546505287229802,0.46255726388240637,0.014383072011849223,23.544859170852845
max,1.7982936832764447,0.5907052629678796,0.023910737171560715,12708.53893962824
