,X,Y,SPEED,CURVATURE
count,180.0,180.0,180.0,180.0
mean,-0.4847767105200316,0.4125809758275787,0.012352070778114567,75.2557736806165
std,0.16051237706063967,0.3097228169748315,0.005420859322964921,419.2769756306928
min,-0.7388850335701233,-0.08506542693010057,0.0002908551087185667,0.013723970997573158
25%,-0.5999315424550656,0.18134369982245474,0.008773192559067701,3.8522191480003958
50%,-0.5152870405286456,0.357472755267751,0.012513668028655346,8.152134721133752
75%,-0.3436658666436752,0.7436716866623144,0.01528177421047031,20.109080581158718
max,-0.10534245767042139,0.9083164960228493,0.029072492710879774,4688.354439280545
