,X,Y,SPEED,CURVATURE
count,180.0,180.0,180.0,180.0
mean,-0.025724104582223815,0.5891416014467431,0.009732774652705497,59.092706679978065
std,0.10629399710296117,0.165636728252724,0.0055512282631921955,219.45931264443644
min,-0.3941367619992186,0.38192555427144764,0.0007510256145141192,0.16332277444951768
25%,-0.09308017451434934,0.41839183858898366,0.005316694224645647,6.8780310559588145
50%,0.013366058214689426,0.5923442867199993,0.008023457839247778,16.64372266269858
75%,0.048632322768314945,0.7355776492205011,0.013132636180024429,33.65856229699814
max,0.11317163090673064,0.8707729719073649,0.022533932361823734,2780.660992599959
