,X,Y,SPEED,CURVATURE,ARCLENGTH
count,180.0,180.0,180.0,180.0,180.0
mean,-1.0455683333333332,-0.2739561111111112,0.00657420973799698,76.73296960590247,142.70729429851235
std,0.1569474072943691,0.2027919613085889,0.0036923277980737356,296.50600348516025,75.94126081966164
min,-1.359,-0.6745,0.00035355339059325446,0.06380307582884999,0.0
25%,-1.1396000000000002,-0.41800000000000004,0.0028591940847795135,1.4874069521186282,80.51295415212776
50%,-0.9767,-0.1582,0.006900090731316463,3.3517916778018484,147.32688788692764
75%,-0.9478000000000001,-0.13305,0.00981197977084211,24.411421170584354,207.52940475530286
max,-0.7211000000000001,-0.0758,0.012439151900350772,2545.5844122718513,264.68977259505004
