,X,Y,SPEED,CURVATURE
count,180.0,180.0,180.0,180.0
mean,0.831840322859973,-0.12539796622921764,0.011587093580676123,59.112673268985965
std,0.4165122954394554,0.09207758648940849,0.0065441309168770695,150.40453651575112
min,0.1736443242933489,-0.2894509929688377,0.0008468089694488646,0.03158118934750821
25%,0.3637323331076591,-0.2187150649725323,0.0061703186900845045,4.8129395293421515
50%,0.8388059483606514,-0.10704851032231069,0.010287883200643534,13.852052597390482
75%,1.2432490453933112,-0.05200198167615595,0.016583237488573942,40.56732056021098
max,1.3607970891673469,0.0902777360982734,0.027939892665656652,1311.3253827472113
