,X,Y,SPEED,CURVATURE,ARCLENGTH
count,180.0,180.0,180.0,180.0,180.0
mean,-1.3346094444444447,-0.7138183333333339,0.004542428490281035,327.98649433328853,171.63110005489145
std,0.08451734719773962,0.08650405904836822,0.002145053181253932,3193.5114024485615,97.73463733760246
min,-1.466,-0.8548,7.071067811864696e-05,2.2719672482958394e-11,0.0
25%,-1.4112250000000002,-0.779925,0.003545717991864873,5.381366217942222,88.30069628656388
50%,-1.3338,-0.7377,0.00474354810177237,12.38207976366284,176.24289963401955
75%,-1.2585000000000002,-0.63915,0.005494930001894575,23.354476772578213,254.0305365321716
max,-1.2084000000000001,-0.5643,0.009865343379730891,42426.40687119753,337.8520089130581
