,X,Y,SPEED,CURVATURE,ARCLENGTH
count,180.0,180.0,180.0,180.0,180.0
mean,-0.7263083333333333,0.40151,0.005078954619925474,159.3752330463625,106.78117579557956
std,0.2187778973432229,0.11427928061400121,0.00365391585643149,955.5427698477606,53.36963333633921
min,-1.0245,0.2466,0.00018027756377320272,0.1514568338203085,0.0
25%,-0.976675,0.27175000000000005,0.00199164074439041,3.1434628590167923,63.62077277015416
50%,-0.6475,0.4243,0.004012604479784423,18.305452405060898,117.64505817935847
75%,-0.525375,0.52435,0.007271291949546525,55.14406384823421,151.61112976816992
max,-0.4257,0.5417000000000001,0.012250918332925069,12374.081300407694,183.91336564590722
