,X,Y,SPEED,CURVATURE,ARCLENGTH
count,180.0,180.0,180.0,180.0,180.0
mean,12.030343333333333,35.400365555555545,0.703042459367693,0.28685852135860657,62.68536017654751
std,7.345481080898898,10.690363354159045,0.3140420307440676,0.6108815868599616,38.824638359402
min,1.2730000000000001,19.6977,0.15874032253967402,1.3361452326825096e-05,0.0
25%,5.397475,26.087775,0.441012607617145,0.03703197249594789,28.067003306833694
50%,10.1693,34.52935,0.6766731465704743,0.10874986719813284,59.8187489363754
75%,19.971175000000002,44.781949999999995,0.961254042847226,0.2897097758406533,96.39262586735589
max,23.8767,52.6013,1.3297797082599816,6.348308924142185,126.35396168919002
