,X,Y,SPEED,CURVATURE
count,180.0,180.0,180.0,180.0
mean,-0.8764996626176232,0.3457179852965126,0.008738709880411154,77.86070742005451
std,0.0710184756560492,0.1572168846995733,0.005156666079709541,203.35900302459143
min,-1.01658265112212,0.08640813480006984,0.0008238927210777859,0.03363903006290206
25%,-0.9306589957509817,0.23972500024228588,0.005018837090502205,6.1454624548342425
50%,-0.8659293038446347,0.3443662283763863,0.007265254564706437,20.285080735161465
75%,-0.8306611534525364,0.4640388077074401,0.011695786566187047,68.97173876356369
max,-0.7476274294041605,0.7744993826441617,0.022853107634561196,2227.3506981089063
