,X,Y,SPEED,CURVATURE
count,180.0,180.0,180.0,180.0
mean,-1.2757586469746052,1.0786351690663802,0.00902452501502143,60.984565753225596
std,0.10427894017933191,0.22452120663145536,0.00380213167279907,165.94593584593568
min,-1.4707272440010422,0.6953882320531501,0.0016074501102268856,0.23284001784484507
25%,-1.3427399576480492,0.9255377995680695,0.006015023133605824,6.8879946546270405
50%,-1.2932455823118807,1.1111304809100209,0.009116592084989057,16.373759788202868
75%,-1.2125495079870503,1.2733163924270008,0.011711271115141217,41.861291884058055
max,-1.067511791133214,1.463374589972017,0.019448232137163818,1378.2299583483284
