,X,Y,SPEED,CURVATURE
count,180.0,180.0,180.0,180.0
mean,0.5812394200082017,1.3889067397235662,0.013509489827296361,34.50743668097233
std,0.29434944016287595,0.3042309113522198,0.005853035848644366,128.02479274754552
min,0.14145192296710454,0.6550567554969702,0.00041372622402385465,0.21900280660427546
25%,0.24843188316144343,1.2105793362035477,0.009376016286321388,4.013147953317809
50%,0.6012346452694082,1.437736566291714,0.013704454359447157,8.59846341493028
75%,0.8627738673821833,1.6161003340543811,0.017283433985698007,17.50670271472339
max,1.0459381984877372,1.8134047471155872,0.027553972069478863,1459.1540759371792
