,X,Y,SPEED,CURVATURE,ARCLENGTH
count,180.0,180.0,180.0,180.0,180.0
mean,0.5634200000000006,0.5110472222222223,0.007000625308349763,9.92368879620848,59.320699061635594
std,0.17130529981006645,0.17180562403583127,0.0024769993928236297,13.586605598337313,41.58327647343443
min,0.33690000000000003,0.25620000000000004,0.00261007662722764,0.03196396248400435,0.0
25%,0.38555000000000006,0.373075,0.005315072906367329,2.393858702733917,22.985790205573167
50%,0.5755,0.5103,0.006739342974668811,5.180841340746953,51.366435238302444
75%,0.75975,0.639,0.008393551330814287,10.45899565796022,93.13875488464564
max,0.8210000000000001,0.9142,0.013839797686382526,82.25003696945028,142.51823151583542
