,X,Y,SPEED,CURVATURE,ARCLENGTH
count,180.0,180.0,180.0,180.0,180.0
mean,1.0695844444444447,-0.8470583333333335,0.004244838903007179,37.51234636350805,134.84545715203993
std,0.055729084131406544,0.1638480689745958,0.0019850266082578694,97.60297865364373,77.62303193278552
min,0.9947,-1.0699,0.0007810249675907358,0.28414130650894087,0.0
25%,1.00645,-1.024725,0.0023719618416378732,5.831051155450059,69.65970976888033
50%,1.0744500000000001,-0.82165,0.004231131959266218,12.715107292013787,132.98372821429837
75%,1.119675,-0.6811,0.005320256694745407,29.90441293300457,200.55423692162452
max,1.1708,-0.6344000000000001,0.009041708909271518,1017.9981437285376,270.72793696626997
