,X,Y,SPEED,CURVATURE,ARCLENGTH
count,180.0,180.0,180.0,180.0,180.0
mean,68.14913222222228,74.51183833333337,0.4040159914634778,0.48624749043718524,35.51890642138868
std,3.5677961964656273,8.76397798405193,0.15742770878892415,1.8540558464665287,20.640495603487594
min,63.5739,61.2366,0.04501249826436678,0.0002420227090845445,0.0
25%,65.17002500000001,67.145025,0.282818883220156,0.03662667906773421,17.33083942812842
50%,67.59905,74.6204,0.3918918596907476,0.10097511831527273,35.048337306739924
75%,70.74362500000001,82.04815,0.5323679621099817,0.26584606728010723,51.32123918585278
max,74.796,91.1911,0.7070261823299072,19.231461268555144,72.49655453978174
