,X,Y,SPEED,CURVATURE
count,180.0,180.0,180.0,180.0
mean,-0.32581098247815293,-1.5986061923518664,0.012940331319778103,29.71697478549312
std,0.1301386133842899,0.36623359776228054,0.005817019947283883,103.42600151539511
min,-0.5913058023289722,-2.179482221496174,0.0016811909982575146,0.1400136484499475
25%,-0.4239053610514904,-1.9544766438958305,0.008805075694670953,3.159457592150396
50%,-0.267763632267464,-1.580781375878845,0.012389086816277126,7.29094905226289
75%,-0.21709142453818345,-1.1802996894587177,0.01650425376996777,18.130808939358243
max,-0.11910080222156237,-1.11534231882921,0.027957351474765448,1142.7141817155862
