,X,Y,SPEED,CURVATURE
count,180.0,180.0,180.0,180.0
mean,-1.7702910868151425,-1.2064495455914934,0.010231343561487862,64.42273926485964
std,0.1815817468604043,0.1966508014273291,0.00554314437273456,205.91502755245006
min,-2.023544232083842,-1.4968706347758691,0.0007724951831873334,0.026376911543107895
25%,-1.9550286474174081,-1.437330368341187,0.006363088759708937,4.585816108822896
50%,-1.7066913163583535,-1.1438938300145969,0.009635444189335964,12.037790146001441
75%,-1.6070187008847219,-1.0452300170019075,0.013944466316431002,36.98593430910349
max,-1.4961881596179132,-0.8926228287494088,0.028133952203296567,1742.8736429117205
