,X,Y,SPEED,CURVATURE
count,180.0,180.0,180.0,180.0
mean,0.3889581328976398,-0.5047100396470094,0.011412779891333298,58.93437608214136
std,0.12058671067516748,0.16344496290700447,0.005083248651342646,267.84644051743396
min,0.12436713230417527,-0.720071492303907,0.0007446956299956502,0.10335302056449562
25%,0.3485997761638398,-0.6361203227706694,0.007088182267422238,4.4070362786242105
50%,0.40581044533749633,-0.5276487191605488,0.01167099808203926,9.793637473840551
75%,0.4667879939419232,-0.41934196124611367,0.015633207495438547,29.840853824264926
max,0.5738384006055922,-0.1049555122373613,0.020897081686605465,3286.19200894091
