,X,Y,SPEED,CURVATURE
count,180.0,180.0,180.0,180.0
mean,-0.18657611352196773,0.4964839432047054,0.012825787642073538,42.89474680396276
std,0.22294781005697534,0.252406672433392,0.004857008430442192,221.55817872509354
min,-0.6074962511668803,0.16404308170383053,0.0009102074928155619,0.008533105329551385
25%,-0.3559522411071596,0.2568341612890711,0.00889482108424372,3.123666392888299
50%,-0.2187449089840346,0.5018269550499818,0.013665746777215399,7.850844862474338
75%,0.062392387167443455,0.7030165214313844,0.016508363497920744,18.641928761424346
max,0.11418863234211815,1.0691375381617718,0.02349019351309016,2554.9076266406023
