,X,Y,SPEED,CURVATURE,ARCLENGTH
count,180.0,180.0,180.0,180.0,180.0
mean,-0.48471611111111124,-0.8981716666666673,0.007903494818492581,7.7768720056654095,48.598319509888675
std,0.21228054962750403,0.18426193593988105,0.0025229405980060063,8.563223376097442,39.84378373392784
min,-0.7382000000000001,-1.2435,0.0031004031995854916,0.05898894958375946,0.0
25%,-0.665575,-0.9961,0.006287268751114407,2.0529882275869866,11.47998383583964
50%,-0.5375000000000001,-0.85605,0.0075044548105855525,4.479811678824612,40.179947454399056
75%,-0.33187500000000003,-0.7495750000000001,0.009511440381719197,10.768378802854011,83.68298977545123
max,-0.0035,-0.6556000000000001,0.01328495389529072,47.06188962971489,123.04039457544275
