,X,Y,SPEED,CURVATURE
count,180.0,180.0,180.0,180.0
mean,-0.9446417046539469,-0.6500697937541285,0.011706353781817398,41.68533129666656
std,0.2676295703483007,0.19561758903821402,0.005873843450134429,106.95757309083913
min,-1.4444278327796929,-1.2315563798481455,0.0011918935013955137,0.043738466810574146
25%,-1.111558133915771,-0.7222844343672619,0.007454383835780856,3.6641566490627198
50%,-1.0067794307098195,-0.6288709984386205,0.012056681624870644,10.800764439357476
75%,-0.7477426229309418,-0.49485957720864804,0.014848114863030544,28.41658952534032
max,-0.3675947699638922,-0.41238093270961546,0.029875267937956456,860.8884331649186
