,X,Y,SPEED,CURVATURE
count,180.0,180.0,180.0,180.0
mean,-1.1446384104367697,0.3481299654257227,0.010494330528098913,65.74730865408439
std,0.25132960609984323,0.2508894775836955,0.005603837294229143,195.82465664490672
min,-1.3837934575815571,-0.15618855855437386,0.0007847645847463664,0.09295857325785768
25%,-1.3126376481673803,0.11280146839132493,0.00660581228314408,4.918287094303221
50%,-1.2612856987081509,0.49374238643517077,0.009600235144005109,13.861880117416264
75%,-1.0356692695094287,0.5480917493687145,0.014268735271649102,39.30169352933367
max,-0.5171429848169975,0.590115055645748,0.026257634921451136,1643.6104095863095
