,X,Y,SPEED,CURVATURE
count,180.0,180.0,180.0,180.0
mean,-0.8990401449335397,-1.148928379158397,0.013127917283759626,50.81896285882983
std,0.2356774667615318,0.2294341944398855,0.0057874480881557,311.09902076404154
min,-1.3521862123396837,-1.592657358965121,0.0005542247568035869,0.00407475566223714
25%,-1.0547077462810428,-1.2421752099376195,0.0088053373980756,3.1509647922603135
50%,-0.8253746897456324,-1.0873966758859264,0.013475758708702344,8.44125486410963
75%,-0.7427119262133001,-1.007573370251265,0.0170346911905848,18.01680314704175
max,-0.5311701403930696,-0.8280710639031849,0.025406727217345385,4090.57000822389
