,X,Y,SPEED,CURVATURE
count,180.0,180.0,180.0,180.0
mean,-1.0389511552492199,-0.32573189471405967,0.011386046133975094,51.55907226247822
std,0.1104577178616461,0.21588311120513867,0.0052583783388476125,217.6968928345357
min,-1.2422961473325016,-0.6280727471853154,0.0008053066049288547,0.009636293733732025
25%,-1.095924194503841,-0.5586473073198555,0.007532979811703836,3.6686750653251696
50%,-1.0479086999544724,-0.2877102307049835,0.011166875795033677,8.86643747250539
75%,-0.9781312539020803,-0.15659284909864846,0.01437126334316599,25.33511066047101
max,-0.7638549188507897,0.005950877784290872,0.02596564165931019,2422.4730726774656
