,X,Y,SPEED,CURVATURE
count,180.0,180.0,180.0,180.0
mean,0.4366928847532243,0.5457604858288783,0.011836864302004986,42.80437957693552
std,0.15674017125699466,0.08822366521231001,0.0054485464820664626,178.3209128131025
min,0.19772541078340244,0.3655076064249879,0.0015325765366547605,0.00015109062442398002
25%,0.2889648272280301,0.4776887134848008,0.008096889480672697,2.74085313620749
50%,0.41966055227415466,0.5675511198235768,0.01160552453642769,7.661983394087939
75%,0.5623980714945727,0.6153708289286336,0.01511692444204836,22.393550072402164
max,0.7199867168959724,0.718171966264784,0.028258268938858754,2099.855166109751
