,X,Y,SPEED,CURVATURE
count,180.0,180.0,180.0,180.0
mean,-0.04014063535523489,0.11977784114198868,0.011762383230521383,53.805268333139416
std,0.2743201888154194,0.1960296970429669,0.006116227955395751,246.07692230662016
min,-0.42744380584036273,-0.17333241908678904,0.0008809025907417943,0.16213270993852513
25%,-0.25177142272637243,-0.023155600139815078,0.0070174647383470625,3.8228733502242362
50%,-0.10199367592626217,0.07081673461301646,0.011600382412949646,9.49039029229165
75%,0.08476422675355483,0.29688957019911416,0.01564560868273815,24.23200680440133
max,0.46170701050232144,0.4604184331213281,0.03116662046640156,2960.681933877377
