,X,Y,SPEED,CURVATURE,ARCLENGTH
count,180.0,180.0,180.0,180.0,180.0
mean,0.7218699999999996,0.6200288888888887,0.004253593524214233,1397.2049339358562,0.383662366914923
std,0.0770866876898626,0.04637883533977131,0.001478716950144312,17179.796074065984,0.22216023875991864
min,0.6105,0.5545,4.999999999999449e-05,0.2749764414565807,0.0
25%,0.6590750000000001,0.5766,0.00332151759707827,5.159925708083936,0.16977293033007884
50%,0.7143,0.6075,0.0044124537762464675,16.21868125602045,0.39925604786667557
75%,0.7793,0.6611,0.005302534723084364,32.78326478926574,0.5513738166662933
max,0.859,0.7014,0.007337063445275624,230000.00000005864,0.7640824509510863
