,X,Y,SPEED,CURVATURE
count,180.0,180.0,180.0,180.0
mean,-1.9205276696436693,-1.0981177148428285,0.012105614581406125,47.78815707290278
std,0.35699686057032437,0.13600299719710512,0.006436870699673733,223.7683716218993
min,-2.4305350192138824,-1.3401364031331156,0.0011759732152378138,0.13070412994881977
25%,-2.2244696230857577,-1.20991650771517,0.006956044421286875,2.9552601485629983
50%,-2.024403504175633,-1.1124651097328346,0.00989283176066361,9.808160639115545
75%,-1.596618085905083,-0.9608887596104866,0.01784297969068769,26.762729686158924
max,-1.3274108305057934,-0.9232950788553114,0.028959882797193744,2855.6225521982087
