,X,Y,SPEED,CURVATURE
count,180.0,180.0,180.0,180.0
mean,0.6248353922005553,-0.167718607357292,0.011672935492098177,69.84616795381598
std,0.09434939252164068,0.16233905322586778,0.005646842166484442,301.93007595653484
min,0.4283875881040432,-0.43348731927907813,0.0008567482118230121,0.014325100032309522
25%,0.5886674528761904,-0.3099286019757679,0.006600706315567901,3.1832708512005796
50%,0.6240461946578769,-0.1572808853477065,0.011986305371553116,8.174003584549553
75%,0.7134092069244266,-0.033512924873898516,0.01603045820996058,21.139494785808168
max,0.7417036726781608,0.110803147635482,0.024003149215733363,3059.7577605062256
