,X,Y,SPEED,CURVATURE
count,180.0,180.0,180.0,180.0
mean,-0.897366230796034,-0.6201545090605733,0.012261733951141525,28.22074226953007
std,0.20494357972203714,0.22689850883291698,0.005349256073640536,81.47403491211024
min,-1.2410925081611277,-1.0191476624528835,0.002037011881738858,0.06193291420031498
25%,-1.1055386274537624,-0.812305871129953,0.008614668697630636,3.952250455624122
50%,-0.8398270916797328,-0.5893324678299143,0.012334255541831101,9.20742245664006
75%,-0.748109273029314,-0.4523412332194999,0.01525481731471822,21.096528707792466
max,-0.598032950426678,-0.23868569864347855,0.03019751938743859,841.8776155646917
