,X,Y,SPEED,CURVATURE
count,180.0,180.0,180.0,180.0
mean,1.209337231437286,0.5135453297583616,0.00927235939039607,70.8587604716021
std,0.10771622444064294,0.13696000344952766,0.0049822846936427865,164.73557693696415
min,0.995093480707437,0.2667175904660073,0.0009928649502873573,0.11463262259496619
25%,1.1663195657397485,0.3676651209937994,0.0053835939531165465,5.774349052395923
50%,1.2068048176437185,0.5641731932941905,0.009002837720745858,17.563380401519048
75%,1.290593267315388,0.639086656114794,0.012479478751185415,43.38713918982404
max,1.381688638360259,0.7161624629367234,0.021978046113990304,963.3953853334596
