,X,Y,SPEED,CURVATURE
count,180.0,180.0,180.0,180.0
mean,1.2082597209056447,-1.8020644046539265,0.00993409905788386,53.19726139142772
std,0.17365279127444624,0.07888764356666884,0.004262951340983705,220.71025055363083
min,0.9566513509515959,-1.970934988861763,0.0008923050516212575,0.0348644006616753
25%,1.0566586844102432,-1.8488429563747188,0.006312712621181959,5.989215426478902
50%,1.210342915862603,-1.8005819686337787,0.010030624211439548,12.003844880248677
75%,1.2888904964605188,-1.7310689337041278,0.013072890056158278,34.01940829017727
max,1.564787660895242,-1.6687291599724883,0.020225855025298355,2215.0333856491457
