,X,Y,SPEED,CURVATURE
count,180.0,180.0,180.0,180.0
mean,-1.9400219092646134,0.9564573295950545,0.01229872072089071,32.2035110829867
std,0.16142231771590249,0.1975735695160293,0.004894862159556603,152.8619176562861
min,-2.2532898613246837,0.5969640056743268,0.0016565002415146284,0.05234197366712936
25%,-2.082991476428301,0.8356784125025831,0.008435455604175756,3.720076923307473
50%,-1.8845777068139122,0.9395474666179229,0.012543946306050971,8.445920532886987
75%,-1.806007870623144,1.1294400936545868,0.015075468842797316,21.76609888227292
max,-1.736576036809946,1.2622520162925108,0.024816108885441824,2019.2085652683536
