,X,Y,SPEED,CURVATURE
count,420.0,420.0,420.0,420.0
mean,0.2697487933690015,0.505997207924226,0.008886500100635639,74.29399233672672
std,0.3717048131245755,0.10489644786560537,0.004282650300963776,1044.7193328120643
min,-0.2877979329542114,0.272691224272886,0.00020358438743745222,0.001949148500146456
25%,-0.09145966279487944,0.4512004079441472,0.006093812567985828,3.00195443092377
50%,0.2389818914353758,0.5226917778962934,0.0085205592351595,5.9007372252616666
75%,0.6362094322008222,0.565602024699392,0.011173406850518342,13.03861500276527
max,0.8672495461252955,0.6917917823403555,0.018976800202005553,21357.001412750935
