,X,Y,SPEED,CURVATURE
count,180.0,180.0,180.0,180.0
mean,1.8312882359535454,1.1941446450368725,0.011494973062287797,44.87381004413051
std,0.12291444826070397,0.23828210670162633,0.005350894985083608,183.61596131174417
min,1.6133462517929504,0.7489315386214319,0.0008487116902349863,0.07216175721521566
25%,1.7150589228672253,1.0714997478093737,0.007758023231926218,4.133558138029065
50%,1.8272425479630496,1.2417007535768114,0.0105746779564928,9.104749691483342
75%,1.8965984782594205,1.3870624964357747,0.015916996396840754,24.505426991498794
max,2.097745081412858,1.5351177167560206,0.023420623618763424,1822.4312981675832
