,X,Y,SPEED,CURVATURE,ARCLENGTH
count,180.0,180.0,180.0,180.0,180.0
mean,-0.32769444444444445,0.13635222222222224,0.003610329281728544,144.99703564454225,48.25443710428094
std,0.10098355346056129,0.03494993299368669,0.002116649278296208,533.6776918653895,24.607294781069207
min,-0.46690000000000004,0.0884,0.0002828427124746222,0.11343208178673377,0.0
25%,-0.41440000000000005,0.10987500000000001,0.0020974468645280917,7.644065222778858,28.066459224370384
50%,-0.3497,0.1215,0.003279070151738955,20.38738587266537,53.48894611046619
75%,-0.221225,0.1634,0.0049698805296679235,50.703628688209946,69.14566656545726
max,-0.1925,0.22640000000000002,0.010121264743104008,4842.3129922589915,83.02274623076599
