,X,Y,SPEED,CURVATURE
count,180.0,180.0,180.0,180.0
mean,-0.7310575156268959,-0.46763772027620626,0.007948101105629485,122.83268578776993
std,0.15222799008970506,0.07178612512843273,0.004700711692644623,555.6956704273242
min,-0.9455731980713034,-0.64136877285244,0.00048545016112753624,0.24849490986024247
25%,-0.8563820489270442,-0.5072098060012387,0.004187959045194468,10.153665358654113
50%,-0.770890384969157,-0.44451430684757,0.0069825431532157325,22.379389813161552
75%,-0.5634759742499115,-0.4133176172358912,0.01093815280094053,80.882917097814
max,-0.4393609334173488,-0.3407840599218745,0.025879136976309083,7105.767667422892
