,X,Y,SPEED,CURVATURE
count,180.0,180.0,180.0,180.0
mean,1.116156264647996,-1.0383827185545498,0.013858751496674225,17.50971744397107
std,0.1712158461049207,0.27249626534820887,0.005630030734453815,26.3528143132865
min,0.744131023157163,-1.4073152270553357,0.0009104037844195794,0.07875270411542773
25%,0.986475614968771,-1.2754269531799216,0.009674716884564,3.117734432812242
50%,1.1669644862807362,-1.0878576015322028,0.013391027894208507,8.615048172175069
75%,1.2051561934854143,-0.8428836178445283,0.016893766171972753,19.441656686058252
max,1.408640921743214,-0.2856425919938984,0.030554469841955326,186.64274215247696
