,X,Y,SPEED,CURVATURE
count,180.0,180.0,180.0,180.0
mean,0.7035414749468476,2.289972609842871,0.009614676953166756,73.99034832942431
std,0.1361782446584505,0.1684962872204219,0.004497938277378445,462.9498478759358
min,0.4103786531388432,2.0267113768980067,0.0004552640412144113,0.07139985281509582
25%,0.6055837510047903,2.1758077533398525,0.006499034558947184,6.948362611552787
50%,0.7282480700553275,2.2858094123234785,0.00917587832795106,15.887360647694678
75%,0.8181648478539323,2.3722587880791517,0.012107643425777668,36.74763886225833
max,0.8843288249318122,2.6567482207541877,0.022976478370348843,6064.892804723223
