,X,Y,SPEED,CURVATURE
count,180.0,180.0,180.0,180.0
mean,1.2089710922686518,-1.4742565709654343,0.011233711724918166,36.72807818786383
std,0.28240137839514934,0.10091312893669666,0.005576051709589294,82.90922785635024
min,0.5911714486995028,-1.6232386933771532,0.0010076020384588683,0.20838384031588011
25%,1.1039227046586872,-1.5533092599771028,0.007064840496626578,4.298264142338771
50%,1.276191211936922,-1.4982574611167325,0.01069475462487342,11.197043581279097
75%,1.3961511838350142,-1.39009041989753,0.015459315327144642,26.8156472740069
max,1.7190498804677714,-1.2101417917815591,0.02530295495786548,635.1088207108894
