,X,Y,SPEED,CURVATURE
count,180.0,180.0,180.0,180.0
mean,-0.07848480673156075,-0.04262049255156723,0.011137400938540664,48.73617715794109
std,0.12098743582504995,0.14089684544782444,0.007238291793197436,102.76127624696251
min,-0.34124595032459953,-0.529684518988811,0.0013267016498957954,0.010474331745146717
25%,-0.15363169069524843,-0.08894239450919576,0.005532691724349047,3.987945251026229
50%,-0.03934874383311284,-0.0446425203941414,0.009165341014848637,17.79794736560512
75%,0.012276764440113351,0.029911202266656833,0.014859638792510755,40.835921485772985
max,0.06798693854593457,0.18766040842607376,0.029885184162592487,943.075273112221
