,X,Y,SPEED,CURVATURE
count,180.0,180.0,180.0,180.0
mean,1.0313522105420168,1.1929829656091637,0.008977076549029562,117.26717827559668
std,0.19933584832028886,0.11044035616286842,0.0048718442382719275,577.1469397639453
min,0.8224567343502193,1.0292051915048415,0.0003082642212010579,0.0028424448128342153
25%,0.8692164849891363,1.0854948198893242,0.005366286632927613,9.498297467830897
50%,0.9108605045418423,1.1951108015310026,0.008206264870245098,19.750413697509956
75%,1.2867016713457964,1.284608730632239,0.012194001411840011,39.7436423376599
max,1.37122214757706,1.382598856619052,0.01973598825516427,5994.396342045816
