,X,Y,SPEED,CURVATURE
count,180.0,180.0,180.0,180.0
mean,0.586003510106164,-0.23511125527522955,0.011639804725662745,49.56472288298576
std,0.12257656950229605,0.1751394190408497,0.006630059471896399,167.41603379243517
min,0.27089302990081926,-0.7175404780109722,0.000937671013971121,0.11299656120119549
25%,0.5106189381368722,-0.24575339833287085,0.006538482005964617,4.7000078229760085
50%,0.6159520151836315,-0.19682782512332414,0.01043352155967342,12.645284970802415
75%,0.6676680637955814,-0.12707497563042242,0.01624088498197103,33.465972159140705
max,0.7817666540230573,-0.039720669816612084,0.02726181693600181,1940.6516485142943
