,X,Y,SPEED,CURVATURE
count,420.0,420.0,420.0,420.0
mean,-0.5506512414265199,-3.6760907792723607,0.008621336032503903,59.98720000841292
std,0.1280723708097537,0.2931121215567965,0.004497750338224483,536.0674243141796
min,-0.7664841545408881,-4.033909651951126,0.000295383278664331,0.008165513661208112
25%,-0.6705205357237574,-3.8841859445608065,0.00528605753002119,0.8871823156269786
50%,-0.5412955932532793,-3.799552676974169,0.007996106317053116,2.266187060306958
75%,-0.44691001047402895,-3.4447950491561956,0.011610168388970958,7.670049904201206
max,-0.3461333456835319,-3.040642780970061,0.019870354751689596,7831.30664436258
