,X,Y,SPEED,CURVATURE
count,180.0,180.0,180.0,180.0
mean,0.2414199783872622,-0.5636434458694509,0.010563363010462136,93.13801463653319
std,0.1260428043465728,0.13700379706110713,0.006291911205004054,561.2288775614716
min,0.005142727340128652,-0.7801763544530805,0.0006769830433933158,0.11133138683017443
25%,0.14287472722853106,-0.6642789215748899,0.006523900026632639,4.338661335490494
50%,0.2503256778439559,-0.60622978253888,0.008853188583158906,13.929316881703869
75%,0.3651644672280939,-0.428292984639553,0.012994418341358133,38.85839034212846
max,0.4456706077962205,-0.3124006512396309,0.03276645709647265,6396.364458846096
