,X,Y,SPEED,CURVATURE
count,180.0,180.0,180.0,180.0
mean,-2.7417157197500117,0.34865159118759037,0.012952244299986508,44.25658373055259
std,0.2271210215633465,0.23632811334519707,0.006410842503269234,262.21128910130807
min,-2.97568872936402,-0.1067610456574358,0.0005672017453218392,0.1953006230519474
25%,-2.8900478028757792,0.14034923355365167,0.008399587291988232,3.270094448734871
50%,-2.806601385840932,0.40544925127323156,0.011564134540079839,8.71948353687649
75%,-2.711075400955896,0.5380019151442432,0.017787318967935374,21.779558848371536
max,-2.0129082180076976,0.7266531044327084,0.027150395035590195,3449.8342573611803
