,X,Y,SPEED,CURVATURE
count,180.0,180.0,180.0,180.0
mean,-0.07060282531380696,0.7974061573249964,0.01235519186509923,168.89223872123904
std,0.22419386018762932,0.24195118574734834,0.005998727659403948,1298.6810084351878
min,-0.5726519643650417,0.4043430086447573,0.00034277603351007057,0.01507491927678582
25%,-0.2493852254035549,0.6141081801553979,0.008104717998567093,3.6463367909643996
50%,-0.010564777512238926,0.7869946727464092,0.012324127221128495,8.709739152930226
75%,0.10073686158748311,0.9614237817759697,0.015703881336612678,18.379418539541177
max,0.22386123120379675,1.2093439030914621,0.025654710536264978,15981.017500878328
