,X,Y,SPEED,CURVATURE
count,180.0,180.0,180.0,180.0
mean,2.2415352279198353,1.3415981755678887,0.009519504640638493,53.58376368854952
std,0.20055980195896816,0.16663346103476775,0.0038835438110065203,195.2102782836262
min,1.7707033613941816,0.9750165789216805,0.0008479773032000852,0.013906005851411555
25%,2.183928313428854,1.230030505251551,0.006743649261842544,6.353778313762719
50%,2.3291979646792487,1.328726587850461,0.00920847059862724,16.02883104681436
75%,2.3801195595760927,1.5039573417733474,0.012252460538993972,40.51272464230581
max,2.447441259118009,1.5659822917006,0.020052990043149203,1906.8460067943238
