,X,Y,SPEED,CURVATURE
count,180.0,180.0,180.0,180.0
mean,-0.40340681333154793,-0.22255354691625212,0.01014619019078867,81.80041741041212
std,0.14685245799520416,0.2953304224727066,0.005394549062711418,262.5933201911098
min,-0.612396731140213,-0.6384046145679224,0.0009570775388706321,0.04888772273519757
25%,-0.524554181353481,-0.5217497470878047,0.005874545936491459,4.322429028971245
50%,-0.39809854862167354,-0.23508933027517356,0.009899152286516697,12.387440982808773
75%,-0.35628500833925697,0.018370244119137773,0.013287800308276984,35.049521971396786
max,-0.010066824837567368,0.2227047914851591,0.027640328062148455,2370.3580437467976
