,X,Y,SPEED,CURVATURE
count,180.0,180.0,180.0,180.0
mean,-0.6054289162650563,0.006935528113097862,0.0150289653680676,62.28924450339574
std,0.32160380671252814,0.3414313684779127,0.006956389791796744,478.61727406042434
min,-1.187457517744963,-0.4429613610027695,0.0005812137603504206,0.26699045603430127
25%,-0.9830874645460843,-0.30989531310686,0.009848074400673403,3.380632348808023
50%,-0.3987825339819927,-0.04394286490019743,0.014956443574863941,7.9230570799766635
75%,-0.3522115537788266,0.349283844786495,0.019305643000398866,14.868521144609282
max,-0.26451478423021985,0.512172651900114,0.03570675181115794,6333.089381034518
