,X,Y,SPEED,CURVATURE
count,180.0,180.0,180.0,180.0
mean,-1.290519878180564,-0.17106514927489375,0.01020438923967311,96.57239702999513
std,0.15174701849983824,0.11965046756306776,0.005082884047393082,681.1180746658514
min,-1.5146641513212253,-0.45225727591955917,0.0007402051402711807,0.017384407982751333
25%,-1.419855219270669,-0.2037845784539744,0.006505360181837386,4.067110709646272
50%,-1.3325191766918998,-0.14756545213693464,0.009638484765722512,10.288364415404335
75%,-1.1146453362363749,-0.1033509010672171,0.013530376335558083,37.78406392610239
max,-1.033847902071869,0.0223531469912239,0.027159387928262224,9037.877756402586
