,X,Y,SPEED,CURVATURE
count,180.0,180.0,180.0,180.0
mean,-0.38090593656239513,0.24089199745578282,0.011889984361161376,32.45466306862909
std,0.08639211538225285,0.2768963205281235,0.0065872230479358225,74.88076937260055
min,-0.5065038942310585,-0.2655193049529096,0.0017214012625894049,0.0754084208853685
25%,-0.45385209963497847,0.0009400384144020737,0.006983002586060949,3.5975474048060057
50%,-0.3869083343987449,0.2916681623106865,0.010478401792833124,10.614049761017048
75%,-0.331942126622511,0.4264963676991713,0.015065937660905844,27.623322308040734
max,-0.16117499281219036,0.7238286530972936,0.031067512010411875,690.415404612329
