,X,Y,SPEED,CURVATURE
count,180.0,180.0,180.0,180.0
mean,-1.0938514684824614,-0.6430654861108676,0.01205430308850162,26.322382209047348
std,0.2321325819846209,0.3412767133754278,0.005620702096482018,60.20273372397619
min,-1.3935914904956175,-1.0448491130299047,0.001995323075805332,0.05838342895683734
25%,-1.2638267871970195,-0.9173990423462519,0.0076401349291916505,4.777475300048618
50%,-1.1726809179208706,-0.8348898839753235,0.012114538255514763,9.07556108508711
75%,-0.9676370288750165,-0.20712575399685548,0.015150941181983082,21.09902450420667
max,-0.6328896588169686,-0.1069136179486397,0.025873046327588578,632.6031346153599
