,X,Y,SPEED,CURVATURE,ARCLENGTH
count,180.0,180.0,180.0,180.0,180.0
mean,0.09462777777777781,-1.3688799999999997,0.005237670779872153,211.0813531370101,15.08185636240709
std,0.1932217812928549,0.08705476693971087,0.003036371570564437,1538.244032593231,12.986449623647939
min,-0.1534,-1.469,0.00014142135623731355,0.10988014022619344,0.0
25%,-0.08410000000000001,-1.451275,0.0023597792919199225,3.3194017755707046,4.4004527612582836
50%,0.03125,-1.3831,0.005586782697525821,7.623252194557244,10.904644546628948
75%,0.32795,-1.30095,0.007734107244032977,36.30027178263954,23.94927465445177
max,0.35600000000000004,-1.2033,0.011591807451816993,20329.319959113152,45.17831055982259
