,X,Y,SPEED,CURVATURE
count,420.0,420.0,420.0,420.0
mean,-0.9879071531204108,-1.2660609760519823,0.008768846902955003,16.848658684933525
std,0.15907186645349358,0.22895274024176226,0.003944744267234954,47.94714343481703
min,-1.2500778599408644,-1.5732160934440498,0.0012140973196398243,0.013911276208549057
25%,-1.1108955916881191,-1.461569605451131,0.0059662237265884705,1.7390283785600937
50%,-0.9976137030298644,-1.307089206503893,0.008060160546673873,5.055466284823257
75%,-0.8811492232114335,-1.119533104139763,0.01063680950327873,12.619303873231544
max,-0.6504673554735375,-0.7431510759205677,0.020311349102969792,486.9472541955689
