,X,Y,SPEED,CURVATURE,ARCLENGTH
count,180.0,180.0,180.0,180.0,180.0
mean,0.22294444444444433,1.1478927777777779,0.005430409355984179,175.8888670052832,33.770713712486334
std,0.1120547607659048,0.08856163969665645,0.0031108323633824483,1849.656158300689,19.266652490893488
min,-0.0732,1.052,0.00014142135623729392,0.044514830024565445,0.0
25%,0.137525,1.078025,0.0028713084244777615,3.136498434569469,16.360658997416405
50%,0.23265000000000002,1.1118000000000001,0.005008195042394848,9.246256318464823,37.98304272729456
75%,0.325625,1.189625,0.006835290723108056,23.71563973094895,51.90287816626195
max,0.3638,1.3849,0.013994284547628653,24748.737341534837,57.47128903956149
