,X,Y,SPEED,CURVATURE
count,180.0,180.0,180.0,180.0
mean,0.9162139433261619,0.06243396276749236,0.011527668066315059,56.60708995236858
std,0.19600170828200666,0.1364601657875697,0.005102204893781828,470.7631605851793
min,0.5820559221290857,-0.16499270229617866,0.0007494905413362526,0.11358279840567116
25%,0.7532496075904875,-0.030180165794091926,0.008114157367531192,4.208937046125862
50%,0.9120658837953521,0.00669404959997157,0.010547502884433218,9.05618974786099
75%,1.0437073136515642,0.12637237156881814,0.014076028524136721,21.633101577488695
max,1.2297127425853327,0.36195773281678034,0.026738874759461108,6308.047346167949
