,X,Y,SPEED,CURVATURE
count,180.0,180.0,180.0,180.0
mean,1.2371345068899489,-0.12214102036604896,0.011869039461802395,46.26897334557799
std,0.22382466554345526,0.30572766083918507,0.005644103532137129,156.39433970802824
min,1.0019957445499383,-0.6148395492905815,0.0007866262834882649,0.012995742964658892
25%,1.0730656277438664,-0.38547862289114165,0.007504160544708138,4.02839534506546
50%,1.1546738447616431,-0.08452249757432377,0.011278030375926793,11.804918271443213
75%,1.2771899309147445,0.14860514150686366,0.016504136072548255,28.94658657899521
max,1.9092341108921758,0.3236610849095013,0.024268139178073564,1418.9019376190283
