,X,Y,SPEED,CURVATURE
count,180.0,180.0,180.0,180.0
mean,0.12661308411140784,-0.2970823240611224,0.010466005332088742,144.39181095536244
std,0.11004794612481943,0.32559181800261655,0.006539644506973539,1137.9653597878698
min,-0.11277335918306752,-0.8972795304761251,0.00048151924037157765,0.07713432668966985
25%,0.05836416578473161,-0.5028944657585684,0.005751257776570097,5.7095557702032895
50%,0.1400456362562808,-0.2550876019141771,0.009397836556675265,14.319345289140479
75%,0.2071289306231679,0.01152975998406794,0.012626610348827914,39.48509522578975
max,0.34165513730344615,0.10912315664225582,0.030199044212626584,15142.720517871354
