,X,Y,SPEED,CURVATURE,ARCLENGTH
count,180.0,180.0,180.0,180.0,180.0
mean,73.7375738888889,16.550988333333326,0.4981196924865251,0.3328186992770033,40.985192722068376
std,11.25075343168126,7.004556482901229,0.22506579397789708,0.7381507726917307,26.45505749228673
min,52.0617,3.8643,0.10486211184216879,0.0010856424784316588,0.0
25%,66.62342500000001,10.501850000000001,0.3563425614937092,0.03788507013946796,19.91827013571122
50%,74.4547,19.06505,0.4498540801502907,0.1176538567226546,37.63045645088388
75%,80.787425,22.342550000000003,0.6271133648332141,0.2528156873960485,62.34479551667671
max,91.91510000000001,25.396900000000002,1.112595695884179,6.468441347456953,89.40155952313866
