,X,Y,SPEED,CURVATURE
count,420.0,420.0,420.0,420.0
mean,1.1635291290447831,-0.4628225467885995,0.009919697245189076,35.47134260677491
std,0.21455445359111636,0.17927185692827005,0.0051486594852995825,176.67417442998362
min,0.7133401801082926,-0.800648703527177,0.00040927698482766655,0.00750015427828419
25%,0.9830851999200882,-0.5828726894236008,0.006289971260596536,1.2979709882838135
50%,1.1789824571381828,-0.49747152455048027,0.009125618348990613,3.6590293903448754
75%,1.3385141497085935,-0.37183379057060983,0.014329331052225804,11.95790182783481
max,1.514979222497417,-0.11864092023071604,0.02172123095144884,2388.6998453112224
