,X,Y,SPEED,CURVATURE,ARCLENGTH
count,180.0,180.0,180.0,180.0,180.0
mean,-0.12306555555555557,1.1573727777777785,0.004790534758992206,58.645933558859824,0.38159669574052446
std,0.1978474225402871,0.09551408087749223,0.0034009034374138185,258.8061883423051,0.3022563009918297
min,-0.3665,1.0372000000000001,0.00040311288741490714,0.0,0.0
25%,-0.30312500000000003,1.0589000000000002,0.0021982928049865402,3.2505062433927865,0.09320704582228326
50%,-0.21975,1.17165,0.0039975007807588215,8.11401882747772,0.2959239586530873
75%,0.08757500000000001,1.248625,0.006338646650355598,21.094499339702246,0.6831961361257458
max,0.169,1.3050000000000002,0.014561765002910888,2709.681894102754,0.8602910357844339
