,X,Y,SPEED,CURVATURE
count,420.0,420.0,420.0,420.0
mean,-0.09592344196237143,-0.5111784745675162,0.009525755129122265,135.49813656588128
std,0.2075933453469451,0.37570251478886346,0.006671699801368972,2292.266937210749
min,-0.5515561816444553,-0.8315407296054845,0.00012638614709604612,0.005429563258344048
25%,-0.2360748115317468,-0.7653014867390585,0.0039412274471800225,1.5450786364424798
50%,-0.001308624787051487,-0.7185368073158692,0.008206871961009322,5.5440261550485594
75%,0.05605686266030454,-0.31071665984603525,0.014524460137105306,14.942645083482613
max,0.1813727837394286,0.3303403030414365,0.024137800196043446,46984.930093587805
