,X,Y,SPEED,CURVATURE
count,180.0,180.0,180.0,180.0
mean,-1.9114919751608719,-0.21390761952428844,0.013762486488785163,50.0768707768514
std,0.39162733789271154,0.21559623891622023,0.007134651366976718,291.59136992940574
min,-2.310459082652989,-0.6232779169804006,0.0008675141589607214,0.003128275068999602
25%,-2.226049248656789,-0.4026427697787719,0.008747541150507151,2.9362826598849248
50%,-2.08560295909403,-0.15645420251352182,0.011893116743398494,7.082400594746796
75%,-1.6527733351363465,-0.03948066568641562,0.0178452093757732,22.179869258978023
max,-0.8961895296225088,0.088393336075155,0.029986442989772252,3816.621933792588
