,X,Y,SPEED,CURVATURE
count,180.0,180.0,180.0,180.0
mean,0.8800934409206452,-0.09469685495117383,0.012749576645621498,92.10759031889292
std,0.3124654483513351,0.29339896157504947,0.007901475916647605,359.89052413758293
min,0.16227263714619,-0.4277548082485907,0.0007476342728856785,0.024128315021730438
25%,0.6674256237552704,-0.3903222723367743,0.005829387491104653,3.3899473944513634
50%,0.9360075049801524,-0.16135904620235603,0.011865460448944657,10.501352603430856
75%,1.1888821496380444,0.15376265611056114,0.01813557437823634,37.7431770920036
max,1.3051830848026489,0.6492151759127742,0.032283124886188536,3872.29941341049
