,X,Y,SPEED,CURVATURE
count,180.0,180.0,180.0,180.0
mean,0.6333687982356888,0.6379831224271933,0.007632072818628854,771.0920074260061
std,0.14121778024989012,0.059673182069773005,0.0039857705574382835,9520.726712792639
min,0.4505778785354309,0.420615550336846,0.00014087778462508208,0.10454560576127081
25%,0.537741039126006,0.6286327429667009,0.004200270219189279,6.789736418015611
50%,0.6048599886700937,0.6496663101692122,0.008050963418696717,18.840226374852143
75%,0.6554745869456526,0.6728339303501248,0.01091285891655391,68.77855876994627
max,0.9837558996318178,0.7178234689668807,0.016808665459851286,127785.75439686545
