,X,Y,SPEED,CURVATURE
count,180.0,180.0,180.0,180.0
mean,-0.15261938120279075,1.2889593478242571,0.011712013570755861,74.56845431818421
std,0.177440885927252,0.3157626820361835,0.007838466909911825,325.8580591462808
min,-0.36219704064816083,0.7564688968712663,0.000565172589353177,0.2514839909806569
25%,-0.2904356171450246,0.9905904080172623,0.006090311106335958,4.056899015491032
50%,-0.22331466604533484,1.5125491299255258,0.009520200561099972,11.538813173883286
75%,0.015378015401753414,1.5644811120169184,0.015972403005410356,35.457159263350114
max,0.17156608810468,1.6381004641128802,0.031869244618209856,4095.8026810694805
