,X,Y,SPEED,CURVATURE
count,180.0,180.0,180.0,180.0
mean,-0.07704405411462421,1.3836128803010985,0.011975760973352186,60.34300093701217
std,0.49743004983765204,0.0951070574916865,0.0067497939521921025,298.7342633933284
min,-0.5340665570247873,1.0634261914901957,0.0006062119940178358,0.11887488872269933
25%,-0.47032873678721776,1.3463670384690136,0.006917400913968447,3.1166212072158945
50%,-0.4292106129594251,1.3787824118069958,0.010533354489579008,11.32924879730282
75%,0.4425048886472666,1.4603288923531752,0.016813942221991552,33.492326130479285
max,0.7916097353682556,1.535306072395908,0.029300515847037155,3807.047893989349
