,X,Y,SPEED,CURVATURE
count,180.0,180.0,180.0,180.0
mean,-0.9285006439109996,-0.14521714791491533,0.012307471859996338,47.38332839757411
std,0.5323819941893625,0.14263293583546025,0.005834095107066233,146.38030464671976
min,-1.540418551640437,-0.37422411878147427,0.0013800792893528455,0.03426589021429535
25%,-1.410524101105224,-0.28786852477615554,0.007814077717272848,2.700689609071111
50%,-1.0687643823822215,-0.09229629177032955,0.012446691898040138,7.396136811541621
75%,-0.4526526503784961,-0.05071254524742445,0.01716122061159736,19.69413036126367
max,0.005834666007395535,0.17261803514047086,0.024323681194557214,1455.8362235115812
