,X,Y,SPEED,CURVATURE
count,180.0,180.0,180.0,180.0
mean,-1.340776849221448,-0.425919125933286,0.010355634675573704,68.70627450423886
std,0.07388966405912603,0.1974087260755388,0.005192265597757243,308.69955519364675
min,-1.5106811002036344,-0.6882363552585657,0.0006315079428557997,0.29063791904395236
25%,-1.3727658829601463,-0.6158582532190703,0.0066318406779521215,5.294326917552173
50%,-1.3429443078086378,-0.4862389857315671,0.009777863273302687,15.722823706745888
75%,-1.3106195281244375,-0.25630565492785506,0.013988532292861126,34.48795176651272
max,-1.154875138782044,-0.04808946467646004,0.022264213178335185,3062.539686271739
