,X,Y,SPEED,CURVATURE
count,420.0,420.0,420.0,420.0
mean,-0.7496505898722634,1.5117011326735252,0.01118998164417954,12.070477136809394
std,0.25013628799976334,0.36228294199765776,0.003712227408695117,58.41684383537817
min,-1.2647420120670612,0.815443649266166,0.0010660190728057728,0.03276686116427502
25%,-0.9450781477011414,1.247738632885807,0.009047885654449103,1.4426829484605164
50%,-0.6859581147998911,1.5267866734034947,0.01095436149643569,3.6442674446896426
75%,-0.5888638197316147,1.872179683704604,0.01415755599056654,6.1646957279499235
max,-0.3430357334005686,2.015929892984345,0.01778317499650911,931.8960338338018
