,X,Y,SPEED,CURVATURE
count,180.0,180.0,180.0,180.0
mean,-1.7708117953241889,-0.6944624109529249,0.009572705646920003,55.58953189004218
std,0.07883694710365549,0.21416063896517584,0.004742177551147754,133.21428125378728
min,-1.8927958277573271,-1.14438592030436,0.0013713315620577364,0.006092407275778217
25%,-1.8375659917590905,-0.9223634805691239,0.0059210138083678615,5.0259472965789325
50%,-1.7695440184331663,-0.5595247051177452,0.008802877836793814,17.33364173705702
75%,-1.7094522667802778,-0.535735634285436,0.012474946076962805,48.6529597085753
max,-1.5498720153894,-0.5080961115495577,0.023459937221066006,1342.7324953970472
