,X,Y,SPEED,CURVATURE,ARCLENGTH
count,180.0,180.0,180.0,180.0,180.0
mean,23.41623611111113,112.67295999999996,0.06658870350889828,0.5005982688365783,4.807780723580536
std,2.460761004918108,2.4256960539170676,0.023713686345985766,1.2287005576677834,3.6084413853313024
min,19.6534,110.3619,0.015448705447381987,0.025105607817269376,0.0
25%,21.0955,110.493375,0.05152504917869327,0.09608197887534889,1.503540835027883
50%,23.49485,111.7206,0.07340119043672633,0.16576946969372844,4.244888427247181
75%,25.8213,114.50890000000001,0.08306941674699943,0.21689595571263065,7.886099477678308
max,26.8438,118.3542,0.11527293698002303,7.223978134264733,11.920852459055531
