,X,Y,SPEED,CURVATURE
count,420.0,420.0,420.0,420.0
mean,-1.174556599799501,-0.992618244751866,0.010111552411928104,21.88825924837141
std,0.3443721300424679,0.11436671397141882,0.004641232340182355,110.9165507545829
min,-1.7551583138708822,-1.220933540411314,0.0003331583047508983,0.01203188719707612
25%,-1.5017972237571344,-1.0599360778079654,0.0065652444288108736,0.9997852422670892
50%,-1.2222243318110366,-0.9995185148546929,0.010040223378189665,3.1536015635015398
75%,-0.8631318477541227,-0.9065754044993953,0.013132395782680011,12.074276612370602
max,-0.6081852999838332,-0.7715843146199385,0.02039305785758035,1427.786696434042
