,X,Y,SPEED,CURVATURE
count,180.0,180.0,180.0,180.0
mean,0.745337225010914,1.5087071192563122,0.011476200390183764,22.385725174293896
std,0.13427181771756974,0.23645997120179937,0.004998719366658119,39.29932667328504
min,0.5142846062494301,1.018724235900426,0.001849268847714557,0.0782202608265639
25%,0.6275498931657018,1.3468795999797676,0.007868570247972193,3.7694432860675855
50%,0.7607270704908484,1.4875476767918792,0.010685294660012959,10.853573424160079
75%,0.8497908224479318,1.7286879013742502,0.014232569937575974,23.306763237030076
max,0.9789240414933733,1.8350668792173983,0.02471985200084016,350.75188351643516
