,X,Y,SPEED,CURVATURE
count,180.0,180.0,180.0,180.0
mean,0.48127575628076236,0.6337242687525145,0.013604399455326543,126.18530127994768
std,0.33565053654945504,0.24402706640945618,0.00728676905228687,1257.239953370065
min,0.003372672578600917,0.2899482198883454,0.0004686986359234768,0.02770759652014866
25%,0.19489699527335297,0.34433715528290426,0.0075725028780039465,2.3350454011518154
50%,0.37977198571674986,0.5904122516000594,0.01286813362425706,5.8657748793885105
75%,0.8080545603872411,0.8801556095762515,0.018643447635660962,17.079085015873588
max,0.9859268227189217,0.9987129086563884,0.03192089073731078,16828.91549417222
