,X,Y,SPEED,CURVATURE
count,180.0,180.0,180.0,180.0
mean,-0.7216518345205876,-1.6099226721114241,0.012545317432328952,275.7549675556344
std,0.32127080324153323,0.24690572033893005,0.006488964993935033,2506.503777797753
min,-1.0601391544098935,-2.0654414811278956,0.0002586620517813106,0.02339167771131547
25%,-0.9512410872066281,-1.8108163196966964,0.007344542019092563,2.739497444903721
50%,-0.8434204557345939,-1.5163390987744334,0.011863045675761925,6.52027838638945
75%,-0.5717095462270785,-1.4074016429821938,0.016879659963533446,21.316471266273943
max,0.008201276529190395,-1.3202647823389078,0.02866458069953182,32469.780278490718
