,X,Y,SPEED,CURVATURE
count,180.0,180.0,180.0,180.0
mean,1.4862892927164375,0.992827950730559,0.013207953849665123,143.69578237801113
std,0.29180967838902994,0.0963751357326301,0.0068366229787646116,1157.7079035754232
min,1.0267950607578014,0.8575541641596777,0.000329510115509429,0.004915963714969994
25%,1.2977631466598178,0.9061518690816702,0.007604466168625016,3.2672700220941002
50%,1.4018297537228595,0.9601578592058072,0.013449076652728199,7.757262993671044
75%,1.7752592274843941,1.081809192149062,0.018049384177787203,22.223659998112428
max,1.972328634579215,1.1852830741630829,0.026600806962774157,15092.10393545196
