,X,Y,SPEED,CURVATURE
count,180.0,180.0,180.0,180.0
mean,-2.5260822762792237,-0.2655221415759598,0.010998761383832864,45.25519754277427
std,0.16958180659391703,0.08695604039649284,0.005354386813477948,122.18739974666546
min,-2.8441107877306915,-0.4427814270665633,0.0013902814359097566,0.1988358293830841
25%,-2.611801065931905,-0.3308372534379141,0.007152868397790172,4.132771887251597
50%,-2.563696373573114,-0.25742400787059805,0.010276982156155256,13.671794631828465
75%,-2.429312198770162,-0.21017259400111293,0.014167369549718492,34.83435559895191
max,-2.0137179066664235,-0.0643471041506477,0.02665631916467034,1172.483556796371
