,X,Y,SPEED,CURVATURE
count,180.0,180.0,180.0,180.0
mean,0.21504333199181924,-0.41116136336080794,0.012403336827678291,191.38263887971968
std,0.41579281286677666,0.11687176455506405,0.008229013996967868,2127.934772309634
min,-0.24211675066485275,-0.5636907192013867,0.00037181532826637085,0.024499646386442708
25%,-0.13149040005963167,-0.468368980369229,0.006515084415060454,3.3067843001503774
50%,-0.04137130805599562,-0.44565912825628196,0.010016903670914836,11.935158575523207
75%,0.5912278693557067,-0.3933739126002593,0.01663685498602968,27.767448706522384
max,1.0874188537840255,0.05279072648948098,0.0341577186861939,28566.163357310783
