,X,Y,SPEED,CURVATURE
count,180.0,180.0,180.0,180.0
mean,-1.1955932800878772,1.9648156161362824,0.010484403125119604,41.180509975438355
std,0.17790575828978614,0.16540378734859107,0.005659677115176695,81.98262464161941
min,-1.4329203400733146,1.7054252355273805,0.001765008405485833,0.020615309995777112
25%,-1.3729650996325955,1.8783570347490763,0.006022578282432936,5.6914580994636
50%,-1.1647329270086346,1.95979928802639,0.008959575653047915,14.110217188018375
75%,-1.059827775169878,2.021636513647033,0.014943722883881641,40.185010211332006
max,-0.7953453791640469,2.328433296602498,0.02757627095454801,798.7072222202419
