,X,Y,SPEED,CURVATURE
count,180.0,180.0,180.0,180.0
mean,2.0674492529383794,-0.9943094165553574,0.012086062733989949,23.78953155169814
std,0.20048873570816605,0.2815425852143475,0.005580413365727761,67.43022747141359
min,1.6396770844775723,-1.429492820714974,0.0011445985692553674,0.039571907793384924
25%,1.930262626872198,-1.3544797132000175,0.008187341485832209,3.9655936988109484
50%,2.1337946993573866,-0.9164624229011845,0.011235587162299467,10.495900964922281
75%,2.2172475990347307,-0.7536480125060208,0.014915638874105776,23.41689020247454
max,2.373586362118685,-0.591713285094234,0.026977633214401216,644.4488190649901
