,X,Y,SPEED,CURVATURE,ARCLENGTH
count,180.0,180.0,180.0,180.0,180.0
mean,-46.992365,48.30532944444447,0.36297331379700204,11.646237189363523,37.23804889195515
std,6.329375129399144,1.9775232961696168,0.24539992393355217,141.84374477251103,18.175957286012085
min,-57.999500000000005,45.625600000000006,0.005820867632920592,0.0022256168135965588,0.0
25%,-49.33225,46.62615,0.139253350104692,0.02003964369764289,25.83815015277041
50%,-47.82195,47.7038,0.363496696220721,0.07104296108355604,42.58189983381217
75%,-42.69205,50.0421,0.46459557168359833,0.6230760397693951,51.45423366355914
max,-32.7381,51.745200000000004,1.0572380290171184,1903.6453675567632,65.14062392021275
