,X,Y,SPEED,CURVATURE
count,420.0,420.0,420.0,420.0
mean,-1.182487215388937,0.5458267411819698,0.009581943435190195,21.768226019499107
std,0.1362680194440757,0.3672680677579309,0.004515922947476975,125.07805139352337
min,-1.4383920493717532,0.1093554730904547,0.0005724885712543786,0.017606139391682506
25%,-1.2800862996601137,0.24742581497503602,0.005341772511455116,1.2753804025745414
50%,-1.202580691265103,0.36301755828831667,0.00975649237462134,2.8959605659256837
75%,-1.0676668894174632,0.8580741366194142,0.01353719508521847,5.710953246959183
max,-0.9252966338832425,1.2550433011794802,0.01756240817793423,2155.5335694225896
