,X,Y,SPEED,CURVATURE
count,180.0,180.0,180.0,180.0
mean,-0.5611103065878759,-0.47013817455116425,0.010377847374756386,27.333038541487838
std,0.09647247900391079,0.23530865867279316,0.0040712670320462024,53.11221903317808
min,-0.7339585210705364,-0.8124296605147302,0.002538697721766374,0.09072275973255822
25%,-0.6388120118947698,-0.6585229396059584,0.007253005082534285,4.729031791793991
50%,-0.5615793245239649,-0.5408641909883485,0.009359203535795838,12.59318578885361
75%,-0.49662418982951645,-0.24882221599744697,0.0132600989152265,28.262086528571032
max,-0.30941301136164917,0.026552442873482466,0.022128469088675447,464.06094227084407
