,X,Y,SPEED,CURVATURE
count,180.0,180.0,180.0,180.0
mean,0.24728336615042154,0.14239363644555347,0.011596027212504956,34.24475405721434
std,0.22420360365384476,0.1155590999875976,0.0052397542100586225,101.90858238554846
min,-0.11960129919532556,-0.07517429151854564,0.0012292993906886647,0.023485841889985152
25%,0.09283657072547623,0.0598009412152022,0.008266443943406919,4.120165422166754
50%,0.2478462190625142,0.1335194179067095,0.011305160587599358,9.534871291805583
75%,0.394821597285262,0.24343269559344144,0.013852481067539734,19.166583975368948
max,0.6372276209752898,0.3372304693413339,0.023412237671135646,839.0791419260903
