,X,Y,SPEED,CURVATURE
count,180.0,180.0,180.0,180.0
mean,0.825965024550545,-0.23625428371342544,0.008932227412921424,141.38157889157543
std,0.25912979938633035,0.11815467301331972,0.005434161918655827,447.9117572033862
min,0.4201123052540612,-0.46608310199605524,0.0003047585563742487,0.0766162954428354
25%,0.5716233721829326,-0.30861509592710834,0.005009870568319372,8.060548710568549
50%,0.8860148419911681,-0.1961993833913304,0.007876849603081496,21.884018479037877
75%,1.068600976274607,-0.1538294012783969,0.01267833513244193,73.53688644786504
max,1.1557108473719584,-0.0778377913532093,0.023667020534038515,3319.557252763035
