,X,Y,SPEED,CURVATURE
count,180.0,180.0,180.0,180.0
mean,2.161083379197084,2.6832476298261407,0.013354698387580615,42.56077387024927
std,0.2596456397416192,0.2082441417596403,0.006761462388794574,157.79953857693712
min,1.617402834595096,2.3498294073350046,0.0011417687095335806,0.06752993121100517
25%,2.076291196640436,2.5009783353333352,0.007606576204090801,2.317334986959959
50%,2.273391979197724,2.615857860395068,0.013524773638520941,6.908033598371052
75%,2.3367087920251537,2.8460337750795177,0.017799525122391635,22.782150455127542
max,2.431594934426867,3.0681986409915365,0.030374929200407418,1952.083025067976
