,X,Y,SPEED,CURVATURE
count,180.0,180.0,180.0,180.0
mean,-0.7747017869917855,-0.10196448198617977,0.007273379106692393,116.58640020840664
std,0.1221687853155837,0.138447753550254,0.0042399210782417375,378.5583776410667
min,-0.980012440210727,-0.23885891061846412,0.00023732647049318057,0.028426641685665256
25%,-0.8665906408293748,-0.2092984301355701,0.0036966819795471477,8.590340981739121
50%,-0.7895395728679676,-0.15179247253724742,0.007430959570943713,23.946082774319112
75%,-0.6480840190133084,-0.07120616972623751,0.01018673783504117,69.71191538001882
max,-0.5947155788905188,0.1970845867508133,0.020192000535583905,3669.342667313161
