,X,Y,SPEED,CURVATURE,ARCLENGTH
count,180.0,180.0,180.0,180.0,180.0
mean,-1.5196333333333323,0.6967205555555555,0.007013119158364927,13.610734642367849,0.585213302016058
std,0.16575949630270098,0.12108302737891347,0.001822031128739998,29.40049933064508,0.36291184598794995
min,-1.7533,0.43410000000000004,0.0016155494421403278,0.10499854420059254,0.0
25%,-1.675375,0.621175,0.005901260763307816,2.950013477000828,0.24826047914640859
50%,-1.4975,0.6718500000000001,0.00733111430682246,7.053470517840142,0.573150266017334
75%,-1.3658000000000001,0.807,0.008192029691166825,14.307033624259564,0.8934868641217582
max,-1.2666000000000002,0.8871,0.009899494936611596,270.3610287635273,1.254223544363807
