,X,Y,SPEED,CURVATURE
count,420.0,420.0,420.0,420.0
mean,-0.09225645220080522,1.7290660241859694,0.011172372182294362,18.087317333105545
std,0.3617011784568632,0.38423994405907513,0.005159025992927104,84.92143792075689
min,-0.8547070443753062,1.201032919014483,0.0007876395155106104,0.0035160427871349207
25%,-0.40018817543199103,1.4174121302898208,0.007674997900699855,1.7658784963302674
50%,0.045856315341250634,1.596119800718275,0.010487565804396831,2.764848111632435
75%,0.2064627962867689,2.0700432655907433,0.015490246942333386,5.759271355417161
max,0.3220844333894581,2.4259075626675117,0.020323549314700477,967.4589723642684
