,X,Y,SPEED,CURVATURE
count,180.0,180.0,180.0,180.0
mean,1.223440340474784,-0.7796159560379039,0.01298037306298141,110.66336042693231
std,0.12263502234485509,0.2064297055611679,0.004597210675767324,1236.65710389405
min,1.0745175200332622,-1.1162430001300783,0.0003803006127909759,0.03758617814028837
25%,1.1287171297174488,-0.9495659956230567,0.009788120149921337,3.5009087400442356
50%,1.186157934531962,-0.7768679166844213,0.013020536255100787,7.6844562170635236
75%,1.3412384860453919,-0.6376959731674525,0.015993117387547617,16.494999406409455
max,1.4782558129790633,-0.21517002832713886,0.024704800596189763,16601.28567668342
