,X,Y,SPEED,CURVATURE
count,180.0,180.0,180.0,180.0
mean,1.2028294220360145,-0.862850165728005,0.013435266460418852,38.58927449915982
std,0.10146348067003776,0.24565081503234557,0.006813297291209834,113.85887588055377
min,1.034078929619828,-1.220842018713861,0.0014534976540080524,0.004696372874278106
25%,1.1260231871935154,-1.0855732310785506,0.008256610314532242,2.9263777801819795
50%,1.1908941288616752,-0.8092027532006705,0.01300000950598424,7.301153349853414
75%,1.2573445234935567,-0.6896217272477216,0.01766407869570872,24.866531753666493
max,1.4604357231722818,-0.4484577939963392,0.03362029299485268,1039.1023059251113
