,X,Y,SPEED,CURVATURE
count,180.0,180.0,180.0,180.0
mean,1.3958427157813567,-1.4361189623548758,0.00939230764648834,88.07746658723217
std,0.17790335849611466,0.26312618883424943,0.004539325429767543,330.7580847552028
min,1.2118964515350916,-1.7638059583773786,0.0004658228942137241,0.09382862889379857
25%,1.2672386200259111,-1.6660195265966231,0.0060277285745417315,6.867095342811527
50%,1.2941690223360203,-1.4380671480459368,0.009236251276221255,15.256627700662571
75%,1.5554112652393495,-1.2753192503201756,0.012660372930831838,36.78162644503501
max,1.7556830324280788,-0.8777909113490149,0.0225346213111835,2786.3299213508626
