,X,Y,SPEED,CURVATURE
count,180.0,180.0,180.0,180.0
mean,-1.1901516467849163,0.9899224375716706,0.008954815233866773,127.93320021872333
std,0.1393494796989308,0.1690030104096005,0.0063512525467059044,605.8822239281219
min,-1.423900495355738,0.8625129441794703,0.0003037780996296858,0.060905054790974
25%,-1.3157184071477002,0.8778249743877717,0.004772540744187297,6.811711601301466
50%,-1.1565787185261645,0.9120090768765525,0.0072163676619851555,24.698341150673215
75%,-1.1181632581504624,0.9806962279766686,0.010812154613268104,71.86775367472936
max,-0.9054323728284361,1.4330769113840582,0.03199413158086501,7635.707098229618
