,X,Y,SPEED,CURVATURE
count,180.0,180.0,180.0,180.0
mean,-1.4900137453400015,0.14083565808635834,0.011963880414964564,57.17838673306355
std,0.17841269060043702,0.21510455031509412,0.005843117551595211,292.03841473351645
min,-1.7183355676989895,-0.1487900039958226,0.0007631471043078875,0.00026252828050848286
25%,-1.6564320587461048,-0.02194710481236257,0.007749291494121767,4.309317829585767
50%,-1.5107796287442716,0.1060331313231496,0.01148167926711746,8.622421489362363
75%,-1.3337371179833,0.22709969972487626,0.015080151814149612,23.294273806160444
max,-1.196277081658664,0.5932069548931534,0.0329432082212466,3275.831327941987
