,X,Y,SPEED,CURVATURE
count,180.0,180.0,180.0,180.0
mean,1.608388237774445,1.3969299686431091,0.01503037620563385,28.99455527878299
std,0.6483814663371642,0.37026954155538333,0.007362377985310985,104.97341165805328
min,0.7844635627679677,0.6167083797572543,0.0007152931893654058,0.0024612758780412354
25%,0.9040272750800803,1.0420554466103484,0.00910554263377954,2.1987115258711927
50%,1.6059331775188497,1.623229011118449,0.014470535408330222,5.762026707525278
75%,2.255672941771848,1.6922856053019986,0.021633017845904285,22.109456136178213
max,2.5448446706771746,1.748845167211321,0.033343716937085086,1288.0421126115366
