,X,Y,SPEED,CURVATURE
count,180.0,180.0,180.0,180.0
mean,0.7683862699334411,-0.25848863830699115,0.014133854773661556,24.79884394715764
std,0.3066832348723717,0.13961592555058158,0.005965740190475827,127.0349250054782
min,0.38038097343059757,-0.5722440922110124,0.0017769752235437062,0.006369692367137136
25%,0.4571459471074867,-0.3398682328734052,0.010048932939559083,2.829133952814882
50%,0.7109914076095396,-0.2325900502807831,0.0135257486694365,6.617455046906988
75%,1.0113116567083487,-0.14456908116387274,0.01813559790228738,13.958846495845092
max,1.5006108241561833,-0.07405876979581677,0.030350708987605186,1640.9596222307537
