,X,Y,SPEED,CURVATURE
count,180.0,180.0,180.0,180.0
mean,0.506349400416239,-0.1385480865954625,0.01101135683274716,87.11844821958418
std,0.1739269653708601,0.278612850079631,0.0058404971937602,410.3233960404975
min,0.22451953758158907,-0.43227904890074487,0.0009070969521947877,0.28837168166508254
25%,0.4051324285599214,-0.34661363391482936,0.0064457360422267695,4.651206892553562
50%,0.4766848518462316,-0.26481770980955033,0.010672233571962609,10.749202837416455
75%,0.54427321044544,0.011214757749173264,0.014915110954917975,29.894279632033097
max,0.9134507351396303,0.4868939795475458,0.02395563604158835,4661.861789518142
