,X,Y,SPEED,CURVATURE,ARCLENGTH
count,180.0,180.0,180.0,180.0,180.0
mean,18.728892222222218,28.9919161111111,0.40407993017861943,6.16732980535285,30.84686628598789
std,1.5794881360056945,8.301361942881554,0.268955765010863,62.674181749901194,20.921937236079334
min,15.7131,15.569,0.009437160589924285,0.0006118777832389357,0.0
25%,17.526175000000002,21.8147,0.20172943234237573,0.03661161886250849,15.646555332857728
50%,18.4769,28.435000000000002,0.3719589853965475,0.10545093251257623,27.1287966266923
75%,20.119775000000004,36.27875,0.5077721623954362,0.555060620261166,43.41303886680342
max,21.318,44.2834,1.2621112441064777,835.0352289672794,72.66258425638321
