,X,Y,SPEED,CURVATURE
count,180.0,180.0,180.0,180.0
mean,0.34417671318420684,-1.3147947284029369,0.01475357946624307,30.113063235313348
std,0.45793303965811216,0.30434150924249914,0.007680268005152774,144.8264779135887
min,-0.26524332887654667,-1.7257232071534012,0.0009637544067448923,0.10883798608984926
25%,-0.09546671486701655,-1.5862287610026637,0.009089064398449533,1.8224520999481661
50%,0.2661153075420861,-1.4101887109865439,0.01339121082664636,6.838507674394197
75%,0.7369616369971413,-1.0132389294002992,0.019612299991931006,22.000857897401126
max,1.0842952317684391,-0.7783962244403096,0.038290310275962976,1903.4475566707451
