,X,Y,SPEED,CURVATURE
count,180.0,180.0,180.0,180.0
mean,1.6274873599197284,-1.0312808734095844,0.009113039773666358,66.49699220373279
std,0.09706184933528922,0.24138726010441497,0.005059277113594376,290.6811000255693
min,1.455937148937408,-1.4731687268135185,0.0009522983182842207,0.334522883771731
25%,1.5475964694077287,-1.30018359224171,0.005253798454633909,5.128969019915868
50%,1.6387476980780327,-0.9744939269883324,0.00829783804672503,14.377545877595196
75%,1.6962633423425784,-0.8091331725889044,0.011250258785437887,43.0851965923347
max,1.7960536859403515,-0.7366757059663557,0.02311600007734233,3770.0633620495655
